site_i_enzyme,site_ii_enzyme,site_iii_enzyme,site_i_ovhg,site_ii_ovhg,site_iii_ovhg,pGEX-4T-1_compatible,pMAL-c5X_compatible,pET-21a(+)_compatible,pET-28a(+)_compatible,pET-28a(+)_start_codon_compatible,pCold_I_compatible,pUC18_compatible,pQE-3_compatible
AatII,AflII,BsaI,4,-4,-4,False,False,False,True,True,False,False,False
AatII,AflII,BseRI,4,-4,2,False,True,True,True,True,True,False,False
AatII,AflII,BsmI,4,-4,2,False,False,True,False,False,False,False,False
AatII,AflII,BspMI,4,-4,-4,False,False,True,True,True,True,False,False
AatII,AflII,SapI,4,-4,-3,False,False,False,False,False,True,False,False
AatII,AgeI,BsaI,4,-4,-4,False,False,False,True,True,False,False,False
AatII,AgeI,BseRI,4,-4,2,False,True,True,True,True,True,False,False
AatII,AgeI,BsmI,4,-4,2,False,False,True,False,False,False,False,False
AatII,AgeI,BspMI,4,-4,-4,False,False,True,True,True,True,False,False
AatII,AgeI,SapI,4,-4,-3,False,False,False,False,False,True,False,False
AatII,AscI,BsaI,4,-4,-4,False,False,False,True,True,False,False,False
AatII,AscI,BseRI,4,-4,2,False,True,True,True,True,True,False,False
AatII,AscI,BsmI,4,-4,2,False,False,True,False,False,False,False,False
AatII,AscI,BspMI,4,-4,-4,False,False,True,True,True,True,False,False
AatII,AscI,SapI,4,-4,-3,False,False,False,False,False,True,False,False
AatII,AvrII,BsaI,4,-4,-4,False,False,False,True,True,False,False,False
AatII,AvrII,BseRI,4,-4,2,False,True,True,True,True,True,False,False
AatII,AvrII,BsmI,4,-4,2,False,False,True,False,False,False,False,False
AatII,AvrII,BspMI,4,-4,-4,False,False,True,True,True,True,False,False
AatII,AvrII,SapI,4,-4,-3,False,False,False,False,False,True,False,False
AatII,BglII,BseRI,4,-4,2,False,False,False,False,False,True,False,False
AatII,BglII,BspMI,4,-4,-4,False,False,False,False,False,True,False,False
AatII,BglII,SapI,4,-4,-3,False,False,False,False,False,True,False,False
AatII,BsiWI,BsaI,4,-4,-4,False,False,False,True,True,False,False,False
AatII,BsiWI,BseRI,4,-4,2,False,False,True,True,True,True,False,False
AatII,BsiWI,BsmI,4,-4,2,False,False,True,False,False,False,False,False
AatII,BsiWI,BspMI,4,-4,-4,False,False,True,True,True,True,False,False
AatII,BsiWI,SapI,4,-4,-3,False,False,False,False,False,True,False,False
AatII,BspEI,BseRI,4,-4,2,False,False,False,False,False,True,False,False
AatII,BspEI,BspMI,4,-4,-4,False,False,False,False,False,True,False,False
AatII,BspEI,SapI,4,-4,-3,False,False,False,False,False,True,False,False
AatII,BsrGI,BsaI,4,-4,-4,False,False,False,True,True,False,False,False
AatII,BsrGI,BseRI,4,-4,2,False,True,True,True,True,True,False,False
AatII,BsrGI,BsmI,4,-4,2,False,False,True,False,False,False,False,False
AatII,BsrGI,BspMI,4,-4,-4,False,False,True,True,True,True,False,False
AatII,BsrGI,SapI,4,-4,-3,False,False,False,False,False,True,False,False
AatII,EcoRI,BsaI,4,-4,-4,False,False,False,True,True,False,False,False
AatII,EcoRI,BseRI,4,-4,2,False,True,True,True,True,True,False,False
AatII,EcoRI,BsmI,4,-4,2,False,False,True,False,False,False,False,False
AatII,EcoRI,BspMI,4,-4,-4,False,False,True,True,True,True,False,False
AatII,EcoRI,SapI,4,-4,-3,False,False,False,False,False,True,False,False
AatII,HindIII,BsaI,4,-4,-4,False,False,False,True,True,False,False,False
AatII,HindIII,BseRI,4,-4,2,False,True,True,True,True,True,False,False
AatII,HindIII,BsmI,4,-4,2,False,False,True,False,False,False,False,False
AatII,HindIII,BspMI,4,-4,-4,False,False,True,True,True,True,False,False
AatII,HindIII,SapI,4,-4,-3,False,False,False,False,False,True,False,False
AatII,NcoI,BsaI,4,-4,-4,False,False,False,False,True,False,False,False
AatII,NcoI,BseRI,4,-4,2,False,True,True,False,True,True,False,False
AatII,NcoI,BsmI,4,-4,2,False,False,True,False,False,False,False,False
AatII,NcoI,BspMI,4,-4,-4,False,False,True,False,True,True,False,False
AatII,NcoI,SapI,4,-4,-3,False,False,False,False,False,True,False,False
AatII,NheI,BsaI,4,-4,-4,False,False,False,False,True,False,False,False
AatII,NheI,BseRI,4,-4,2,False,True,True,False,True,False,False,False
AatII,NheI,BsmI,4,-4,2,False,False,True,False,False,False,False,False
AatII,NheI,BspMI,4,-4,-4,False,False,True,False,True,False,False,False
AatII,NotI,BsaI,4,-4,-4,False,False,False,True,True,False,False,False
AatII,NotI,BseRI,4,-4,2,False,True,True,True,True,True,False,False
AatII,NotI,BsmI,4,-4,2,False,False,True,False,False,False,False,False
AatII,NotI,BspMI,4,-4,-4,False,False,True,True,True,True,False,False
AatII,NotI,SapI,4,-4,-3,False,False,False,False,False,True,False,False
AatII,PacI,BsaI,4,2,-4,False,False,False,True,True,False,False,False
AatII,PacI,BseRI,4,2,2,False,True,True,True,True,True,False,False
AatII,PacI,BsmI,4,2,2,False,False,True,False,False,False,False,False
AatII,PacI,BspMI,4,2,-4,False,False,True,True,True,True,False,False
AatII,PacI,SapI,4,2,-3,False,False,False,False,False,True,False,False
AatII,PciI,BseRI,4,-4,2,False,False,False,False,False,True,False,False
AatII,PciI,BspMI,4,-4,-4,False,False,False,False,False,True,False,False
AatII,PciI,SapI,4,-4,-3,False,False,False,False,False,True,False,False
AatII,SacII,BsaI,4,2,-4,False,False,False,True,True,False,False,False
AatII,SacII,BseRI,4,2,2,False,True,True,True,True,True,False,False
AatII,SacII,BsmI,4,2,2,False,False,True,False,False,False,False,False
AatII,SacII,BspMI,4,2,-4,False,False,True,True,True,True,False,False
AatII,SacII,SapI,4,2,-3,False,False,False,False,False,True,False,False
AatII,SalI,BsaI,4,-4,-4,False,False,False,True,True,False,False,False
AatII,SalI,BseRI,4,-4,2,False,True,True,True,True,True,False,False
AatII,SalI,BsmI,4,-4,2,False,False,True,False,False,False,False,False
AatII,SalI,BspMI,4,-4,-4,False,False,True,True,True,True,False,False
AatII,SalI,SapI,4,-4,-3,False,False,False,False,False,True,False,False
AatII,SpeI,BsaI,4,-4,-4,False,False,False,True,True,False,False,False
AatII,SpeI,BseRI,4,-4,2,False,True,True,True,True,True,False,False
AatII,SpeI,BsmI,4,-4,2,False,False,True,False,False,False,False,False
AatII,SpeI,BspMI,4,-4,-4,False,False,True,True,True,True,False,False
AatII,SpeI,SapI,4,-4,-3,False,False,False,False,False,True,False,False
AatII,XbaI,BseRI,4,-4,2,False,True,False,False,False,True,False,False
AatII,XbaI,BspMI,4,-4,-4,False,False,False,False,False,True,False,False
AatII,XbaI,SapI,4,-4,-3,False,False,False,False,False,True,False,False
AatII,XhoI,BsaI,4,-4,-4,False,False,False,True,True,False,False,False
AatII,XhoI,BseRI,4,-4,2,False,True,True,True,True,True,False,False
AatII,XhoI,BsmI,4,-4,2,False,False,True,False,False,False,False,False
AatII,XhoI,BspMI,4,-4,-4,False,False,True,True,True,True,False,False
AatII,XhoI,SapI,4,-4,-3,False,False,False,False,False,True,False,False
AflII,AflII,BbsI,-4,-4,-4,False,False,False,False,False,False,True,False
AflII,AflII,BsaI,-4,-4,-4,False,False,False,True,True,False,False,False
AflII,AflII,BseRI,-4,-4,2,True,True,True,True,True,True,True,False
AflII,AflII,BsgI,-4,-4,2,False,False,False,False,False,False,True,True
AflII,AflII,BsmI,-4,-4,2,True,False,True,False,False,False,True,False
AflII,AflII,BspMI,-4,-4,-4,False,False,True,True,True,True,True,True
AflII,AflII,SapI,-4,-4,-3,False,False,False,False,False,True,False,False
AflII,AgeI,BbsI,-4,-4,-4,False,False,False,False,False,False,True,False
AflII,AgeI,BsaI,-4,-4,-4,False,False,False,True,True,False,False,False
AflII,AgeI,BseRI,-4,-4,2,True,True,True,True,True,True,True,False
AflII,AgeI,BsgI,-4,-4,2,False,False,False,False,False,False,True,True
AflII,AgeI,BsmI,-4,-4,2,True,False,True,False,False,False,True,False
AflII,AgeI,BspMI,-4,-4,-4,False,False,True,True,True,True,True,True
AflII,AgeI,SapI,-4,-4,-3,False,False,False,False,False,True,False,False
AflII,AscI,BbsI,-4,-4,-4,False,False,False,False,False,False,True,False
AflII,AscI,BsaI,-4,-4,-4,False,False,False,True,True,False,False,False
AflII,AscI,BseRI,-4,-4,2,True,True,True,True,True,True,True,False
AflII,AscI,BsgI,-4,-4,2,False,False,False,False,False,False,True,True
AflII,AscI,BsmI,-4,-4,2,True,False,True,False,False,False,True,False
AflII,AscI,BspMI,-4,-4,-4,False,False,True,True,True,True,True,True
AflII,AscI,SapI,-4,-4,-3,False,False,False,False,False,True,False,False
AflII,AvrII,BbsI,-4,-4,-4,False,False,False,False,False,False,True,False
AflII,AvrII,BsaI,-4,-4,-4,False,False,False,True,True,False,False,False
AflII,AvrII,BseRI,-4,-4,2,True,True,True,True,True,True,True,False
AflII,AvrII,BsgI,-4,-4,2,False,False,False,False,False,False,True,True
AflII,AvrII,BsmI,-4,-4,2,True,False,True,False,False,False,True,False
AflII,AvrII,BspMI,-4,-4,-4,False,False,True,True,True,True,True,True
AflII,AvrII,SapI,-4,-4,-3,False,False,False,False,False,True,False,False
AflII,BclI,BbsI,-4,-4,-4,False,False,False,False,False,False,True,False
AflII,BclI,BseRI,-4,-4,2,False,False,False,False,False,False,True,False
AflII,BclI,BsgI,-4,-4,2,False,False,False,False,False,False,True,True
AflII,BclI,BsmI,-4,-4,2,False,False,False,False,False,False,True,False
AflII,BclI,BspMI,-4,-4,-4,False,False,False,False,False,False,True,True
AflII,BglII,BbsI,-4,-4,-4,False,False,False,False,False,False,True,False
AflII,BglII,BseRI,-4,-4,2,True,False,False,False,False,True,True,False
AflII,BglII,BsgI,-4,-4,2,False,False,False,False,False,False,True,True
AflII,BglII,BsmI,-4,-4,2,True,False,False,False,False,False,True,False
AflII,BglII,BspMI,-4,-4,-4,False,False,False,False,False,True,True,True
AflII,BglII,SapI,-4,-4,-3,False,False,False,False,False,True,False,False
AflII,BsiWI,BbsI,-4,-4,-4,False,False,False,False,False,False,True,False
AflII,BsiWI,BsaI,-4,-4,-4,False,False,False,True,True,False,False,False
AflII,BsiWI,BseRI,-4,-4,2,True,False,True,True,True,True,True,False
AflII,BsiWI,BsgI,-4,-4,2,False,False,False,False,False,False,True,True
AflII,BsiWI,BsmI,-4,-4,2,True,False,True,False,False,False,True,False
AflII,BsiWI,BspMI,-4,-4,-4,False,False,True,True,True,True,True,True
AflII,BsiWI,SapI,-4,-4,-3,False,False,False,False,False,True,False,False
AflII,BspEI,BbsI,-4,-4,-4,False,False,False,False,False,False,True,False
AflII,BspEI,BseRI,-4,-4,2,True,False,False,False,False,True,True,False
AflII,BspEI,BsgI,-4,-4,2,False,False,False,False,False,False,True,False
AflII,BspEI,BsmI,-4,-4,2,True,False,False,False,False,False,True,False
AflII,BspEI,BspMI,-4,-4,-4,False,False,False,False,False,True,True,False
AflII,BspEI,SapI,-4,-4,-3,False,False,False,False,False,True,False,False
AflII,BsrGI,BbsI,-4,-4,-4,False,False,False,False,False,False,True,False
AflII,BsrGI,BsaI,-4,-4,-4,False,False,False,True,True,False,False,False
AflII,BsrGI,BseRI,-4,-4,2,True,True,True,True,True,True,True,False
AflII,BsrGI,BsgI,-4,-4,2,False,False,False,False,False,False,True,True
AflII,BsrGI,BsmI,-4,-4,2,True,False,True,False,False,False,True,False
AflII,BsrGI,BspMI,-4,-4,-4,False,False,True,True,True,True,True,True
AflII,BsrGI,SapI,-4,-4,-3,False,False,False,False,False,True,False,False
AflII,BssHII,BbsI,-4,-4,-4,False,False,False,False,False,False,True,False
AflII,BssHII,BseRI,-4,-4,2,False,False,False,False,False,False,True,False
AflII,BssHII,BsgI,-4,-4,2,False,False,False,False,False,False,True,True
AflII,BssHII,BsmI,-4,-4,2,False,False,False,False,False,False,True,False
AflII,BssHII,BspMI,-4,-4,-4,False,False,False,False,False,False,True,True
AflII,EcoRI,BbsI,-4,-4,-4,False,False,False,False,False,False,True,False
AflII,EcoRI,BsaI,-4,-4,-4,False,False,False,True,True,False,False,False
AflII,EcoRI,BseRI,-4,-4,2,True,True,True,True,True,True,True,False
AflII,EcoRI,BsgI,-4,-4,2,False,False,False,False,False,False,True,False
AflII,EcoRI,BsmI,-4,-4,2,True,False,True,False,False,False,True,False
AflII,EcoRI,BspMI,-4,-4,-4,False,False,True,True,True,True,True,False
AflII,EcoRI,SapI,-4,-4,-3,False,False,False,False,False,True,False,False
AflII,HindIII,BbsI,-4,-4,-4,False,False,False,False,False,False,True,False
AflII,HindIII,BsaI,-4,-4,-4,False,False,False,True,True,False,False,False
AflII,HindIII,BseRI,-4,-4,2,True,True,True,True,True,True,True,False
AflII,HindIII,BsgI,-4,-4,2,False,False,False,False,False,False,True,True
AflII,HindIII,BsmI,-4,-4,2,True,False,True,False,False,False,True,False
AflII,HindIII,BspMI,-4,-4,-4,False,False,True,True,True,True,True,True
AflII,HindIII,SapI,-4,-4,-3,False,False,False,False,False,True,False,False
AflII,MluI,BbsI,-4,-4,-4,False,False,False,False,False,False,True,False
AflII,MluI,BseRI,-4,-4,2,False,False,False,False,False,False,True,False
AflII,MluI,BsgI,-4,-4,2,False,False,False,False,False,False,True,True
AflII,MluI,BsmI,-4,-4,2,False,False,False,False,False,False,True,False
AflII,MluI,BspMI,-4,-4,-4,False,False,False,False,False,False,True,True
AflII,NcoI,BbsI,-4,-4,-4,False,False,False,False,False,False,True,False
AflII,NcoI,BsaI,-4,-4,-4,False,False,False,False,True,False,False,False
AflII,NcoI,BseRI,-4,-4,2,True,True,True,False,True,True,True,False
AflII,NcoI,BsgI,-4,-4,2,False,False,False,False,False,False,True,False
AflII,NcoI,BsmI,-4,-4,2,True,False,True,False,False,False,True,False
AflII,NcoI,BspMI,-4,-4,-4,False,False,True,False,True,True,True,False
AflII,NcoI,SapI,-4,-4,-3,False,False,False,False,False,True,False,False
AflII,NheI,BbsI,-4,-4,-4,False,False,False,False,False,False,True,False
AflII,NheI,BsaI,-4,-4,-4,False,False,False,False,True,False,False,False
AflII,NheI,BseRI,-4,-4,2,True,True,True,False,True,False,True,False
AflII,NheI,BsgI,-4,-4,2,False,False,False,False,False,False,True,False
AflII,NheI,BsmI,-4,-4,2,True,False,True,False,False,False,True,False
AflII,NheI,BspMI,-4,-4,-4,False,False,True,False,True,False,True,False
AflII,NotI,BbsI,-4,-4,-4,False,False,False,False,False,False,True,False
AflII,NotI,BsaI,-4,-4,-4,False,False,False,True,True,False,False,False
AflII,NotI,BseRI,-4,-4,2,True,True,True,True,True,True,True,False
AflII,NotI,BsgI,-4,-4,2,False,False,False,False,False,False,True,True
AflII,NotI,BsmI,-4,-4,2,True,False,True,False,False,False,True,False
AflII,NotI,BspMI,-4,-4,-4,False,False,True,True,True,True,True,True
AflII,NotI,SapI,-4,-4,-3,False,False,False,False,False,True,False,False
AflII,PacI,BbsI,-4,2,-4,False,False,False,False,False,False,True,False
AflII,PacI,BsaI,-4,2,-4,False,False,False,True,True,False,False,False
AflII,PacI,BseRI,-4,2,2,True,True,True,True,True,True,True,False
AflII,PacI,BsgI,-4,2,2,False,False,False,False,False,False,True,True
AflII,PacI,BsmI,-4,2,2,True,False,True,False,False,False,True,False
AflII,PacI,BspMI,-4,2,-4,False,False,True,True,True,True,True,True
AflII,PacI,SapI,-4,2,-3,False,False,False,False,False,True,False,False
AflII,PciI,BseRI,-4,-4,2,False,False,False,False,False,True,False,False
AflII,PciI,BspMI,-4,-4,-4,False,False,False,False,False,True,False,False
AflII,PciI,SapI,-4,-4,-3,False,False,False,False,False,True,False,False
AflII,PspOMI,BbsI,-4,-4,-4,False,False,False,False,False,False,True,False
AflII,PspOMI,BseRI,-4,-4,2,False,False,False,False,False,False,True,False
AflII,PspOMI,BsgI,-4,-4,2,False,False,False,False,False,False,True,True
AflII,PspOMI,BsmI,-4,-4,2,False,False,False,False,False,False,True,False
AflII,PspOMI,BspMI,-4,-4,-4,False,False,False,False,False,False,True,True
AflII,SacII,BbsI,-4,2,-4,False,False,False,False,False,False,True,False
AflII,SacII,BsaI,-4,2,-4,False,False,False,True,True,False,False,False
AflII,SacII,BseRI,-4,2,2,True,True,True,True,True,True,True,False
AflII,SacII,BsgI,-4,2,2,False,False,False,False,False,False,True,True
AflII,SacII,BsmI,-4,2,2,True,False,True,False,False,False,True,False
AflII,SacII,BspMI,-4,2,-4,False,False,True,True,True,True,True,True
AflII,SacII,SapI,-4,2,-3,False,False,False,False,False,True,False,False
AflII,SalI,BbsI,-4,-4,-4,False,False,False,False,False,False,True,False
AflII,SalI,BsaI,-4,-4,-4,False,False,False,True,True,False,False,False
AflII,SalI,BseRI,-4,-4,2,True,True,True,True,True,True,True,False
AflII,SalI,BsgI,-4,-4,2,False,False,False,False,False,False,True,True
AflII,SalI,BsmI,-4,-4,2,True,False,True,False,False,False,True,False
AflII,SalI,BspMI,-4,-4,-4,False,False,True,True,True,True,True,True
AflII,SalI,SapI,-4,-4,-3,False,False,False,False,False,True,False,False
AflII,SpeI,BbsI,-4,-4,-4,False,False,False,False,False,False,True,False
AflII,SpeI,BsaI,-4,-4,-4,False,False,False,True,True,False,False,False
AflII,SpeI,BseRI,-4,-4,2,True,True,True,True,True,True,True,False
AflII,SpeI,BsgI,-4,-4,2,False,False,False,False,False,False,True,True
AflII,SpeI,BsmI,-4,-4,2,True,False,True,False,False,False,True,False
AflII,SpeI,BspMI,-4,-4,-4,False,False,True,True,True,True,True,True
AflII,SpeI,SapI,-4,-4,-3,False,False,False,False,False,True,False,False
AflII,XbaI,BbsI,-4,-4,-4,False,False,False,False,False,False,True,False
AflII,XbaI,BseRI,-4,-4,2,True,True,False,False,False,True,True,False
AflII,XbaI,BsgI,-4,-4,2,False,False,False,False,False,False,True,False
AflII,XbaI,BsmI,-4,-4,2,True,False,False,False,False,False,True,False
AflII,XbaI,BspMI,-4,-4,-4,False,False,False,False,False,True,True,False
AflII,XbaI,SapI,-4,-4,-3,False,False,False,False,False,True,False,False
AflII,XhoI,BbsI,-4,-4,-4,False,False,False,False,False,False,True,False
AflII,XhoI,BsaI,-4,-4,-4,False,False,False,True,True,False,False,False
AflII,XhoI,BseRI,-4,-4,2,True,True,True,True,True,True,True,False
AflII,XhoI,BsgI,-4,-4,2,False,False,False,False,False,False,True,False
AflII,XhoI,BsmI,-4,-4,2,True,False,True,False,False,False,True,False
AflII,XhoI,BspMI,-4,-4,-4,False,False,True,True,True,True,True,False
AflII,XhoI,SapI,-4,-4,-3,False,False,False,False,False,True,False,False
AgeI,AflII,BbsI,-4,-4,-4,False,False,False,False,False,False,True,False
AgeI,AflII,BsaI,-4,-4,-4,False,False,False,True,True,False,False,False
AgeI,AflII,BseRI,-4,-4,2,True,True,True,True,True,True,True,False
AgeI,AflII,BsgI,-4,-4,2,False,False,False,False,False,False,True,True
AgeI,AflII,BsmI,-4,-4,2,True,False,True,False,False,False,True,False
AgeI,AflII,BspMI,-4,-4,-4,False,False,True,True,True,True,True,True
AgeI,AflII,SapI,-4,-4,-3,False,False,False,False,False,True,False,False
AgeI,AgeI,BbsI,-4,-4,-4,False,False,False,False,False,False,True,False
AgeI,AgeI,BsaI,-4,-4,-4,False,False,False,True,True,False,False,False
AgeI,AgeI,BseRI,-4,-4,2,True,True,True,True,True,True,True,False
AgeI,AgeI,BsgI,-4,-4,2,False,False,False,False,False,False,True,True
AgeI,AgeI,BsmI,-4,-4,2,True,False,True,False,False,False,True,False
AgeI,AgeI,BspMI,-4,-4,-4,False,False,True,True,True,True,True,True
AgeI,AgeI,SapI,-4,-4,-3,False,False,False,False,False,True,False,False
AgeI,AscI,BbsI,-4,-4,-4,False,False,False,False,False,False,True,False
AgeI,AscI,BsaI,-4,-4,-4,False,False,False,True,True,False,False,False
AgeI,AscI,BseRI,-4,-4,2,True,True,True,True,True,True,True,False
AgeI,AscI,BsgI,-4,-4,2,False,False,False,False,False,False,True,True
AgeI,AscI,BsmI,-4,-4,2,True,False,True,False,False,False,True,False
AgeI,AscI,BspMI,-4,-4,-4,False,False,True,True,True,True,True,True
AgeI,AscI,SapI,-4,-4,-3,False,False,False,False,False,True,False,False
AgeI,AvrII,BbsI,-4,-4,-4,False,False,False,False,False,False,True,False
AgeI,AvrII,BsaI,-4,-4,-4,False,False,False,True,True,False,False,False
AgeI,AvrII,BseRI,-4,-4,2,True,True,True,True,True,True,True,False
AgeI,AvrII,BsgI,-4,-4,2,False,False,False,False,False,False,True,True
AgeI,AvrII,BsmI,-4,-4,2,True,False,True,False,False,False,True,False
AgeI,AvrII,BspMI,-4,-4,-4,False,False,True,True,True,True,True,True
AgeI,AvrII,SapI,-4,-4,-3,False,False,False,False,False,True,False,False
AgeI,BclI,BbsI,-4,-4,-4,False,False,False,False,False,False,True,False
AgeI,BclI,BseRI,-4,-4,2,False,False,False,False,False,False,True,False
AgeI,BclI,BsgI,-4,-4,2,False,False,False,False,False,False,True,True
AgeI,BclI,BsmI,-4,-4,2,False,False,False,False,False,False,True,False
AgeI,BclI,BspMI,-4,-4,-4,False,False,False,False,False,False,True,True
AgeI,BglII,BbsI,-4,-4,-4,False,False,False,False,False,False,True,False
AgeI,BglII,BseRI,-4,-4,2,True,False,False,False,False,True,True,False
AgeI,BglII,BsgI,-4,-4,2,False,False,False,False,False,False,True,True
AgeI,BglII,BsmI,-4,-4,2,True,False,False,False,False,False,True,False
AgeI,BglII,BspMI,-4,-4,-4,False,False,False,False,False,True,True,True
AgeI,BglII,SapI,-4,-4,-3,False,False,False,False,False,True,False,False
AgeI,BsiWI,BbsI,-4,-4,-4,False,False,False,False,False,False,True,False
AgeI,BsiWI,BsaI,-4,-4,-4,False,False,False,True,True,False,False,False
AgeI,BsiWI,BseRI,-4,-4,2,True,False,True,True,True,True,True,False
AgeI,BsiWI,BsgI,-4,-4,2,False,False,False,False,False,False,True,True
AgeI,BsiWI,BsmI,-4,-4,2,True,False,True,False,False,False,True,False
AgeI,BsiWI,BspMI,-4,-4,-4,False,False,True,True,True,True,True,True
AgeI,BsiWI,SapI,-4,-4,-3,False,False,False,False,False,True,False,False
AgeI,BspEI,BbsI,-4,-4,-4,False,False,False,False,False,False,True,False
AgeI,BspEI,BseRI,-4,-4,2,True,False,False,False,False,True,True,False
AgeI,BspEI,BsgI,-4,-4,2,False,False,False,False,False,False,True,False
AgeI,BspEI,BsmI,-4,-4,2,True,False,False,False,False,False,True,False
AgeI,BspEI,BspMI,-4,-4,-4,False,False,False,False,False,True,True,False
AgeI,BspEI,SapI,-4,-4,-3,False,False,False,False,False,True,False,False
AgeI,BsrGI,BbsI,-4,-4,-4,False,False,False,False,False,False,True,False
AgeI,BsrGI,BsaI,-4,-4,-4,False,False,False,True,True,False,False,False
AgeI,BsrGI,BseRI,-4,-4,2,True,True,True,True,True,True,True,False
AgeI,BsrGI,BsgI,-4,-4,2,False,False,False,False,False,False,True,True
AgeI,BsrGI,BsmI,-4,-4,2,True,False,True,False,False,False,True,False
AgeI,BsrGI,BspMI,-4,-4,-4,False,False,True,True,True,True,True,True
AgeI,BsrGI,SapI,-4,-4,-3,False,False,False,False,False,True,False,False
AgeI,BssHII,BbsI,-4,-4,-4,False,False,False,False,False,False,True,False
AgeI,BssHII,BseRI,-4,-4,2,False,False,False,False,False,False,True,False
AgeI,BssHII,BsgI,-4,-4,2,False,False,False,False,False,False,True,True
AgeI,BssHII,BsmI,-4,-4,2,False,False,False,False,False,False,True,False
AgeI,BssHII,BspMI,-4,-4,-4,False,False,False,False,False,False,True,True
AgeI,EcoRI,BbsI,-4,-4,-4,False,False,False,False,False,False,True,False
AgeI,EcoRI,BsaI,-4,-4,-4,False,False,False,True,True,False,False,False
AgeI,EcoRI,BseRI,-4,-4,2,True,True,True,True,True,True,True,False
AgeI,EcoRI,BsgI,-4,-4,2,False,False,False,False,False,False,True,False
AgeI,EcoRI,BsmI,-4,-4,2,True,False,True,False,False,False,True,False
AgeI,EcoRI,BspMI,-4,-4,-4,False,False,True,True,True,True,True,False
AgeI,EcoRI,SapI,-4,-4,-3,False,False,False,False,False,True,False,False
AgeI,HindIII,BbsI,-4,-4,-4,False,False,False,False,False,False,True,False
AgeI,HindIII,BsaI,-4,-4,-4,False,False,False,True,True,False,False,False
AgeI,HindIII,BseRI,-4,-4,2,True,True,True,True,True,True,True,False
AgeI,HindIII,BsgI,-4,-4,2,False,False,False,False,False,False,True,True
AgeI,HindIII,BsmI,-4,-4,2,True,False,True,False,False,False,True,False
AgeI,HindIII,BspMI,-4,-4,-4,False,False,True,True,True,True,True,True
AgeI,HindIII,SapI,-4,-4,-3,False,False,False,False,False,True,False,False
AgeI,MluI,BbsI,-4,-4,-4,False,False,False,False,False,False,True,False
AgeI,MluI,BseRI,-4,-4,2,False,False,False,False,False,False,True,False
AgeI,MluI,BsgI,-4,-4,2,False,False,False,False,False,False,True,True
AgeI,MluI,BsmI,-4,-4,2,False,False,False,False,False,False,True,False
AgeI,MluI,BspMI,-4,-4,-4,False,False,False,False,False,False,True,True
AgeI,NcoI,BbsI,-4,-4,-4,False,False,False,False,False,False,True,False
AgeI,NcoI,BsaI,-4,-4,-4,False,False,False,False,True,False,False,False
AgeI,NcoI,BseRI,-4,-4,2,True,True,True,False,True,True,True,False
AgeI,NcoI,BsgI,-4,-4,2,False,False,False,False,False,False,True,False
AgeI,NcoI,BsmI,-4,-4,2,True,False,True,False,False,False,True,False
AgeI,NcoI,BspMI,-4,-4,-4,False,False,True,False,True,True,True,False
AgeI,NcoI,SapI,-4,-4,-3,False,False,False,False,False,True,False,False
AgeI,NheI,BbsI,-4,-4,-4,False,False,False,False,False,False,True,False
AgeI,NheI,BsaI,-4,-4,-4,False,False,False,False,True,False,False,False
AgeI,NheI,BseRI,-4,-4,2,True,True,True,False,True,False,True,False
AgeI,NheI,BsgI,-4,-4,2,False,False,False,False,False,False,True,False
AgeI,NheI,BsmI,-4,-4,2,True,False,True,False,False,False,True,False
AgeI,NheI,BspMI,-4,-4,-4,False,False,True,False,True,False,True,False
AgeI,NotI,BbsI,-4,-4,-4,False,False,False,False,False,False,True,False
AgeI,NotI,BsaI,-4,-4,-4,False,False,False,True,True,False,False,False
AgeI,NotI,BseRI,-4,-4,2,True,True,True,True,True,True,True,False
AgeI,NotI,BsgI,-4,-4,2,False,False,False,False,False,False,True,True
AgeI,NotI,BsmI,-4,-4,2,True,False,True,False,False,False,True,False
AgeI,NotI,BspMI,-4,-4,-4,False,False,True,True,True,True,True,True
AgeI,NotI,SapI,-4,-4,-3,False,False,False,False,False,True,False,False
AgeI,PacI,BbsI,-4,2,-4,False,False,False,False,False,False,True,False
AgeI,PacI,BsaI,-4,2,-4,False,False,False,True,True,False,False,False
AgeI,PacI,BseRI,-4,2,2,True,True,True,True,True,True,True,False
AgeI,PacI,BsgI,-4,2,2,False,False,False,False,False,False,True,True
AgeI,PacI,BsmI,-4,2,2,True,False,True,False,False,False,True,False
AgeI,PacI,BspMI,-4,2,-4,False,False,True,True,True,True,True,True
AgeI,PacI,SapI,-4,2,-3,False,False,False,False,False,True,False,False
AgeI,PciI,BseRI,-4,-4,2,False,False,False,False,False,True,False,False
AgeI,PciI,BspMI,-4,-4,-4,False,False,False,False,False,True,False,False
AgeI,PciI,SapI,-4,-4,-3,False,False,False,False,False,True,False,False
AgeI,PspOMI,BbsI,-4,-4,-4,False,False,False,False,False,False,True,False
AgeI,PspOMI,BseRI,-4,-4,2,False,False,False,False,False,False,True,False
AgeI,PspOMI,BsgI,-4,-4,2,False,False,False,False,False,False,True,True
AgeI,PspOMI,BsmI,-4,-4,2,False,False,False,False,False,False,True,False
AgeI,PspOMI,BspMI,-4,-4,-4,False,False,False,False,False,False,True,True
AgeI,SacII,BbsI,-4,2,-4,False,False,False,False,False,False,True,False
AgeI,SacII,BsaI,-4,2,-4,False,False,False,True,True,False,False,False
AgeI,SacII,BseRI,-4,2,2,True,True,True,True,True,True,True,False
AgeI,SacII,BsgI,-4,2,2,False,False,False,False,False,False,True,True
AgeI,SacII,BsmI,-4,2,2,True,False,True,False,False,False,True,False
AgeI,SacII,BspMI,-4,2,-4,False,False,True,True,True,True,True,True
AgeI,SacII,SapI,-4,2,-3,False,False,False,False,False,True,False,False
AgeI,SalI,BbsI,-4,-4,-4,False,False,False,False,False,False,True,False
AgeI,SalI,BsaI,-4,-4,-4,False,False,False,True,True,False,False,False
AgeI,SalI,BseRI,-4,-4,2,True,True,True,True,True,True,True,False
AgeI,SalI,BsgI,-4,-4,2,False,False,False,False,False,False,True,True
AgeI,SalI,BsmI,-4,-4,2,True,False,True,False,False,False,True,False
AgeI,SalI,BspMI,-4,-4,-4,False,False,True,True,True,True,True,True
AgeI,SalI,SapI,-4,-4,-3,False,False,False,False,False,True,False,False
AgeI,SpeI,BbsI,-4,-4,-4,False,False,False,False,False,False,True,False
AgeI,SpeI,BsaI,-4,-4,-4,False,False,False,True,True,False,False,False
AgeI,SpeI,BseRI,-4,-4,2,True,True,True,True,True,True,True,False
AgeI,SpeI,BsgI,-4,-4,2,False,False,False,False,False,False,True,True
AgeI,SpeI,BsmI,-4,-4,2,True,False,True,False,False,False,True,False
AgeI,SpeI,BspMI,-4,-4,-4,False,False,True,True,True,True,True,True
AgeI,SpeI,SapI,-4,-4,-3,False,False,False,False,False,True,False,False
AgeI,XbaI,BbsI,-4,-4,-4,False,False,False,False,False,False,True,False
AgeI,XbaI,BseRI,-4,-4,2,True,True,False,False,False,True,True,False
AgeI,XbaI,BsgI,-4,-4,2,False,False,False,False,False,False,True,False
AgeI,XbaI,BsmI,-4,-4,2,True,False,False,False,False,False,True,False
AgeI,XbaI,BspMI,-4,-4,-4,False,False,False,False,False,True,True,False
AgeI,XbaI,SapI,-4,-4,-3,False,False,False,False,False,True,False,False
AgeI,XhoI,BbsI,-4,-4,-4,False,False,False,False,False,False,True,False
AgeI,XhoI,BsaI,-4,-4,-4,False,False,False,True,True,False,False,False
AgeI,XhoI,BseRI,-4,-4,2,True,True,True,True,True,True,True,False
AgeI,XhoI,BsgI,-4,-4,2,False,False,False,False,False,False,True,False
AgeI,XhoI,BsmI,-4,-4,2,True,False,True,False,False,False,True,False
AgeI,XhoI,BspMI,-4,-4,-4,False,False,True,True,True,True,True,False
AgeI,XhoI,SapI,-4,-4,-3,False,False,False,False,False,True,False,False
ApaI,AflII,BbsI,4,-4,-4,False,False,False,False,False,False,True,False
ApaI,AflII,BseRI,4,-4,2,False,False,False,False,False,False,True,False
ApaI,AflII,BsgI,4,-4,2,False,False,False,False,False,False,True,True
ApaI,AflII,BsmI,4,-4,2,False,False,False,False,False,False,True,False
ApaI,AflII,BspMI,4,-4,-4,False,False,False,False,False,False,True,True
ApaI,AgeI,BbsI,4,-4,-4,False,False,False,False,False,False,True,False
ApaI,AgeI,BseRI,4,-4,2,False,False,False,False,False,False,True,False
ApaI,AgeI,BsgI,4,-4,2,False,False,False,False,False,False,True,True
ApaI,AgeI,BsmI,4,-4,2,False,False,False,False,False,False,True,False
ApaI,AgeI,BspMI,4,-4,-4,False,False,False,False,False,False,True,True
ApaI,AscI,BbsI,4,-4,-4,False,False,False,False,False,False,True,False
ApaI,AscI,BseRI,4,-4,2,False,False,False,False,False,False,True,False
ApaI,AscI,BsgI,4,-4,2,False,False,False,False,False,False,True,True
ApaI,AscI,BsmI,4,-4,2,False,False,False,False,False,False,True,False
ApaI,AscI,BspMI,4,-4,-4,False,False,False,False,False,False,True,True
ApaI,AvrII,BbsI,4,-4,-4,False,False,False,False,False,False,True,False
ApaI,AvrII,BseRI,4,-4,2,False,False,False,False,False,False,True,False
ApaI,AvrII,BsgI,4,-4,2,False,False,False,False,False,False,True,True
ApaI,AvrII,BsmI,4,-4,2,False,False,False,False,False,False,True,False
ApaI,AvrII,BspMI,4,-4,-4,False,False,False,False,False,False,True,True
ApaI,BclI,BbsI,4,-4,-4,False,False,False,False,False,False,True,False
ApaI,BclI,BseRI,4,-4,2,False,False,False,False,False,False,True,False
ApaI,BclI,BsgI,4,-4,2,False,False,False,False,False,False,True,True
ApaI,BclI,BsmI,4,-4,2,False,False,False,False,False,False,True,False
ApaI,BclI,BspMI,4,-4,-4,False,False,False,False,False,False,True,True
ApaI,BglII,BbsI,4,-4,-4,False,False,False,False,False,False,True,False
ApaI,BglII,BseRI,4,-4,2,False,False,False,False,False,False,True,False
ApaI,BglII,BsgI,4,-4,2,False,False,False,False,False,False,True,True
ApaI,BglII,BsmI,4,-4,2,False,False,False,False,False,False,True,False
ApaI,BglII,BspMI,4,-4,-4,False,False,False,False,False,False,True,True
ApaI,BsiWI,BbsI,4,-4,-4,False,False,False,False,False,False,True,False
ApaI,BsiWI,BseRI,4,-4,2,False,False,False,False,False,False,True,False
ApaI,BsiWI,BsgI,4,-4,2,False,False,False,False,False,False,True,True
ApaI,BsiWI,BsmI,4,-4,2,False,False,False,False,False,False,True,False
ApaI,BsiWI,BspMI,4,-4,-4,False,False,False,False,False,False,True,True
ApaI,BspEI,BbsI,4,-4,-4,False,False,False,False,False,False,True,False
ApaI,BspEI,BseRI,4,-4,2,False,False,False,False,False,False,True,False
ApaI,BspEI,BsgI,4,-4,2,False,False,False,False,False,False,True,False
ApaI,BspEI,BsmI,4,-4,2,False,False,False,False,False,False,True,False
ApaI,BspEI,BspMI,4,-4,-4,False,False,False,False,False,False,True,False
ApaI,BsrGI,BbsI,4,-4,-4,False,False,False,False,False,False,True,False
ApaI,BsrGI,BseRI,4,-4,2,False,False,False,False,False,False,True,False
ApaI,BsrGI,BsgI,4,-4,2,False,False,False,False,False,False,True,True
ApaI,BsrGI,BsmI,4,-4,2,False,False,False,False,False,False,True,False
ApaI,BsrGI,BspMI,4,-4,-4,False,False,False,False,False,False,True,True
ApaI,BssHII,BbsI,4,-4,-4,False,False,False,False,False,False,True,False
ApaI,BssHII,BseRI,4,-4,2,False,False,False,False,False,False,True,False
ApaI,BssHII,BsgI,4,-4,2,False,False,False,False,False,False,True,True
ApaI,BssHII,BsmI,4,-4,2,False,False,False,False,False,False,True,False
ApaI,BssHII,BspMI,4,-4,-4,False,False,False,False,False,False,True,True
ApaI,EcoRI,BbsI,4,-4,-4,False,False,False,False,False,False,True,False
ApaI,EcoRI,BseRI,4,-4,2,False,False,False,False,False,False,True,False
ApaI,EcoRI,BsgI,4,-4,2,False,False,False,False,False,False,True,False
ApaI,EcoRI,BsmI,4,-4,2,False,False,False,False,False,False,True,False
ApaI,EcoRI,BspMI,4,-4,-4,False,False,False,False,False,False,True,False
ApaI,HindIII,BbsI,4,-4,-4,False,False,False,False,False,False,True,False
ApaI,HindIII,BseRI,4,-4,2,False,False,False,False,False,False,True,False
ApaI,HindIII,BsgI,4,-4,2,False,False,False,False,False,False,True,True
ApaI,HindIII,BsmI,4,-4,2,False,False,False,False,False,False,True,False
ApaI,HindIII,BspMI,4,-4,-4,False,False,False,False,False,False,True,True
ApaI,MluI,BbsI,4,-4,-4,False,False,False,False,False,False,True,False
ApaI,MluI,BseRI,4,-4,2,False,False,False,False,False,False,True,False
ApaI,MluI,BsgI,4,-4,2,False,False,False,False,False,False,True,True
ApaI,MluI,BsmI,4,-4,2,False,False,False,False,False,False,True,False
ApaI,MluI,BspMI,4,-4,-4,False,False,False,False,False,False,True,True
ApaI,NcoI,BbsI,4,-4,-4,False,False,False,False,False,False,True,False
ApaI,NcoI,BseRI,4,-4,2,False,False,False,False,False,False,True,False
ApaI,NcoI,BsgI,4,-4,2,False,False,False,False,False,False,True,False
ApaI,NcoI,BsmI,4,-4,2,False,False,False,False,False,False,True,False
ApaI,NcoI,BspMI,4,-4,-4,False,False,False,False,False,False,True,False
ApaI,NheI,BbsI,4,-4,-4,False,False,False,False,False,False,True,False
ApaI,NheI,BseRI,4,-4,2,False,False,False,False,False,False,True,False
ApaI,NheI,BsgI,4,-4,2,False,False,False,False,False,False,True,False
ApaI,NheI,BsmI,4,-4,2,False,False,False,False,False,False,True,False
ApaI,NheI,BspMI,4,-4,-4,False,False,False,False,False,False,True,False
ApaI,NotI,BbsI,4,-4,-4,False,False,False,False,False,False,True,False
ApaI,NotI,BseRI,4,-4,2,False,False,False,False,False,False,True,False
ApaI,NotI,BsgI,4,-4,2,False,False,False,False,False,False,True,True
ApaI,NotI,BsmI,4,-4,2,False,False,False,False,False,False,True,False
ApaI,NotI,BspMI,4,-4,-4,False,False,False,False,False,False,True,True
ApaI,PacI,BbsI,4,2,-4,False,False,False,False,False,False,True,False
ApaI,PacI,BseRI,4,2,2,False,False,False,False,False,False,True,False
ApaI,PacI,BsgI,4,2,2,False,False,False,False,False,False,True,True
ApaI,PacI,BsmI,4,2,2,False,False,False,False,False,False,True,False
ApaI,PacI,BspMI,4,2,-4,False,False,False,False,False,False,True,True
ApaI,PspOMI,BbsI,4,-4,-4,False,False,False,False,False,False,True,False
ApaI,PspOMI,BseRI,4,-4,2,False,False,False,False,False,False,True,False
ApaI,PspOMI,BsgI,4,-4,2,False,False,False,False,False,False,True,True
ApaI,PspOMI,BsmI,4,-4,2,False,False,False,False,False,False,True,False
ApaI,PspOMI,BspMI,4,-4,-4,False,False,False,False,False,False,True,True
ApaI,SacII,BbsI,4,2,-4,False,False,False,False,False,False,True,False
ApaI,SacII,BseRI,4,2,2,False,False,False,False,False,False,True,False
ApaI,SacII,BsgI,4,2,2,False,False,False,False,False,False,True,True
ApaI,SacII,BsmI,4,2,2,False,False,False,False,False,False,True,False
ApaI,SacII,BspMI,4,2,-4,False,False,False,False,False,False,True,True
ApaI,SalI,BbsI,4,-4,-4,False,False,False,False,False,False,True,False
ApaI,SalI,BseRI,4,-4,2,False,False,False,False,False,False,True,False
ApaI,SalI,BsgI,4,-4,2,False,False,False,False,False,False,True,True
ApaI,SalI,BsmI,4,-4,2,False,False,False,False,False,False,True,False
ApaI,SalI,BspMI,4,-4,-4,False,False,False,False,False,False,True,True
ApaI,SpeI,BbsI,4,-4,-4,False,False,False,False,False,False,True,False
ApaI,SpeI,BseRI,4,-4,2,False,False,False,False,False,False,True,False
ApaI,SpeI,BsgI,4,-4,2,False,False,False,False,False,False,True,True
ApaI,SpeI,BsmI,4,-4,2,False,False,False,False,False,False,True,False
ApaI,SpeI,BspMI,4,-4,-4,False,False,False,False,False,False,True,True
ApaI,XbaI,BbsI,4,-4,-4,False,False,False,False,False,False,True,False
ApaI,XbaI,BseRI,4,-4,2,False,False,False,False,False,False,True,False
ApaI,XbaI,BsgI,4,-4,2,False,False,False,False,False,False,True,False
ApaI,XbaI,BsmI,4,-4,2,False,False,False,False,False,False,True,False
ApaI,XbaI,BspMI,4,-4,-4,False,False,False,False,False,False,True,False
ApaI,XhoI,BbsI,4,-4,-4,False,False,False,False,False,False,True,False
ApaI,XhoI,BseRI,4,-4,2,False,False,False,False,False,False,True,False
ApaI,XhoI,BsgI,4,-4,2,False,False,False,False,False,False,True,False
ApaI,XhoI,BsmI,4,-4,2,False,False,False,False,False,False,True,False
ApaI,XhoI,BspMI,4,-4,-4,False,False,False,False,False,False,True,False
AscI,AflII,BbsI,-4,-4,-4,False,False,False,False,False,False,True,False
AscI,AflII,BsaI,-4,-4,-4,False,False,False,True,True,False,False,False
AscI,AflII,BseRI,-4,-4,2,True,True,True,True,True,True,True,False
AscI,AflII,BsgI,-4,-4,2,False,False,False,False,False,False,True,True
AscI,AflII,BsmI,-4,-4,2,True,False,True,False,False,False,True,False
AscI,AflII,BspMI,-4,-4,-4,False,False,True,True,True,True,True,True
AscI,AflII,SapI,-4,-4,-3,False,False,False,False,False,True,False,False
AscI,AgeI,BbsI,-4,-4,-4,False,False,False,False,False,False,True,False
AscI,AgeI,BsaI,-4,-4,-4,False,False,False,True,True,False,False,False
AscI,AgeI,BseRI,-4,-4,2,True,True,True,True,True,True,True,False
AscI,AgeI,BsgI,-4,-4,2,False,False,False,False,False,False,True,True
AscI,AgeI,BsmI,-4,-4,2,True,False,True,False,False,False,True,False
AscI,AgeI,BspMI,-4,-4,-4,False,False,True,True,True,True,True,True
AscI,AgeI,SapI,-4,-4,-3,False,False,False,False,False,True,False,False
AscI,AscI,BbsI,-4,-4,-4,False,False,False,False,False,False,True,False
AscI,AscI,BsaI,-4,-4,-4,False,False,False,True,True,False,False,False
AscI,AscI,BseRI,-4,-4,2,True,True,True,True,True,True,True,False
AscI,AscI,BsgI,-4,-4,2,False,False,False,False,False,False,True,True
AscI,AscI,BsmI,-4,-4,2,True,False,True,False,False,False,True,False
AscI,AscI,BspMI,-4,-4,-4,False,False,True,True,True,True,True,True
AscI,AscI,SapI,-4,-4,-3,False,False,False,False,False,True,False,False
AscI,AvrII,BbsI,-4,-4,-4,False,False,False,False,False,False,True,False
AscI,AvrII,BsaI,-4,-4,-4,False,False,False,True,True,False,False,False
AscI,AvrII,BseRI,-4,-4,2,True,True,True,True,True,True,True,False
AscI,AvrII,BsgI,-4,-4,2,False,False,False,False,False,False,True,True
AscI,AvrII,BsmI,-4,-4,2,True,False,True,False,False,False,True,False
AscI,AvrII,BspMI,-4,-4,-4,False,False,True,True,True,True,True,True
AscI,AvrII,SapI,-4,-4,-3,False,False,False,False,False,True,False,False
AscI,BclI,BbsI,-4,-4,-4,False,False,False,False,False,False,True,False
AscI,BclI,BseRI,-4,-4,2,False,False,False,False,False,False,True,False
AscI,BclI,BsgI,-4,-4,2,False,False,False,False,False,False,True,True
AscI,BclI,BsmI,-4,-4,2,False,False,False,False,False,False,True,False
AscI,BclI,BspMI,-4,-4,-4,False,False,False,False,False,False,True,True
AscI,BglII,BbsI,-4,-4,-4,False,False,False,False,False,False,True,False
AscI,BglII,BseRI,-4,-4,2,True,False,False,False,False,True,True,False
AscI,BglII,BsgI,-4,-4,2,False,False,False,False,False,False,True,True
AscI,BglII,BsmI,-4,-4,2,True,False,False,False,False,False,True,False
AscI,BglII,BspMI,-4,-4,-4,False,False,False,False,False,True,True,True
AscI,BglII,SapI,-4,-4,-3,False,False,False,False,False,True,False,False
AscI,BsiWI,BbsI,-4,-4,-4,False,False,False,False,False,False,True,False
AscI,BsiWI,BsaI,-4,-4,-4,False,False,False,True,True,False,False,False
AscI,BsiWI,BseRI,-4,-4,2,True,False,True,True,True,True,True,False
AscI,BsiWI,BsgI,-4,-4,2,False,False,False,False,False,False,True,True
AscI,BsiWI,BsmI,-4,-4,2,True,False,True,False,False,False,True,False
AscI,BsiWI,BspMI,-4,-4,-4,False,False,True,True,True,True,True,True
AscI,BsiWI,SapI,-4,-4,-3,False,False,False,False,False,True,False,False
AscI,BspEI,BbsI,-4,-4,-4,False,False,False,False,False,False,True,False
AscI,BspEI,BseRI,-4,-4,2,True,False,False,False,False,True,True,False
AscI,BspEI,BsgI,-4,-4,2,False,False,False,False,False,False,True,False
AscI,BspEI,BsmI,-4,-4,2,True,False,False,False,False,False,True,False
AscI,BspEI,BspMI,-4,-4,-4,False,False,False,False,False,True,True,False
AscI,BspEI,SapI,-4,-4,-3,False,False,False,False,False,True,False,False
AscI,BsrGI,BbsI,-4,-4,-4,False,False,False,False,False,False,True,False
AscI,BsrGI,BsaI,-4,-4,-4,False,False,False,True,True,False,False,False
AscI,BsrGI,BseRI,-4,-4,2,True,True,True,True,True,True,True,False
AscI,BsrGI,BsgI,-4,-4,2,False,False,False,False,False,False,True,True
AscI,BsrGI,BsmI,-4,-4,2,True,False,True,False,False,False,True,False
AscI,BsrGI,BspMI,-4,-4,-4,False,False,True,True,True,True,True,True
AscI,BsrGI,SapI,-4,-4,-3,False,False,False,False,False,True,False,False
AscI,BssHII,BbsI,-4,-4,-4,False,False,False,False,False,False,True,False
AscI,BssHII,BseRI,-4,-4,2,False,False,False,False,False,False,True,False
AscI,BssHII,BsgI,-4,-4,2,False,False,False,False,False,False,True,True
AscI,BssHII,BsmI,-4,-4,2,False,False,False,False,False,False,True,False
AscI,BssHII,BspMI,-4,-4,-4,False,False,False,False,False,False,True,True
AscI,EcoRI,BbsI,-4,-4,-4,False,False,False,False,False,False,True,False
AscI,EcoRI,BsaI,-4,-4,-4,False,False,False,True,True,False,False,False
AscI,EcoRI,BseRI,-4,-4,2,True,True,True,True,True,True,True,False
AscI,EcoRI,BsgI,-4,-4,2,False,False,False,False,False,False,True,False
AscI,EcoRI,BsmI,-4,-4,2,True,False,True,False,False,False,True,False
AscI,EcoRI,BspMI,-4,-4,-4,False,False,True,True,True,True,True,False
AscI,EcoRI,SapI,-4,-4,-3,False,False,False,False,False,True,False,False
AscI,HindIII,BbsI,-4,-4,-4,False,False,False,False,False,False,True,False
AscI,HindIII,BsaI,-4,-4,-4,False,False,False,True,True,False,False,False
AscI,HindIII,BseRI,-4,-4,2,True,True,True,True,True,True,True,False
AscI,HindIII,BsgI,-4,-4,2,False,False,False,False,False,False,True,True
AscI,HindIII,BsmI,-4,-4,2,True,False,True,False,False,False,True,False
AscI,HindIII,BspMI,-4,-4,-4,False,False,True,True,True,True,True,True
AscI,HindIII,SapI,-4,-4,-3,False,False,False,False,False,True,False,False
AscI,MluI,BbsI,-4,-4,-4,False,False,False,False,False,False,True,False
AscI,MluI,BseRI,-4,-4,2,False,False,False,False,False,False,True,False
AscI,MluI,BsgI,-4,-4,2,False,False,False,False,False,False,True,True
AscI,MluI,BsmI,-4,-4,2,False,False,False,False,False,False,True,False
AscI,MluI,BspMI,-4,-4,-4,False,False,False,False,False,False,True,True
AscI,NcoI,BbsI,-4,-4,-4,False,False,False,False,False,False,True,False
AscI,NcoI,BsaI,-4,-4,-4,False,False,False,False,True,False,False,False
AscI,NcoI,BseRI,-4,-4,2,True,True,True,False,True,True,True,False
AscI,NcoI,BsgI,-4,-4,2,False,False,False,False,False,False,True,False
AscI,NcoI,BsmI,-4,-4,2,True,False,True,False,False,False,True,False
AscI,NcoI,BspMI,-4,-4,-4,False,False,True,False,True,True,True,False
AscI,NcoI,SapI,-4,-4,-3,False,False,False,False,False,True,False,False
AscI,NheI,BbsI,-4,-4,-4,False,False,False,False,False,False,True,False
AscI,NheI,BsaI,-4,-4,-4,False,False,False,False,True,False,False,False
AscI,NheI,BseRI,-4,-4,2,True,True,True,False,True,False,True,False
AscI,NheI,BsgI,-4,-4,2,False,False,False,False,False,False,True,False
AscI,NheI,BsmI,-4,-4,2,True,False,True,False,False,False,True,False
AscI,NheI,BspMI,-4,-4,-4,False,False,True,False,True,False,True,False
AscI,NotI,BbsI,-4,-4,-4,False,False,False,False,False,False,True,False
AscI,NotI,BsaI,-4,-4,-4,False,False,False,True,True,False,False,False
AscI,NotI,BseRI,-4,-4,2,True,True,True,True,True,True,True,False
AscI,NotI,BsgI,-4,-4,2,False,False,False,False,False,False,True,True
AscI,NotI,BsmI,-4,-4,2,True,False,True,False,False,False,True,False
AscI,NotI,BspMI,-4,-4,-4,False,False,True,True,True,True,True,True
AscI,NotI,SapI,-4,-4,-3,False,False,False,False,False,True,False,False
AscI,PacI,BbsI,-4,2,-4,False,False,False,False,False,False,True,False
AscI,PacI,BsaI,-4,2,-4,False,False,False,True,True,False,False,False
AscI,PacI,BseRI,-4,2,2,True,True,True,True,True,True,True,False
AscI,PacI,BsgI,-4,2,2,False,False,False,False,False,False,True,True
AscI,PacI,BsmI,-4,2,2,True,False,True,False,False,False,True,False
AscI,PacI,BspMI,-4,2,-4,False,False,True,True,True,True,True,True
AscI,PacI,SapI,-4,2,-3,False,False,False,False,False,True,False,False
AscI,PciI,BseRI,-4,-4,2,False,False,False,False,False,True,False,False
AscI,PciI,BspMI,-4,-4,-4,False,False,False,False,False,True,False,False
AscI,PciI,SapI,-4,-4,-3,False,False,False,False,False,True,False,False
AscI,PspOMI,BbsI,-4,-4,-4,False,False,False,False,False,False,True,False
AscI,PspOMI,BseRI,-4,-4,2,False,False,False,False,False,False,True,False
AscI,PspOMI,BsgI,-4,-4,2,False,False,False,False,False,False,True,True
AscI,PspOMI,BsmI,-4,-4,2,False,False,False,False,False,False,True,False
AscI,PspOMI,BspMI,-4,-4,-4,False,False,False,False,False,False,True,True
AscI,SacII,BbsI,-4,2,-4,False,False,False,False,False,False,True,False
AscI,SacII,BsaI,-4,2,-4,False,False,False,True,True,False,False,False
AscI,SacII,BseRI,-4,2,2,True,True,True,True,True,True,True,False
AscI,SacII,BsgI,-4,2,2,False,False,False,False,False,False,True,True
AscI,SacII,BsmI,-4,2,2,True,False,True,False,False,False,True,False
AscI,SacII,BspMI,-4,2,-4,False,False,True,True,True,True,True,True
AscI,SacII,SapI,-4,2,-3,False,False,False,False,False,True,False,False
AscI,SalI,BbsI,-4,-4,-4,False,False,False,False,False,False,True,False
AscI,SalI,BsaI,-4,-4,-4,False,False,False,True,True,False,False,False
AscI,SalI,BseRI,-4,-4,2,True,True,True,True,True,True,True,False
AscI,SalI,BsgI,-4,-4,2,False,False,False,False,False,False,True,True
AscI,SalI,BsmI,-4,-4,2,True,False,True,False,False,False,True,False
AscI,SalI,BspMI,-4,-4,-4,False,False,True,True,True,True,True,True
AscI,SalI,SapI,-4,-4,-3,False,False,False,False,False,True,False,False
AscI,SpeI,BbsI,-4,-4,-4,False,False,False,False,False,False,True,False
AscI,SpeI,BsaI,-4,-4,-4,False,False,False,True,True,False,False,False
AscI,SpeI,BseRI,-4,-4,2,True,True,True,True,True,True,True,False
AscI,SpeI,BsgI,-4,-4,2,False,False,False,False,False,False,True,True
AscI,SpeI,BsmI,-4,-4,2,True,False,True,False,False,False,True,False
AscI,SpeI,BspMI,-4,-4,-4,False,False,True,True,True,True,True,True
AscI,SpeI,SapI,-4,-4,-3,False,False,False,False,False,True,False,False
AscI,XbaI,BbsI,-4,-4,-4,False,False,False,False,False,False,True,False
AscI,XbaI,BseRI,-4,-4,2,True,True,False,False,False,True,True,False
AscI,XbaI,BsgI,-4,-4,2,False,False,False,False,False,False,True,False
AscI,XbaI,BsmI,-4,-4,2,True,False,False,False,False,False,True,False
AscI,XbaI,BspMI,-4,-4,-4,False,False,False,False,False,True,True,False
AscI,XbaI,SapI,-4,-4,-3,False,False,False,False,False,True,False,False
AscI,XhoI,BbsI,-4,-4,-4,False,False,False,False,False,False,True,False
AscI,XhoI,BsaI,-4,-4,-4,False,False,False,True,True,False,False,False
AscI,XhoI,BseRI,-4,-4,2,True,True,True,True,True,True,True,False
AscI,XhoI,BsgI,-4,-4,2,False,False,False,False,False,False,True,False
AscI,XhoI,BsmI,-4,-4,2,True,False,True,False,False,False,True,False
AscI,XhoI,BspMI,-4,-4,-4,False,False,True,True,True,True,True,False
AscI,XhoI,SapI,-4,-4,-3,False,False,False,False,False,True,False,False
AvrII,AflII,BbsI,-4,-4,-4,False,False,False,False,False,False,True,False
AvrII,AflII,BsaI,-4,-4,-4,False,False,False,True,True,False,False,False
AvrII,AflII,BseRI,-4,-4,2,True,True,True,True,True,True,True,False
AvrII,AflII,BsgI,-4,-4,2,False,False,False,False,False,False,True,True
AvrII,AflII,BsmI,-4,-4,2,True,False,True,False,False,False,True,False
AvrII,AflII,BspMI,-4,-4,-4,False,False,True,True,True,True,True,True
AvrII,AflII,SapI,-4,-4,-3,False,False,False,False,False,True,False,False
AvrII,AgeI,BbsI,-4,-4,-4,False,False,False,False,False,False,True,False
AvrII,AgeI,BsaI,-4,-4,-4,False,False,False,True,True,False,False,False
AvrII,AgeI,BseRI,-4,-4,2,True,True,True,True,True,True,True,False
AvrII,AgeI,BsgI,-4,-4,2,False,False,False,False,False,False,True,True
AvrII,AgeI,BsmI,-4,-4,2,True,False,True,False,False,False,True,False
AvrII,AgeI,BspMI,-4,-4,-4,False,False,True,True,True,True,True,True
AvrII,AgeI,SapI,-4,-4,-3,False,False,False,False,False,True,False,False
AvrII,AscI,BbsI,-4,-4,-4,False,False,False,False,False,False,True,False
AvrII,AscI,BsaI,-4,-4,-4,False,False,False,True,True,False,False,False
AvrII,AscI,BseRI,-4,-4,2,True,True,True,True,True,True,True,False
AvrII,AscI,BsgI,-4,-4,2,False,False,False,False,False,False,True,True
AvrII,AscI,BsmI,-4,-4,2,True,False,True,False,False,False,True,False
AvrII,AscI,BspMI,-4,-4,-4,False,False,True,True,True,True,True,True
AvrII,AscI,SapI,-4,-4,-3,False,False,False,False,False,True,False,False
AvrII,AvrII,BbsI,-4,-4,-4,False,False,False,False,False,False,True,False
AvrII,AvrII,BsaI,-4,-4,-4,False,False,False,True,True,False,False,False
AvrII,AvrII,BseRI,-4,-4,2,True,True,True,True,True,True,True,False
AvrII,AvrII,BsgI,-4,-4,2,False,False,False,False,False,False,True,True
AvrII,AvrII,BsmI,-4,-4,2,True,False,True,False,False,False,True,False
AvrII,AvrII,BspMI,-4,-4,-4,False,False,True,True,True,True,True,True
AvrII,AvrII,SapI,-4,-4,-3,False,False,False,False,False,True,False,False
AvrII,BclI,BbsI,-4,-4,-4,False,False,False,False,False,False,True,False
AvrII,BclI,BseRI,-4,-4,2,False,False,False,False,False,False,True,False
AvrII,BclI,BsgI,-4,-4,2,False,False,False,False,False,False,True,True
AvrII,BclI,BsmI,-4,-4,2,False,False,False,False,False,False,True,False
AvrII,BclI,BspMI,-4,-4,-4,False,False,False,False,False,False,True,True
AvrII,BglII,BbsI,-4,-4,-4,False,False,False,False,False,False,True,False
AvrII,BglII,BseRI,-4,-4,2,True,False,False,False,False,True,True,False
AvrII,BglII,BsgI,-4,-4,2,False,False,False,False,False,False,True,True
AvrII,BglII,BsmI,-4,-4,2,True,False,False,False,False,False,True,False
AvrII,BglII,BspMI,-4,-4,-4,False,False,False,False,False,True,True,True
AvrII,BglII,SapI,-4,-4,-3,False,False,False,False,False,True,False,False
AvrII,BsiWI,BbsI,-4,-4,-4,False,False,False,False,False,False,True,False
AvrII,BsiWI,BsaI,-4,-4,-4,False,False,False,True,True,False,False,False
AvrII,BsiWI,BseRI,-4,-4,2,True,False,True,True,True,True,True,False
AvrII,BsiWI,BsgI,-4,-4,2,False,False,False,False,False,False,True,True
AvrII,BsiWI,BsmI,-4,-4,2,True,False,True,False,False,False,True,False
AvrII,BsiWI,BspMI,-4,-4,-4,False,False,True,True,True,True,True,True
AvrII,BsiWI,SapI,-4,-4,-3,False,False,False,False,False,True,False,False
AvrII,BspEI,BbsI,-4,-4,-4,False,False,False,False,False,False,True,False
AvrII,BspEI,BseRI,-4,-4,2,True,False,False,False,False,True,True,False
AvrII,BspEI,BsgI,-4,-4,2,False,False,False,False,False,False,True,False
AvrII,BspEI,BsmI,-4,-4,2,True,False,False,False,False,False,True,False
AvrII,BspEI,BspMI,-4,-4,-4,False,False,False,False,False,True,True,False
AvrII,BspEI,SapI,-4,-4,-3,False,False,False,False,False,True,False,False
AvrII,BsrGI,BbsI,-4,-4,-4,False,False,False,False,False,False,True,False
AvrII,BsrGI,BsaI,-4,-4,-4,False,False,False,True,True,False,False,False
AvrII,BsrGI,BseRI,-4,-4,2,True,True,True,True,True,True,True,False
AvrII,BsrGI,BsgI,-4,-4,2,False,False,False,False,False,False,True,True
AvrII,BsrGI,BsmI,-4,-4,2,True,False,True,False,False,False,True,False
AvrII,BsrGI,BspMI,-4,-4,-4,False,False,True,True,True,True,True,True
AvrII,BsrGI,SapI,-4,-4,-3,False,False,False,False,False,True,False,False
AvrII,BssHII,BbsI,-4,-4,-4,False,False,False,False,False,False,True,False
AvrII,BssHII,BseRI,-4,-4,2,False,False,False,False,False,False,True,False
AvrII,BssHII,BsgI,-4,-4,2,False,False,False,False,False,False,True,True
AvrII,BssHII,BsmI,-4,-4,2,False,False,False,False,False,False,True,False
AvrII,BssHII,BspMI,-4,-4,-4,False,False,False,False,False,False,True,True
AvrII,EcoRI,BbsI,-4,-4,-4,False,False,False,False,False,False,True,False
AvrII,EcoRI,BsaI,-4,-4,-4,False,False,False,True,True,False,False,False
AvrII,EcoRI,BseRI,-4,-4,2,True,True,True,True,True,True,True,False
AvrII,EcoRI,BsgI,-4,-4,2,False,False,False,False,False,False,True,False
AvrII,EcoRI,BsmI,-4,-4,2,True,False,True,False,False,False,True,False
AvrII,EcoRI,BspMI,-4,-4,-4,False,False,True,True,True,True,True,False
AvrII,EcoRI,SapI,-4,-4,-3,False,False,False,False,False,True,False,False
AvrII,HindIII,BbsI,-4,-4,-4,False,False,False,False,False,False,True,False
AvrII,HindIII,BsaI,-4,-4,-4,False,False,False,True,True,False,False,False
AvrII,HindIII,BseRI,-4,-4,2,True,True,True,True,True,True,True,False
AvrII,HindIII,BsgI,-4,-4,2,False,False,False,False,False,False,True,True
AvrII,HindIII,BsmI,-4,-4,2,True,False,True,False,False,False,True,False
AvrII,HindIII,BspMI,-4,-4,-4,False,False,True,True,True,True,True,True
AvrII,HindIII,SapI,-4,-4,-3,False,False,False,False,False,True,False,False
AvrII,MluI,BbsI,-4,-4,-4,False,False,False,False,False,False,True,False
AvrII,MluI,BseRI,-4,-4,2,False,False,False,False,False,False,True,False
AvrII,MluI,BsgI,-4,-4,2,False,False,False,False,False,False,True,True
AvrII,MluI,BsmI,-4,-4,2,False,False,False,False,False,False,True,False
AvrII,MluI,BspMI,-4,-4,-4,False,False,False,False,False,False,True,True
AvrII,NcoI,BbsI,-4,-4,-4,False,False,False,False,False,False,True,False
AvrII,NcoI,BsaI,-4,-4,-4,False,False,False,False,True,False,False,False
AvrII,NcoI,BseRI,-4,-4,2,True,True,True,False,True,True,True,False
AvrII,NcoI,BsgI,-4,-4,2,False,False,False,False,False,False,True,False
AvrII,NcoI,BsmI,-4,-4,2,True,False,True,False,False,False,True,False
AvrII,NcoI,BspMI,-4,-4,-4,False,False,True,False,True,True,True,False
AvrII,NcoI,SapI,-4,-4,-3,False,False,False,False,False,True,False,False
AvrII,NheI,BbsI,-4,-4,-4,False,False,False,False,False,False,True,False
AvrII,NheI,BsaI,-4,-4,-4,False,False,False,False,True,False,False,False
AvrII,NheI,BseRI,-4,-4,2,True,True,True,False,True,False,True,False
AvrII,NheI,BsgI,-4,-4,2,False,False,False,False,False,False,True,False
AvrII,NheI,BsmI,-4,-4,2,True,False,True,False,False,False,True,False
AvrII,NheI,BspMI,-4,-4,-4,False,False,True,False,True,False,True,False
AvrII,NotI,BbsI,-4,-4,-4,False,False,False,False,False,False,True,False
AvrII,NotI,BsaI,-4,-4,-4,False,False,False,True,True,False,False,False
AvrII,NotI,BseRI,-4,-4,2,True,True,True,True,True,True,True,False
AvrII,NotI,BsgI,-4,-4,2,False,False,False,False,False,False,True,True
AvrII,NotI,BsmI,-4,-4,2,True,False,True,False,False,False,True,False
AvrII,NotI,BspMI,-4,-4,-4,False,False,True,True,True,True,True,True
AvrII,NotI,SapI,-4,-4,-3,False,False,False,False,False,True,False,False
AvrII,PacI,BbsI,-4,2,-4,False,False,False,False,False,False,True,False
AvrII,PacI,BsaI,-4,2,-4,False,False,False,True,True,False,False,False
AvrII,PacI,BseRI,-4,2,2,True,True,True,True,True,True,True,False
AvrII,PacI,BsgI,-4,2,2,False,False,False,False,False,False,True,True
AvrII,PacI,BsmI,-4,2,2,True,False,True,False,False,False,True,False
AvrII,PacI,BspMI,-4,2,-4,False,False,True,True,True,True,True,True
AvrII,PacI,SapI,-4,2,-3,False,False,False,False,False,True,False,False
AvrII,PciI,BseRI,-4,-4,2,False,False,False,False,False,True,False,False
AvrII,PciI,BspMI,-4,-4,-4,False,False,False,False,False,True,False,False
AvrII,PciI,SapI,-4,-4,-3,False,False,False,False,False,True,False,False
AvrII,PspOMI,BbsI,-4,-4,-4,False,False,False,False,False,False,True,False
AvrII,PspOMI,BseRI,-4,-4,2,False,False,False,False,False,False,True,False
AvrII,PspOMI,BsgI,-4,-4,2,False,False,False,False,False,False,True,True
AvrII,PspOMI,BsmI,-4,-4,2,False,False,False,False,False,False,True,False
AvrII,PspOMI,BspMI,-4,-4,-4,False,False,False,False,False,False,True,True
AvrII,SacII,BbsI,-4,2,-4,False,False,False,False,False,False,True,False
AvrII,SacII,BsaI,-4,2,-4,False,False,False,True,True,False,False,False
AvrII,SacII,BseRI,-4,2,2,True,True,True,True,True,True,True,False
AvrII,SacII,BsgI,-4,2,2,False,False,False,False,False,False,True,True
AvrII,SacII,BsmI,-4,2,2,True,False,True,False,False,False,True,False
AvrII,SacII,BspMI,-4,2,-4,False,False,True,True,True,True,True,True
AvrII,SacII,SapI,-4,2,-3,False,False,False,False,False,True,False,False
AvrII,SalI,BbsI,-4,-4,-4,False,False,False,False,False,False,True,False
AvrII,SalI,BsaI,-4,-4,-4,False,False,False,True,True,False,False,False
AvrII,SalI,BseRI,-4,-4,2,True,True,True,True,True,True,True,False
AvrII,SalI,BsgI,-4,-4,2,False,False,False,False,False,False,True,True
AvrII,SalI,BsmI,-4,-4,2,True,False,True,False,False,False,True,False
AvrII,SalI,BspMI,-4,-4,-4,False,False,True,True,True,True,True,True
AvrII,SalI,SapI,-4,-4,-3,False,False,False,False,False,True,False,False
AvrII,SpeI,BbsI,-4,-4,-4,False,False,False,False,False,False,True,False
AvrII,SpeI,BsaI,-4,-4,-4,False,False,False,True,True,False,False,False
AvrII,SpeI,BseRI,-4,-4,2,True,True,True,True,True,True,True,False
AvrII,SpeI,BsgI,-4,-4,2,False,False,False,False,False,False,True,True
AvrII,SpeI,BsmI,-4,-4,2,True,False,True,False,False,False,True,False
AvrII,SpeI,BspMI,-4,-4,-4,False,False,True,True,True,True,True,True
AvrII,SpeI,SapI,-4,-4,-3,False,False,False,False,False,True,False,False
AvrII,XbaI,BbsI,-4,-4,-4,False,False,False,False,False,False,True,False
AvrII,XbaI,BseRI,-4,-4,2,True,True,False,False,False,True,True,False
AvrII,XbaI,BsgI,-4,-4,2,False,False,False,False,False,False,True,False
AvrII,XbaI,BsmI,-4,-4,2,True,False,False,False,False,False,True,False
AvrII,XbaI,BspMI,-4,-4,-4,False,False,False,False,False,True,True,False
AvrII,XbaI,SapI,-4,-4,-3,False,False,False,False,False,True,False,False
AvrII,XhoI,BbsI,-4,-4,-4,False,False,False,False,False,False,True,False
AvrII,XhoI,BsaI,-4,-4,-4,False,False,False,True,True,False,False,False
AvrII,XhoI,BseRI,-4,-4,2,True,True,True,True,True,True,True,False
AvrII,XhoI,BsgI,-4,-4,2,False,False,False,False,False,False,True,False
AvrII,XhoI,BsmI,-4,-4,2,True,False,True,False,False,False,True,False
AvrII,XhoI,BspMI,-4,-4,-4,False,False,True,True,True,True,True,False
AvrII,XhoI,SapI,-4,-4,-3,False,False,False,False,False,True,False,False
BclI,AflII,BbsI,-4,-4,-4,False,False,False,False,False,False,True,False
BclI,AflII,BseRI,-4,-4,2,False,False,False,False,False,False,True,False
BclI,AflII,BsgI,-4,-4,2,False,False,False,False,False,False,True,True
BclI,AflII,BsmI,-4,-4,2,False,False,False,False,False,False,True,False
BclI,AflII,BspMI,-4,-4,-4,False,False,False,False,False,False,True,True
BclI,AgeI,BbsI,-4,-4,-4,False,False,False,False,False,False,True,False
BclI,AgeI,BseRI,-4,-4,2,False,False,False,False,False,False,True,False
BclI,AgeI,BsgI,-4,-4,2,False,False,False,False,False,False,True,True
BclI,AgeI,BsmI,-4,-4,2,False,False,False,False,False,False,True,False
BclI,AgeI,BspMI,-4,-4,-4,False,False,False,False,False,False,True,True
BclI,AscI,BbsI,-4,-4,-4,False,False,False,False,False,False,True,False
BclI,AscI,BseRI,-4,-4,2,False,False,False,False,False,False,True,False
BclI,AscI,BsgI,-4,-4,2,False,False,False,False,False,False,True,True
BclI,AscI,BsmI,-4,-4,2,False,False,False,False,False,False,True,False
BclI,AscI,BspMI,-4,-4,-4,False,False,False,False,False,False,True,True
BclI,AvrII,BbsI,-4,-4,-4,False,False,False,False,False,False,True,False
BclI,AvrII,BseRI,-4,-4,2,False,False,False,False,False,False,True,False
BclI,AvrII,BsgI,-4,-4,2,False,False,False,False,False,False,True,True
BclI,AvrII,BsmI,-4,-4,2,False,False,False,False,False,False,True,False
BclI,AvrII,BspMI,-4,-4,-4,False,False,False,False,False,False,True,True
BclI,BclI,BbsI,-4,-4,-4,False,False,False,False,False,False,True,False
BclI,BclI,BseRI,-4,-4,2,False,False,False,False,False,False,True,False
BclI,BclI,BsgI,-4,-4,2,False,False,False,False,False,False,True,True
BclI,BclI,BsmI,-4,-4,2,False,False,False,False,False,False,True,False
BclI,BclI,BspMI,-4,-4,-4,False,False,False,False,False,False,True,True
BclI,BglII,BbsI,-4,-4,-4,False,False,False,False,False,False,True,False
BclI,BglII,BseRI,-4,-4,2,False,False,False,False,False,False,True,False
BclI,BglII,BsgI,-4,-4,2,False,False,False,False,False,False,True,True
BclI,BglII,BsmI,-4,-4,2,False,False,False,False,False,False,True,False
BclI,BglII,BspMI,-4,-4,-4,False,False,False,False,False,False,True,True
BclI,BsiWI,BbsI,-4,-4,-4,False,False,False,False,False,False,True,False
BclI,BsiWI,BseRI,-4,-4,2,False,False,False,False,False,False,True,False
BclI,BsiWI,BsgI,-4,-4,2,False,False,False,False,False,False,True,True
BclI,BsiWI,BsmI,-4,-4,2,False,False,False,False,False,False,True,False
BclI,BsiWI,BspMI,-4,-4,-4,False,False,False,False,False,False,True,True
BclI,BspEI,BbsI,-4,-4,-4,False,False,False,False,False,False,True,False
BclI,BspEI,BseRI,-4,-4,2,False,False,False,False,False,False,True,False
BclI,BspEI,BsgI,-4,-4,2,False,False,False,False,False,False,True,False
BclI,BspEI,BsmI,-4,-4,2,False,False,False,False,False,False,True,False
BclI,BspEI,BspMI,-4,-4,-4,False,False,False,False,False,False,True,False
BclI,BsrGI,BbsI,-4,-4,-4,False,False,False,False,False,False,True,False
BclI,BsrGI,BseRI,-4,-4,2,False,False,False,False,False,False,True,False
BclI,BsrGI,BsgI,-4,-4,2,False,False,False,False,False,False,True,True
BclI,BsrGI,BsmI,-4,-4,2,False,False,False,False,False,False,True,False
BclI,BsrGI,BspMI,-4,-4,-4,False,False,False,False,False,False,True,True
BclI,BssHII,BbsI,-4,-4,-4,False,False,False,False,False,False,True,False
BclI,BssHII,BseRI,-4,-4,2,False,False,False,False,False,False,True,False
BclI,BssHII,BsgI,-4,-4,2,False,False,False,False,False,False,True,True
BclI,BssHII,BsmI,-4,-4,2,False,False,False,False,False,False,True,False
BclI,BssHII,BspMI,-4,-4,-4,False,False,False,False,False,False,True,True
BclI,EcoRI,BbsI,-4,-4,-4,False,False,False,False,False,False,True,False
BclI,EcoRI,BseRI,-4,-4,2,False,False,False,False,False,False,True,False
BclI,EcoRI,BsgI,-4,-4,2,False,False,False,False,False,False,True,False
BclI,EcoRI,BsmI,-4,-4,2,False,False,False,False,False,False,True,False
BclI,EcoRI,BspMI,-4,-4,-4,False,False,False,False,False,False,True,False
BclI,HindIII,BbsI,-4,-4,-4,False,False,False,False,False,False,True,False
BclI,HindIII,BseRI,-4,-4,2,False,False,False,False,False,False,True,False
BclI,HindIII,BsgI,-4,-4,2,False,False,False,False,False,False,True,True
BclI,HindIII,BsmI,-4,-4,2,False,False,False,False,False,False,True,False
BclI,HindIII,BspMI,-4,-4,-4,False,False,False,False,False,False,True,True
BclI,MluI,BbsI,-4,-4,-4,False,False,False,False,False,False,True,False
BclI,MluI,BseRI,-4,-4,2,False,False,False,False,False,False,True,False
BclI,MluI,BsgI,-4,-4,2,False,False,False,False,False,False,True,True
BclI,MluI,BsmI,-4,-4,2,False,False,False,False,False,False,True,False
BclI,MluI,BspMI,-4,-4,-4,False,False,False,False,False,False,True,True
BclI,NcoI,BbsI,-4,-4,-4,False,False,False,False,False,False,True,False
BclI,NcoI,BseRI,-4,-4,2,False,False,False,False,False,False,True,False
BclI,NcoI,BsgI,-4,-4,2,False,False,False,False,False,False,True,False
BclI,NcoI,BsmI,-4,-4,2,False,False,False,False,False,False,True,False
BclI,NcoI,BspMI,-4,-4,-4,False,False,False,False,False,False,True,False
BclI,NheI,BbsI,-4,-4,-4,False,False,False,False,False,False,True,False
BclI,NheI,BseRI,-4,-4,2,False,False,False,False,False,False,True,False
BclI,NheI,BsgI,-4,-4,2,False,False,False,False,False,False,True,False
BclI,NheI,BsmI,-4,-4,2,False,False,False,False,False,False,True,False
BclI,NheI,BspMI,-4,-4,-4,False,False,False,False,False,False,True,False
BclI,NotI,BbsI,-4,-4,-4,False,False,False,False,False,False,True,False
BclI,NotI,BseRI,-4,-4,2,False,False,False,False,False,False,True,False
BclI,NotI,BsgI,-4,-4,2,False,False,False,False,False,False,True,True
BclI,NotI,BsmI,-4,-4,2,False,False,False,False,False,False,True,False
BclI,NotI,BspMI,-4,-4,-4,False,False,False,False,False,False,True,True
BclI,PacI,BbsI,-4,2,-4,False,False,False,False,False,False,True,False
BclI,PacI,BseRI,-4,2,2,False,False,False,False,False,False,True,False
BclI,PacI,BsgI,-4,2,2,False,False,False,False,False,False,True,True
BclI,PacI,BsmI,-4,2,2,False,False,False,False,False,False,True,False
BclI,PacI,BspMI,-4,2,-4,False,False,False,False,False,False,True,True
BclI,PspOMI,BbsI,-4,-4,-4,False,False,False,False,False,False,True,False
BclI,PspOMI,BseRI,-4,-4,2,False,False,False,False,False,False,True,False
BclI,PspOMI,BsgI,-4,-4,2,False,False,False,False,False,False,True,True
BclI,PspOMI,BsmI,-4,-4,2,False,False,False,False,False,False,True,False
BclI,PspOMI,BspMI,-4,-4,-4,False,False,False,False,False,False,True,True
BclI,SacII,BbsI,-4,2,-4,False,False,False,False,False,False,True,False
BclI,SacII,BseRI,-4,2,2,False,False,False,False,False,False,True,False
BclI,SacII,BsgI,-4,2,2,False,False,False,False,False,False,True,True
BclI,SacII,BsmI,-4,2,2,False,False,False,False,False,False,True,False
BclI,SacII,BspMI,-4,2,-4,False,False,False,False,False,False,True,True
BclI,SalI,BbsI,-4,-4,-4,False,False,False,False,False,False,True,False
BclI,SalI,BseRI,-4,-4,2,False,False,False,False,False,False,True,False
BclI,SalI,BsgI,-4,-4,2,False,False,False,False,False,False,True,True
BclI,SalI,BsmI,-4,-4,2,False,False,False,False,False,False,True,False
BclI,SalI,BspMI,-4,-4,-4,False,False,False,False,False,False,True,True
BclI,SpeI,BbsI,-4,-4,-4,False,False,False,False,False,False,True,False
BclI,SpeI,BseRI,-4,-4,2,False,False,False,False,False,False,True,False
BclI,SpeI,BsgI,-4,-4,2,False,False,False,False,False,False,True,True
BclI,SpeI,BsmI,-4,-4,2,False,False,False,False,False,False,True,False
BclI,SpeI,BspMI,-4,-4,-4,False,False,False,False,False,False,True,True
BclI,XbaI,BbsI,-4,-4,-4,False,False,False,False,False,False,True,False
BclI,XbaI,BseRI,-4,-4,2,False,False,False,False,False,False,True,False
BclI,XbaI,BsgI,-4,-4,2,False,False,False,False,False,False,True,False
BclI,XbaI,BsmI,-4,-4,2,False,False,False,False,False,False,True,False
BclI,XbaI,BspMI,-4,-4,-4,False,False,False,False,False,False,True,False
BclI,XhoI,BbsI,-4,-4,-4,False,False,False,False,False,False,True,False
BclI,XhoI,BseRI,-4,-4,2,False,False,False,False,False,False,True,False
BclI,XhoI,BsgI,-4,-4,2,False,False,False,False,False,False,True,False
BclI,XhoI,BsmI,-4,-4,2,False,False,False,False,False,False,True,False
BclI,XhoI,BspMI,-4,-4,-4,False,False,False,False,False,False,True,False
BglII,AflII,BbsI,-4,-4,-4,False,False,False,False,False,False,True,False
BglII,AflII,BseRI,-4,-4,2,True,False,False,False,False,True,True,False
BglII,AflII,BsgI,-4,-4,2,False,False,False,False,False,False,True,True
BglII,AflII,BsmI,-4,-4,2,True,False,False,False,False,False,True,False
BglII,AflII,BspMI,-4,-4,-4,False,False,False,False,False,True,True,True
BglII,AflII,SapI,-4,-4,-3,False,False,False,False,False,True,False,False
BglII,AgeI,BbsI,-4,-4,-4,False,False,False,False,False,False,True,False
BglII,AgeI,BseRI,-4,-4,2,True,False,False,False,False,True,True,False
BglII,AgeI,BsgI,-4,-4,2,False,False,False,False,False,False,True,True
BglII,AgeI,BsmI,-4,-4,2,True,False,False,False,False,False,True,False
BglII,AgeI,BspMI,-4,-4,-4,False,False,False,False,False,True,True,True
BglII,AgeI,SapI,-4,-4,-3,False,False,False,False,False,True,False,False
BglII,AscI,BbsI,-4,-4,-4,False,False,False,False,False,False,True,False
BglII,AscI,BseRI,-4,-4,2,True,False,False,False,False,True,True,False
BglII,AscI,BsgI,-4,-4,2,False,False,False,False,False,False,True,True
BglII,AscI,BsmI,-4,-4,2,True,False,False,False,False,False,True,False
BglII,AscI,BspMI,-4,-4,-4,False,False,False,False,False,True,True,True
BglII,AscI,SapI,-4,-4,-3,False,False,False,False,False,True,False,False
BglII,AvrII,BbsI,-4,-4,-4,False,False,False,False,False,False,True,False
BglII,AvrII,BseRI,-4,-4,2,True,False,False,False,False,True,True,False
BglII,AvrII,BsgI,-4,-4,2,False,False,False,False,False,False,True,True
BglII,AvrII,BsmI,-4,-4,2,True,False,False,False,False,False,True,False
BglII,AvrII,BspMI,-4,-4,-4,False,False,False,False,False,True,True,True
BglII,AvrII,SapI,-4,-4,-3,False,False,False,False,False,True,False,False
BglII,BclI,BbsI,-4,-4,-4,False,False,False,False,False,False,True,False
BglII,BclI,BseRI,-4,-4,2,False,False,False,False,False,False,True,False
BglII,BclI,BsgI,-4,-4,2,False,False,False,False,False,False,True,True
BglII,BclI,BsmI,-4,-4,2,False,False,False,False,False,False,True,False
BglII,BclI,BspMI,-4,-4,-4,False,False,False,False,False,False,True,True
BglII,BglII,BbsI,-4,-4,-4,False,False,False,False,False,False,True,False
BglII,BglII,BseRI,-4,-4,2,True,False,False,False,False,True,True,False
BglII,BglII,BsgI,-4,-4,2,False,False,False,False,False,False,True,True
BglII,BglII,BsmI,-4,-4,2,True,False,False,False,False,False,True,False
BglII,BglII,BspMI,-4,-4,-4,False,False,False,False,False,True,True,True
BglII,BglII,SapI,-4,-4,-3,False,False,False,False,False,True,False,False
BglII,BsiWI,BbsI,-4,-4,-4,False,False,False,False,False,False,True,False
BglII,BsiWI,BseRI,-4,-4,2,True,False,False,False,False,True,True,False
BglII,BsiWI,BsgI,-4,-4,2,False,False,False,False,False,False,True,True
BglII,BsiWI,BsmI,-4,-4,2,True,False,False,False,False,False,True,False
BglII,BsiWI,BspMI,-4,-4,-4,False,False,False,False,False,True,True,True
BglII,BsiWI,SapI,-4,-4,-3,False,False,False,False,False,True,False,False
BglII,BspEI,BbsI,-4,-4,-4,False,False,False,False,False,False,True,False
BglII,BspEI,BseRI,-4,-4,2,True,False,False,False,False,True,True,False
BglII,BspEI,BsgI,-4,-4,2,False,False,False,False,False,False,True,False
BglII,BspEI,BsmI,-4,-4,2,True,False,False,False,False,False,True,False
BglII,BspEI,BspMI,-4,-4,-4,False,False,False,False,False,True,True,False
BglII,BspEI,SapI,-4,-4,-3,False,False,False,False,False,True,False,False
BglII,BsrGI,BbsI,-4,-4,-4,False,False,False,False,False,False,True,False
BglII,BsrGI,BseRI,-4,-4,2,True,False,False,False,False,True,True,False
BglII,BsrGI,BsgI,-4,-4,2,False,False,False,False,False,False,True,True
BglII,BsrGI,BsmI,-4,-4,2,True,False,False,False,False,False,True,False
BglII,BsrGI,BspMI,-4,-4,-4,False,False,False,False,False,True,True,True
BglII,BsrGI,SapI,-4,-4,-3,False,False,False,False,False,True,False,False
BglII,BssHII,BbsI,-4,-4,-4,False,False,False,False,False,False,True,False
BglII,BssHII,BseRI,-4,-4,2,False,False,False,False,False,False,True,False
BglII,BssHII,BsgI,-4,-4,2,False,False,False,False,False,False,True,True
BglII,BssHII,BsmI,-4,-4,2,False,False,False,False,False,False,True,False
BglII,BssHII,BspMI,-4,-4,-4,False,False,False,False,False,False,True,True
BglII,EcoRI,BbsI,-4,-4,-4,False,False,False,False,False,False,True,False
BglII,EcoRI,BseRI,-4,-4,2,True,False,False,False,False,True,True,False
BglII,EcoRI,BsgI,-4,-4,2,False,False,False,False,False,False,True,False
BglII,EcoRI,BsmI,-4,-4,2,True,False,False,False,False,False,True,False
BglII,EcoRI,BspMI,-4,-4,-4,False,False,False,False,False,True,True,False
BglII,EcoRI,SapI,-4,-4,-3,False,False,False,False,False,True,False,False
BglII,HindIII,BbsI,-4,-4,-4,False,False,False,False,False,False,True,False
BglII,HindIII,BseRI,-4,-4,2,True,False,False,False,False,True,True,False
BglII,HindIII,BsgI,-4,-4,2,False,False,False,False,False,False,True,True
BglII,HindIII,BsmI,-4,-4,2,True,False,False,False,False,False,True,False
BglII,HindIII,BspMI,-4,-4,-4,False,False,False,False,False,True,True,True
BglII,HindIII,SapI,-4,-4,-3,False,False,False,False,False,True,False,False
BglII,MluI,BbsI,-4,-4,-4,False,False,False,False,False,False,True,False
BglII,MluI,BseRI,-4,-4,2,False,False,False,False,False,False,True,False
BglII,MluI,BsgI,-4,-4,2,False,False,False,False,False,False,True,True
BglII,MluI,BsmI,-4,-4,2,False,False,False,False,False,False,True,False
BglII,MluI,BspMI,-4,-4,-4,False,False,False,False,False,False,True,True
BglII,NcoI,BbsI,-4,-4,-4,False,False,False,False,False,False,True,False
BglII,NcoI,BseRI,-4,-4,2,True,False,False,False,False,True,True,False
BglII,NcoI,BsgI,-4,-4,2,False,False,False,False,False,False,True,False
BglII,NcoI,BsmI,-4,-4,2,True,False,False,False,False,False,True,False
BglII,NcoI,BspMI,-4,-4,-4,False,False,False,False,False,True,True,False
BglII,NcoI,SapI,-4,-4,-3,False,False,False,False,False,True,False,False
BglII,NheI,BbsI,-4,-4,-4,False,False,False,False,False,False,True,False
BglII,NheI,BseRI,-4,-4,2,True,False,False,False,False,False,True,False
BglII,NheI,BsgI,-4,-4,2,False,False,False,False,False,False,True,False
BglII,NheI,BsmI,-4,-4,2,True,False,False,False,False,False,True,False
BglII,NheI,BspMI,-4,-4,-4,False,False,False,False,False,False,True,False
BglII,NotI,BbsI,-4,-4,-4,False,False,False,False,False,False,True,False
BglII,NotI,BseRI,-4,-4,2,True,False,False,False,False,True,True,False
BglII,NotI,BsgI,-4,-4,2,False,False,False,False,False,False,True,True
BglII,NotI,BsmI,-4,-4,2,True,False,False,False,False,False,True,False
BglII,NotI,BspMI,-4,-4,-4,False,False,False,False,False,True,True,True
BglII,NotI,SapI,-4,-4,-3,False,False,False,False,False,True,False,False
BglII,PacI,BbsI,-4,2,-4,False,False,False,False,False,False,True,False
BglII,PacI,BseRI,-4,2,2,True,False,False,False,False,True,True,False
BglII,PacI,BsgI,-4,2,2,False,False,False,False,False,False,True,True
BglII,PacI,BsmI,-4,2,2,True,False,False,False,False,False,True,False
BglII,PacI,BspMI,-4,2,-4,False,False,False,False,False,True,True,True
BglII,PacI,SapI,-4,2,-3,False,False,False,False,False,True,False,False
BglII,PciI,BseRI,-4,-4,2,False,False,False,False,False,True,False,False
BglII,PciI,BspMI,-4,-4,-4,False,False,False,False,False,True,False,False
BglII,PciI,SapI,-4,-4,-3,False,False,False,False,False,True,False,False
BglII,PspOMI,BbsI,-4,-4,-4,False,False,False,False,False,False,True,False
BglII,PspOMI,BseRI,-4,-4,2,False,False,False,False,False,False,True,False
BglII,PspOMI,BsgI,-4,-4,2,False,False,False,False,False,False,True,True
BglII,PspOMI,BsmI,-4,-4,2,False,False,False,False,False,False,True,False
BglII,PspOMI,BspMI,-4,-4,-4,False,False,False,False,False,False,True,True
BglII,SacII,BbsI,-4,2,-4,False,False,False,False,False,False,True,False
BglII,SacII,BseRI,-4,2,2,True,False,False,False,False,True,True,False
BglII,SacII,BsgI,-4,2,2,False,False,False,False,False,False,True,True
BglII,SacII,BsmI,-4,2,2,True,False,False,False,False,False,True,False
BglII,SacII,BspMI,-4,2,-4,False,False,False,False,False,True,True,True
BglII,SacII,SapI,-4,2,-3,False,False,False,False,False,True,False,False
BglII,SalI,BbsI,-4,-4,-4,False,False,False,False,False,False,True,False
BglII,SalI,BseRI,-4,-4,2,True,False,False,False,False,True,True,False
BglII,SalI,BsgI,-4,-4,2,False,False,False,False,False,False,True,True
BglII,SalI,BsmI,-4,-4,2,True,False,False,False,False,False,True,False
BglII,SalI,BspMI,-4,-4,-4,False,False,False,False,False,True,True,True
BglII,SalI,SapI,-4,-4,-3,False,False,False,False,False,True,False,False
BglII,SpeI,BbsI,-4,-4,-4,False,False,False,False,False,False,True,False
BglII,SpeI,BseRI,-4,-4,2,True,False,False,False,False,True,True,False
BglII,SpeI,BsgI,-4,-4,2,False,False,False,False,False,False,True,True
BglII,SpeI,BsmI,-4,-4,2,True,False,False,False,False,False,True,False
BglII,SpeI,BspMI,-4,-4,-4,False,False,False,False,False,True,True,True
BglII,SpeI,SapI,-4,-4,-3,False,False,False,False,False,True,False,False
BglII,XbaI,BbsI,-4,-4,-4,False,False,False,False,False,False,True,False
BglII,XbaI,BseRI,-4,-4,2,True,False,False,False,False,True,True,False
BglII,XbaI,BsgI,-4,-4,2,False,False,False,False,False,False,True,False
BglII,XbaI,BsmI,-4,-4,2,True,False,False,False,False,False,True,False
BglII,XbaI,BspMI,-4,-4,-4,False,False,False,False,False,True,True,False
BglII,XbaI,SapI,-4,-4,-3,False,False,False,False,False,True,False,False
BglII,XhoI,BbsI,-4,-4,-4,False,False,False,False,False,False,True,False
BglII,XhoI,BseRI,-4,-4,2,True,False,False,False,False,True,True,False
BglII,XhoI,BsgI,-4,-4,2,False,False,False,False,False,False,True,False
BglII,XhoI,BsmI,-4,-4,2,True,False,False,False,False,False,True,False
BglII,XhoI,BspMI,-4,-4,-4,False,False,False,False,False,True,True,False
BglII,XhoI,SapI,-4,-4,-3,False,False,False,False,False,True,False,False
BsiWI,AflII,BbsI,-4,-4,-4,False,False,False,False,False,False,True,False
BsiWI,AflII,BsaI,-4,-4,-4,False,False,False,True,True,False,False,False
BsiWI,AflII,BseRI,-4,-4,2,True,False,True,True,True,True,True,False
BsiWI,AflII,BsgI,-4,-4,2,False,False,False,False,False,False,True,True
BsiWI,AflII,BsmI,-4,-4,2,True,False,True,False,False,False,True,False
BsiWI,AflII,BspMI,-4,-4,-4,False,False,True,True,True,True,True,True
BsiWI,AflII,SapI,-4,-4,-3,False,False,False,False,False,True,False,False
BsiWI,AgeI,BbsI,-4,-4,-4,False,False,False,False,False,False,True,False
BsiWI,AgeI,BsaI,-4,-4,-4,False,False,False,True,True,False,False,False
BsiWI,AgeI,BseRI,-4,-4,2,True,False,True,True,True,True,True,False
BsiWI,AgeI,BsgI,-4,-4,2,False,False,False,False,False,False,True,True
BsiWI,AgeI,BsmI,-4,-4,2,True,False,True,False,False,False,True,False
BsiWI,AgeI,BspMI,-4,-4,-4,False,False,True,True,True,True,True,True
BsiWI,AgeI,SapI,-4,-4,-3,False,False,False,False,False,True,False,False
BsiWI,AscI,BbsI,-4,-4,-4,False,False,False,False,False,False,True,False
BsiWI,AscI,BsaI,-4,-4,-4,False,False,False,True,True,False,False,False
BsiWI,AscI,BseRI,-4,-4,2,True,False,True,True,True,True,True,False
BsiWI,AscI,BsgI,-4,-4,2,False,False,False,False,False,False,True,True
BsiWI,AscI,BsmI,-4,-4,2,True,False,True,False,False,False,True,False
BsiWI,AscI,BspMI,-4,-4,-4,False,False,True,True,True,True,True,True
BsiWI,AscI,SapI,-4,-4,-3,False,False,False,False,False,True,False,False
BsiWI,AvrII,BbsI,-4,-4,-4,False,False,False,False,False,False,True,False
BsiWI,AvrII,BsaI,-4,-4,-4,False,False,False,True,True,False,False,False
BsiWI,AvrII,BseRI,-4,-4,2,True,False,True,True,True,True,True,False
BsiWI,AvrII,BsgI,-4,-4,2,False,False,False,False,False,False,True,True
BsiWI,AvrII,BsmI,-4,-4,2,True,False,True,False,False,False,True,False
BsiWI,AvrII,BspMI,-4,-4,-4,False,False,True,True,True,True,True,True
BsiWI,AvrII,SapI,-4,-4,-3,False,False,False,False,False,True,False,False
BsiWI,BclI,BbsI,-4,-4,-4,False,False,False,False,False,False,True,False
BsiWI,BclI,BseRI,-4,-4,2,False,False,False,False,False,False,True,False
BsiWI,BclI,BsgI,-4,-4,2,False,False,False,False,False,False,True,True
BsiWI,BclI,BsmI,-4,-4,2,False,False,False,False,False,False,True,False
BsiWI,BclI,BspMI,-4,-4,-4,False,False,False,False,False,False,True,True
BsiWI,BglII,BbsI,-4,-4,-4,False,False,False,False,False,False,True,False
BsiWI,BglII,BseRI,-4,-4,2,True,False,False,False,False,True,True,False
BsiWI,BglII,BsgI,-4,-4,2,False,False,False,False,False,False,True,True
BsiWI,BglII,BsmI,-4,-4,2,True,False,False,False,False,False,True,False
BsiWI,BglII,BspMI,-4,-4,-4,False,False,False,False,False,True,True,True
BsiWI,BglII,SapI,-4,-4,-3,False,False,False,False,False,True,False,False
BsiWI,BsiWI,BbsI,-4,-4,-4,False,False,False,False,False,False,True,False
BsiWI,BsiWI,BsaI,-4,-4,-4,False,False,False,True,True,False,False,False
BsiWI,BsiWI,BseRI,-4,-4,2,True,False,True,True,True,True,True,False
BsiWI,BsiWI,BsgI,-4,-4,2,False,False,False,False,False,False,True,True
BsiWI,BsiWI,BsmI,-4,-4,2,True,False,True,False,False,False,True,False
BsiWI,BsiWI,BspMI,-4,-4,-4,False,False,True,True,True,True,True,True
BsiWI,BsiWI,SapI,-4,-4,-3,False,False,False,False,False,True,False,False
BsiWI,BspEI,BbsI,-4,-4,-4,False,False,False,False,False,False,True,False
BsiWI,BspEI,BseRI,-4,-4,2,True,False,False,False,False,True,True,False
BsiWI,BspEI,BsgI,-4,-4,2,False,False,False,False,False,False,True,False
BsiWI,BspEI,BsmI,-4,-4,2,True,False,False,False,False,False,True,False
BsiWI,BspEI,BspMI,-4,-4,-4,False,False,False,False,False,True,True,False
BsiWI,BspEI,SapI,-4,-4,-3,False,False,False,False,False,True,False,False
BsiWI,BsrGI,BbsI,-4,-4,-4,False,False,False,False,False,False,True,False
BsiWI,BsrGI,BsaI,-4,-4,-4,False,False,False,True,True,False,False,False
BsiWI,BsrGI,BseRI,-4,-4,2,True,False,True,True,True,True,True,False
BsiWI,BsrGI,BsgI,-4,-4,2,False,False,False,False,False,False,True,True
BsiWI,BsrGI,BsmI,-4,-4,2,True,False,True,False,False,False,True,False
BsiWI,BsrGI,BspMI,-4,-4,-4,False,False,True,True,True,True,True,True
BsiWI,BsrGI,SapI,-4,-4,-3,False,False,False,False,False,True,False,False
BsiWI,BssHII,BbsI,-4,-4,-4,False,False,False,False,False,False,True,False
BsiWI,BssHII,BseRI,-4,-4,2,False,False,False,False,False,False,True,False
BsiWI,BssHII,BsgI,-4,-4,2,False,False,False,False,False,False,True,True
BsiWI,BssHII,BsmI,-4,-4,2,False,False,False,False,False,False,True,False
BsiWI,BssHII,BspMI,-4,-4,-4,False,False,False,False,False,False,True,True
BsiWI,EcoRI,BbsI,-4,-4,-4,False,False,False,False,False,False,True,False
BsiWI,EcoRI,BsaI,-4,-4,-4,False,False,False,True,True,False,False,False
BsiWI,EcoRI,BseRI,-4,-4,2,True,False,True,True,True,True,True,False
BsiWI,EcoRI,BsgI,-4,-4,2,False,False,False,False,False,False,True,False
BsiWI,EcoRI,BsmI,-4,-4,2,True,False,True,False,False,False,True,False
BsiWI,EcoRI,BspMI,-4,-4,-4,False,False,True,True,True,True,True,False
BsiWI,EcoRI,SapI,-4,-4,-3,False,False,False,False,False,True,False,False
BsiWI,HindIII,BbsI,-4,-4,-4,False,False,False,False,False,False,True,False
BsiWI,HindIII,BsaI,-4,-4,-4,False,False,False,True,True,False,False,False
BsiWI,HindIII,BseRI,-4,-4,2,True,False,True,True,True,True,True,False
BsiWI,HindIII,BsgI,-4,-4,2,False,False,False,False,False,False,True,True
BsiWI,HindIII,BsmI,-4,-4,2,True,False,True,False,False,False,True,False
BsiWI,HindIII,BspMI,-4,-4,-4,False,False,True,True,True,True,True,True
BsiWI,HindIII,SapI,-4,-4,-3,False,False,False,False,False,True,False,False
BsiWI,MluI,BbsI,-4,-4,-4,False,False,False,False,False,False,True,False
BsiWI,MluI,BseRI,-4,-4,2,False,False,False,False,False,False,True,False
BsiWI,MluI,BsgI,-4,-4,2,False,False,False,False,False,False,True,True
BsiWI,MluI,BsmI,-4,-4,2,False,False,False,False,False,False,True,False
BsiWI,MluI,BspMI,-4,-4,-4,False,False,False,False,False,False,True,True
BsiWI,NcoI,BbsI,-4,-4,-4,False,False,False,False,False,False,True,False
BsiWI,NcoI,BsaI,-4,-4,-4,False,False,False,False,True,False,False,False
BsiWI,NcoI,BseRI,-4,-4,2,True,False,True,False,True,True,True,False
BsiWI,NcoI,BsgI,-4,-4,2,False,False,False,False,False,False,True,False
BsiWI,NcoI,BsmI,-4,-4,2,True,False,True,False,False,False,True,False
BsiWI,NcoI,BspMI,-4,-4,-4,False,False,True,False,True,True,True,False
BsiWI,NcoI,SapI,-4,-4,-3,False,False,False,False,False,True,False,False
BsiWI,NheI,BbsI,-4,-4,-4,False,False,False,False,False,False,True,False
BsiWI,NheI,BsaI,-4,-4,-4,False,False,False,False,True,False,False,False
BsiWI,NheI,BseRI,-4,-4,2,True,False,True,False,True,False,True,False
BsiWI,NheI,BsgI,-4,-4,2,False,False,False,False,False,False,True,False
BsiWI,NheI,BsmI,-4,-4,2,True,False,True,False,False,False,True,False
BsiWI,NheI,BspMI,-4,-4,-4,False,False,True,False,True,False,True,False
BsiWI,NotI,BbsI,-4,-4,-4,False,False,False,False,False,False,True,False
BsiWI,NotI,BsaI,-4,-4,-4,False,False,False,True,True,False,False,False
BsiWI,NotI,BseRI,-4,-4,2,True,False,True,True,True,True,True,False
BsiWI,NotI,BsgI,-4,-4,2,False,False,False,False,False,False,True,True
BsiWI,NotI,BsmI,-4,-4,2,True,False,True,False,False,False,True,False
BsiWI,NotI,BspMI,-4,-4,-4,False,False,True,True,True,True,True,True
BsiWI,NotI,SapI,-4,-4,-3,False,False,False,False,False,True,False,False
BsiWI,PacI,BbsI,-4,2,-4,False,False,False,False,False,False,True,False
BsiWI,PacI,BsaI,-4,2,-4,False,False,False,True,True,False,False,False
BsiWI,PacI,BseRI,-4,2,2,True,False,True,True,True,True,True,False
BsiWI,PacI,BsgI,-4,2,2,False,False,False,False,False,False,True,True
BsiWI,PacI,BsmI,-4,2,2,True,False,True,False,False,False,True,False
BsiWI,PacI,BspMI,-4,2,-4,False,False,True,True,True,True,True,True
BsiWI,PacI,SapI,-4,2,-3,False,False,False,False,False,True,False,False
BsiWI,PciI,BseRI,-4,-4,2,False,False,False,False,False,True,False,False
BsiWI,PciI,BspMI,-4,-4,-4,False,False,False,False,False,True,False,False
BsiWI,PciI,SapI,-4,-4,-3,False,False,False,False,False,True,False,False
BsiWI,PspOMI,BbsI,-4,-4,-4,False,False,False,False,False,False,True,False
BsiWI,PspOMI,BseRI,-4,-4,2,False,False,False,False,False,False,True,False
BsiWI,PspOMI,BsgI,-4,-4,2,False,False,False,False,False,False,True,True
BsiWI,PspOMI,BsmI,-4,-4,2,False,False,False,False,False,False,True,False
BsiWI,PspOMI,BspMI,-4,-4,-4,False,False,False,False,False,False,True,True
BsiWI,SacII,BbsI,-4,2,-4,False,False,False,False,False,False,True,False
BsiWI,SacII,BsaI,-4,2,-4,False,False,False,True,True,False,False,False
BsiWI,SacII,BseRI,-4,2,2,True,False,True,True,True,True,True,False
BsiWI,SacII,BsgI,-4,2,2,False,False,False,False,False,False,True,True
BsiWI,SacII,BsmI,-4,2,2,True,False,True,False,False,False,True,False
BsiWI,SacII,BspMI,-4,2,-4,False,False,True,True,True,True,True,True
BsiWI,SacII,SapI,-4,2,-3,False,False,False,False,False,True,False,False
BsiWI,SalI,BbsI,-4,-4,-4,False,False,False,False,False,False,True,False
BsiWI,SalI,BsaI,-4,-4,-4,False,False,False,True,True,False,False,False
BsiWI,SalI,BseRI,-4,-4,2,True,False,True,True,True,True,True,False
BsiWI,SalI,BsgI,-4,-4,2,False,False,False,False,False,False,True,True
BsiWI,SalI,BsmI,-4,-4,2,True,False,True,False,False,False,True,False
BsiWI,SalI,BspMI,-4,-4,-4,False,False,True,True,True,True,True,True
BsiWI,SalI,SapI,-4,-4,-3,False,False,False,False,False,True,False,False
BsiWI,SpeI,BbsI,-4,-4,-4,False,False,False,False,False,False,True,False
BsiWI,SpeI,BsaI,-4,-4,-4,False,False,False,True,True,False,False,False
BsiWI,SpeI,BseRI,-4,-4,2,True,False,True,True,True,True,True,False
BsiWI,SpeI,BsgI,-4,-4,2,False,False,False,False,False,False,True,True
BsiWI,SpeI,BsmI,-4,-4,2,True,False,True,False,False,False,True,False
BsiWI,SpeI,BspMI,-4,-4,-4,False,False,True,True,True,True,True,True
BsiWI,SpeI,SapI,-4,-4,-3,False,False,False,False,False,True,False,False
BsiWI,XbaI,BbsI,-4,-4,-4,False,False,False,False,False,False,True,False
BsiWI,XbaI,BseRI,-4,-4,2,True,False,False,False,False,True,True,False
BsiWI,XbaI,BsgI,-4,-4,2,False,False,False,False,False,False,True,False
BsiWI,XbaI,BsmI,-4,-4,2,True,False,False,False,False,False,True,False
BsiWI,XbaI,BspMI,-4,-4,-4,False,False,False,False,False,True,True,False
BsiWI,XbaI,SapI,-4,-4,-3,False,False,False,False,False,True,False,False
BsiWI,XhoI,BbsI,-4,-4,-4,False,False,False,False,False,False,True,False
BsiWI,XhoI,BsaI,-4,-4,-4,False,False,False,True,True,False,False,False
BsiWI,XhoI,BseRI,-4,-4,2,True,False,True,True,True,True,True,False
BsiWI,XhoI,BsgI,-4,-4,2,False,False,False,False,False,False,True,False
BsiWI,XhoI,BsmI,-4,-4,2,True,False,True,False,False,False,True,False
BsiWI,XhoI,BspMI,-4,-4,-4,False,False,True,True,True,True,True,False
BsiWI,XhoI,SapI,-4,-4,-3,False,False,False,False,False,True,False,False
BspDI,AflII,BbsI,-2,-4,-4,False,False,False,False,False,False,True,False
BspDI,AflII,BseRI,-2,-4,2,True,True,True,False,False,False,True,False
BspDI,AflII,BsgI,-2,-4,2,False,False,False,False,False,False,True,True
BspDI,AflII,BsmI,-2,-4,2,True,False,True,False,False,False,True,False
BspDI,AflII,BspMI,-2,-4,-4,False,False,True,False,False,False,True,True
BspDI,AgeI,BbsI,-2,-4,-4,False,False,False,False,False,False,True,False
BspDI,AgeI,BseRI,-2,-4,2,True,True,True,False,False,False,True,False
BspDI,AgeI,BsgI,-2,-4,2,False,False,False,False,False,False,True,True
BspDI,AgeI,BsmI,-2,-4,2,True,False,True,False,False,False,True,False
BspDI,AgeI,BspMI,-2,-4,-4,False,False,True,False,False,False,True,True
BspDI,AscI,BbsI,-2,-4,-4,False,False,False,False,False,False,True,False
BspDI,AscI,BseRI,-2,-4,2,True,True,True,False,False,False,True,False
BspDI,AscI,BsgI,-2,-4,2,False,False,False,False,False,False,True,True
BspDI,AscI,BsmI,-2,-4,2,True,False,True,False,False,False,True,False
BspDI,AscI,BspMI,-2,-4,-4,False,False,True,False,False,False,True,True
BspDI,AvrII,BbsI,-2,-4,-4,False,False,False,False,False,False,True,False
BspDI,AvrII,BseRI,-2,-4,2,True,True,True,False,False,False,True,False
BspDI,AvrII,BsgI,-2,-4,2,False,False,False,False,False,False,True,True
BspDI,AvrII,BsmI,-2,-4,2,True,False,True,False,False,False,True,False
BspDI,AvrII,BspMI,-2,-4,-4,False,False,True,False,False,False,True,True
BspDI,BclI,BbsI,-2,-4,-4,False,False,False,False,False,False,True,False
BspDI,BclI,BseRI,-2,-4,2,False,False,False,False,False,False,True,False
BspDI,BclI,BsgI,-2,-4,2,False,False,False,False,False,False,True,True
BspDI,BclI,BsmI,-2,-4,2,False,False,False,False,False,False,True,False
BspDI,BclI,BspMI,-2,-4,-4,False,False,False,False,False,False,True,True
BspDI,BglII,BbsI,-2,-4,-4,False,False,False,False,False,False,True,False
BspDI,BglII,BseRI,-2,-4,2,True,False,False,False,False,False,True,False
BspDI,BglII,BsgI,-2,-4,2,False,False,False,False,False,False,True,True
BspDI,BglII,BsmI,-2,-4,2,True,False,False,False,False,False,True,False
BspDI,BglII,BspMI,-2,-4,-4,False,False,False,False,False,False,True,True
BspDI,BsiWI,BbsI,-2,-4,-4,False,False,False,False,False,False,True,False
BspDI,BsiWI,BseRI,-2,-4,2,True,False,True,False,False,False,True,False
BspDI,BsiWI,BsgI,-2,-4,2,False,False,False,False,False,False,True,True
BspDI,BsiWI,BsmI,-2,-4,2,True,False,True,False,False,False,True,False
BspDI,BsiWI,BspMI,-2,-4,-4,False,False,True,False,False,False,True,True
BspDI,BspEI,BbsI,-2,-4,-4,False,False,False,False,False,False,True,False
BspDI,BspEI,BseRI,-2,-4,2,True,False,False,False,False,False,True,False
BspDI,BspEI,BsgI,-2,-4,2,False,False,False,False,False,False,True,False
BspDI,BspEI,BsmI,-2,-4,2,True,False,False,False,False,False,True,False
BspDI,BspEI,BspMI,-2,-4,-4,False,False,False,False,False,False,True,False
BspDI,BsrGI,BbsI,-2,-4,-4,False,False,False,False,False,False,True,False
BspDI,BsrGI,BseRI,-2,-4,2,True,True,True,False,False,False,True,False
BspDI,BsrGI,BsgI,-2,-4,2,False,False,False,False,False,False,True,True
BspDI,BsrGI,BsmI,-2,-4,2,True,False,True,False,False,False,True,False
BspDI,BsrGI,BspMI,-2,-4,-4,False,False,True,False,False,False,True,True
BspDI,BssHII,BbsI,-2,-4,-4,False,False,False,False,False,False,True,False
BspDI,BssHII,BseRI,-2,-4,2,False,False,False,False,False,False,True,False
BspDI,BssHII,BsgI,-2,-4,2,False,False,False,False,False,False,True,True
BspDI,BssHII,BsmI,-2,-4,2,False,False,False,False,False,False,True,False
BspDI,BssHII,BspMI,-2,-4,-4,False,False,False,False,False,False,True,True
BspDI,EcoRI,BbsI,-2,-4,-4,False,False,False,False,False,False,True,False
BspDI,EcoRI,BseRI,-2,-4,2,True,True,True,False,False,False,True,False
BspDI,EcoRI,BsgI,-2,-4,2,False,False,False,False,False,False,True,False
BspDI,EcoRI,BsmI,-2,-4,2,True,False,True,False,False,False,True,False
BspDI,EcoRI,BspMI,-2,-4,-4,False,False,True,False,False,False,True,False
BspDI,HindIII,BbsI,-2,-4,-4,False,False,False,False,False,False,True,False
BspDI,HindIII,BseRI,-2,-4,2,True,True,True,False,False,False,True,False
BspDI,HindIII,BsgI,-2,-4,2,False,False,False,False,False,False,True,True
BspDI,HindIII,BsmI,-2,-4,2,True,False,True,False,False,False,True,False
BspDI,HindIII,BspMI,-2,-4,-4,False,False,True,False,False,False,True,True
BspDI,MluI,BbsI,-2,-4,-4,False,False,False,False,False,False,True,False
BspDI,MluI,BseRI,-2,-4,2,False,False,False,False,False,False,True,False
BspDI,MluI,BsgI,-2,-4,2,False,False,False,False,False,False,True,True
BspDI,MluI,BsmI,-2,-4,2,False,False,False,False,False,False,True,False
BspDI,MluI,BspMI,-2,-4,-4,False,False,False,False,False,False,True,True
BspDI,NcoI,BbsI,-2,-4,-4,False,False,False,False,False,False,True,False
BspDI,NcoI,BseRI,-2,-4,2,True,True,True,False,False,False,True,False
BspDI,NcoI,BsgI,-2,-4,2,False,False,False,False,False,False,True,False
BspDI,NcoI,BsmI,-2,-4,2,True,False,True,False,False,False,True,False
BspDI,NcoI,BspMI,-2,-4,-4,False,False,True,False,False,False,True,False
BspDI,NheI,BbsI,-2,-4,-4,False,False,False,False,False,False,True,False
BspDI,NheI,BseRI,-2,-4,2,True,True,True,False,False,False,True,False
BspDI,NheI,BsgI,-2,-4,2,False,False,False,False,False,False,True,False
BspDI,NheI,BsmI,-2,-4,2,True,False,True,False,False,False,True,False
BspDI,NheI,BspMI,-2,-4,-4,False,False,True,False,False,False,True,False
BspDI,NotI,BbsI,-2,-4,-4,False,False,False,False,False,False,True,False
BspDI,NotI,BseRI,-2,-4,2,True,True,True,False,False,False,True,False
BspDI,NotI,BsgI,-2,-4,2,False,False,False,False,False,False,True,True
BspDI,NotI,BsmI,-2,-4,2,True,False,True,False,False,False,True,False
BspDI,NotI,BspMI,-2,-4,-4,False,False,True,False,False,False,True,True
BspDI,PacI,BbsI,-2,2,-4,False,False,False,False,False,False,True,False
BspDI,PacI,BseRI,-2,2,2,True,True,True,False,False,False,True,False
BspDI,PacI,BsgI,-2,2,2,False,False,False,False,False,False,True,True
BspDI,PacI,BsmI,-2,2,2,True,False,True,False,False,False,True,False
BspDI,PacI,BspMI,-2,2,-4,False,False,True,False,False,False,True,True
BspDI,PspOMI,BbsI,-2,-4,-4,False,False,False,False,False,False,True,False
BspDI,PspOMI,BseRI,-2,-4,2,False,False,False,False,False,False,True,False
BspDI,PspOMI,BsgI,-2,-4,2,False,False,False,False,False,False,True,True
BspDI,PspOMI,BsmI,-2,-4,2,False,False,False,False,False,False,True,False
BspDI,PspOMI,BspMI,-2,-4,-4,False,False,False,False,False,False,True,True
BspDI,SacII,BbsI,-2,2,-4,False,False,False,False,False,False,True,False
BspDI,SacII,BseRI,-2,2,2,True,True,True,False,False,False,True,False
BspDI,SacII,BsgI,-2,2,2,False,False,False,False,False,False,True,True
BspDI,SacII,BsmI,-2,2,2,True,False,True,False,False,False,True,False
BspDI,SacII,BspMI,-2,2,-4,False,False,True,False,False,False,True,True
BspDI,SalI,BbsI,-2,-4,-4,False,False,False,False,False,False,True,False
BspDI,SalI,BseRI,-2,-4,2,True,True,True,False,False,False,True,False
BspDI,SalI,BsgI,-2,-4,2,False,False,False,False,False,False,True,True
BspDI,SalI,BsmI,-2,-4,2,True,False,True,False,False,False,True,False
BspDI,SalI,BspMI,-2,-4,-4,False,False,True,False,False,False,True,True
BspDI,SpeI,BbsI,-2,-4,-4,False,False,False,False,False,False,True,False
BspDI,SpeI,BseRI,-2,-4,2,True,True,True,False,False,False,True,False
BspDI,SpeI,BsgI,-2,-4,2,False,False,False,False,False,False,True,True
BspDI,SpeI,BsmI,-2,-4,2,True,False,True,False,False,False,True,False
BspDI,SpeI,BspMI,-2,-4,-4,False,False,True,False,False,False,True,True
BspDI,XbaI,BbsI,-2,-4,-4,False,False,False,False,False,False,True,False
BspDI,XbaI,BseRI,-2,-4,2,True,True,False,False,False,False,True,False
BspDI,XbaI,BsgI,-2,-4,2,False,False,False,False,False,False,True,False
BspDI,XbaI,BsmI,-2,-4,2,True,False,False,False,False,False,True,False
BspDI,XbaI,BspMI,-2,-4,-4,False,False,False,False,False,False,True,False
BspDI,XhoI,BbsI,-2,-4,-4,False,False,False,False,False,False,True,False
BspDI,XhoI,BseRI,-2,-4,2,True,True,True,False,False,False,True,False
BspDI,XhoI,BsgI,-2,-4,2,False,False,False,False,False,False,True,False
BspDI,XhoI,BsmI,-2,-4,2,True,False,True,False,False,False,True,False
BspDI,XhoI,BspMI,-2,-4,-4,False,False,True,False,False,False,True,False
BspEI,AflII,BbsI,-4,-4,-4,False,False,False,False,False,False,True,False
BspEI,AflII,BseRI,-4,-4,2,True,False,False,False,False,True,True,False
BspEI,AflII,BsgI,-4,-4,2,False,False,False,False,False,False,True,False
BspEI,AflII,BsmI,-4,-4,2,True,False,False,False,False,False,True,False
BspEI,AflII,BspMI,-4,-4,-4,False,False,False,False,False,True,True,False
BspEI,AflII,SapI,-4,-4,-3,False,False,False,False,False,True,False,False
BspEI,AgeI,BbsI,-4,-4,-4,False,False,False,False,False,False,True,False
BspEI,AgeI,BseRI,-4,-4,2,True,False,False,False,False,True,True,False
BspEI,AgeI,BsgI,-4,-4,2,False,False,False,False,False,False,True,False
BspEI,AgeI,BsmI,-4,-4,2,True,False,False,False,False,False,True,False
BspEI,AgeI,BspMI,-4,-4,-4,False,False,False,False,False,True,True,False
BspEI,AgeI,SapI,-4,-4,-3,False,False,False,False,False,True,False,False
BspEI,AscI,BbsI,-4,-4,-4,False,False,False,False,False,False,True,False
BspEI,AscI,BseRI,-4,-4,2,True,False,False,False,False,True,True,False
BspEI,AscI,BsgI,-4,-4,2,False,False,False,False,False,False,True,False
BspEI,AscI,BsmI,-4,-4,2,True,False,False,False,False,False,True,False
BspEI,AscI,BspMI,-4,-4,-4,False,False,False,False,False,True,True,False
BspEI,AscI,SapI,-4,-4,-3,False,False,False,False,False,True,False,False
BspEI,AvrII,BbsI,-4,-4,-4,False,False,False,False,False,False,True,False
BspEI,AvrII,BseRI,-4,-4,2,True,False,False,False,False,True,True,False
BspEI,AvrII,BsgI,-4,-4,2,False,False,False,False,False,False,True,False
BspEI,AvrII,BsmI,-4,-4,2,True,False,False,False,False,False,True,False
BspEI,AvrII,BspMI,-4,-4,-4,False,False,False,False,False,True,True,False
BspEI,AvrII,SapI,-4,-4,-3,False,False,False,False,False,True,False,False
BspEI,BclI,BbsI,-4,-4,-4,False,False,False,False,False,False,True,False
BspEI,BclI,BseRI,-4,-4,2,False,False,False,False,False,False,True,False
BspEI,BclI,BsgI,-4,-4,2,False,False,False,False,False,False,True,False
BspEI,BclI,BsmI,-4,-4,2,False,False,False,False,False,False,True,False
BspEI,BclI,BspMI,-4,-4,-4,False,False,False,False,False,False,True,False
BspEI,BglII,BbsI,-4,-4,-4,False,False,False,False,False,False,True,False
BspEI,BglII,BseRI,-4,-4,2,True,False,False,False,False,True,True,False
BspEI,BglII,BsgI,-4,-4,2,False,False,False,False,False,False,True,False
BspEI,BglII,BsmI,-4,-4,2,True,False,False,False,False,False,True,False
BspEI,BglII,BspMI,-4,-4,-4,False,False,False,False,False,True,True,False
BspEI,BglII,SapI,-4,-4,-3,False,False,False,False,False,True,False,False
BspEI,BsiWI,BbsI,-4,-4,-4,False,False,False,False,False,False,True,False
BspEI,BsiWI,BseRI,-4,-4,2,True,False,False,False,False,True,True,False
BspEI,BsiWI,BsgI,-4,-4,2,False,False,False,False,False,False,True,False
BspEI,BsiWI,BsmI,-4,-4,2,True,False,False,False,False,False,True,False
BspEI,BsiWI,BspMI,-4,-4,-4,False,False,False,False,False,True,True,False
BspEI,BsiWI,SapI,-4,-4,-3,False,False,False,False,False,True,False,False
BspEI,BspEI,BbsI,-4,-4,-4,False,False,False,False,False,False,True,False
BspEI,BspEI,BseRI,-4,-4,2,True,False,False,False,False,True,True,False
BspEI,BspEI,BsgI,-4,-4,2,False,False,False,False,False,False,True,False
BspEI,BspEI,BsmI,-4,-4,2,True,False,False,False,False,False,True,False
BspEI,BspEI,BspMI,-4,-4,-4,False,False,False,False,False,True,True,False
BspEI,BspEI,SapI,-4,-4,-3,False,False,False,False,False,True,False,False
BspEI,BsrGI,BbsI,-4,-4,-4,False,False,False,False,False,False,True,False
BspEI,BsrGI,BseRI,-4,-4,2,True,False,False,False,False,True,True,False
BspEI,BsrGI,BsgI,-4,-4,2,False,False,False,False,False,False,True,False
BspEI,BsrGI,BsmI,-4,-4,2,True,False,False,False,False,False,True,False
BspEI,BsrGI,BspMI,-4,-4,-4,False,False,False,False,False,True,True,False
BspEI,BsrGI,SapI,-4,-4,-3,False,False,False,False,False,True,False,False
BspEI,BssHII,BbsI,-4,-4,-4,False,False,False,False,False,False,True,False
BspEI,BssHII,BseRI,-4,-4,2,False,False,False,False,False,False,True,False
BspEI,BssHII,BsgI,-4,-4,2,False,False,False,False,False,False,True,False
BspEI,BssHII,BsmI,-4,-4,2,False,False,False,False,False,False,True,False
BspEI,BssHII,BspMI,-4,-4,-4,False,False,False,False,False,False,True,False
BspEI,EcoRI,BbsI,-4,-4,-4,False,False,False,False,False,False,True,False
BspEI,EcoRI,BseRI,-4,-4,2,True,False,False,False,False,True,True,False
BspEI,EcoRI,BsgI,-4,-4,2,False,False,False,False,False,False,True,False
BspEI,EcoRI,BsmI,-4,-4,2,True,False,False,False,False,False,True,False
BspEI,EcoRI,BspMI,-4,-4,-4,False,False,False,False,False,True,True,False
BspEI,EcoRI,SapI,-4,-4,-3,False,False,False,False,False,True,False,False
BspEI,HindIII,BbsI,-4,-4,-4,False,False,False,False,False,False,True,False
BspEI,HindIII,BseRI,-4,-4,2,True,False,False,False,False,True,True,False
BspEI,HindIII,BsgI,-4,-4,2,False,False,False,False,False,False,True,False
BspEI,HindIII,BsmI,-4,-4,2,True,False,False,False,False,False,True,False
BspEI,HindIII,BspMI,-4,-4,-4,False,False,False,False,False,True,True,False
BspEI,HindIII,SapI,-4,-4,-3,False,False,False,False,False,True,False,False
BspEI,MluI,BbsI,-4,-4,-4,False,False,False,False,False,False,True,False
BspEI,MluI,BseRI,-4,-4,2,False,False,False,False,False,False,True,False
BspEI,MluI,BsgI,-4,-4,2,False,False,False,False,False,False,True,False
BspEI,MluI,BsmI,-4,-4,2,False,False,False,False,False,False,True,False
BspEI,MluI,BspMI,-4,-4,-4,False,False,False,False,False,False,True,False
BspEI,NcoI,BbsI,-4,-4,-4,False,False,False,False,False,False,True,False
BspEI,NcoI,BseRI,-4,-4,2,True,False,False,False,False,True,True,False
BspEI,NcoI,BsgI,-4,-4,2,False,False,False,False,False,False,True,False
BspEI,NcoI,BsmI,-4,-4,2,True,False,False,False,False,False,True,False
BspEI,NcoI,BspMI,-4,-4,-4,False,False,False,False,False,True,True,False
BspEI,NcoI,SapI,-4,-4,-3,False,False,False,False,False,True,False,False
BspEI,NheI,BbsI,-4,-4,-4,False,False,False,False,False,False,True,False
BspEI,NheI,BseRI,-4,-4,2,True,False,False,False,False,False,True,False
BspEI,NheI,BsgI,-4,-4,2,False,False,False,False,False,False,True,False
BspEI,NheI,BsmI,-4,-4,2,True,False,False,False,False,False,True,False
BspEI,NheI,BspMI,-4,-4,-4,False,False,False,False,False,False,True,False
BspEI,NotI,BbsI,-4,-4,-4,False,False,False,False,False,False,True,False
BspEI,NotI,BseRI,-4,-4,2,True,False,False,False,False,True,True,False
BspEI,NotI,BsgI,-4,-4,2,False,False,False,False,False,False,True,False
BspEI,NotI,BsmI,-4,-4,2,True,False,False,False,False,False,True,False
BspEI,NotI,BspMI,-4,-4,-4,False,False,False,False,False,True,True,False
BspEI,NotI,SapI,-4,-4,-3,False,False,False,False,False,True,False,False
BspEI,PacI,BbsI,-4,2,-4,False,False,False,False,False,False,True,False
BspEI,PacI,BseRI,-4,2,2,True,False,False,False,False,True,True,False
BspEI,PacI,BsgI,-4,2,2,False,False,False,False,False,False,True,False
BspEI,PacI,BsmI,-4,2,2,True,False,False,False,False,False,True,False
BspEI,PacI,BspMI,-4,2,-4,False,False,False,False,False,True,True,False
BspEI,PacI,SapI,-4,2,-3,False,False,False,False,False,True,False,False
BspEI,PciI,BseRI,-4,-4,2,False,False,False,False,False,True,False,False
BspEI,PciI,BspMI,-4,-4,-4,False,False,False,False,False,True,False,False
BspEI,PciI,SapI,-4,-4,-3,False,False,False,False,False,True,False,False
BspEI,PspOMI,BbsI,-4,-4,-4,False,False,False,False,False,False,True,False
BspEI,PspOMI,BseRI,-4,-4,2,False,False,False,False,False,False,True,False
BspEI,PspOMI,BsgI,-4,-4,2,False,False,False,False,False,False,True,False
BspEI,PspOMI,BsmI,-4,-4,2,False,False,False,False,False,False,True,False
BspEI,PspOMI,BspMI,-4,-4,-4,False,False,False,False,False,False,True,False
BspEI,SacII,BbsI,-4,2,-4,False,False,False,False,False,False,True,False
BspEI,SacII,BseRI,-4,2,2,True,False,False,False,False,True,True,False
BspEI,SacII,BsgI,-4,2,2,False,False,False,False,False,False,True,False
BspEI,SacII,BsmI,-4,2,2,True,False,False,False,False,False,True,False
BspEI,SacII,BspMI,-4,2,-4,False,False,False,False,False,True,True,False
BspEI,SacII,SapI,-4,2,-3,False,False,False,False,False,True,False,False
BspEI,SalI,BbsI,-4,-4,-4,False,False,False,False,False,False,True,False
BspEI,SalI,BseRI,-4,-4,2,True,False,False,False,False,True,True,False
BspEI,SalI,BsgI,-4,-4,2,False,False,False,False,False,False,True,False
BspEI,SalI,BsmI,-4,-4,2,True,False,False,False,False,False,True,False
BspEI,SalI,BspMI,-4,-4,-4,False,False,False,False,False,True,True,False
BspEI,SalI,SapI,-4,-4,-3,False,False,False,False,False,True,False,False
BspEI,SpeI,BbsI,-4,-4,-4,False,False,False,False,False,False,True,False
BspEI,SpeI,BseRI,-4,-4,2,True,False,False,False,False,True,True,False
BspEI,SpeI,BsgI,-4,-4,2,False,False,False,False,False,False,True,False
BspEI,SpeI,BsmI,-4,-4,2,True,False,False,False,False,False,True,False
BspEI,SpeI,BspMI,-4,-4,-4,False,False,False,False,False,True,True,False
BspEI,SpeI,SapI,-4,-4,-3,False,False,False,False,False,True,False,False
BspEI,XbaI,BbsI,-4,-4,-4,False,False,False,False,False,False,True,False
BspEI,XbaI,BseRI,-4,-4,2,True,False,False,False,False,True,True,False
BspEI,XbaI,BsgI,-4,-4,2,False,False,False,False,False,False,True,False
BspEI,XbaI,BsmI,-4,-4,2,True,False,False,False,False,False,True,False
BspEI,XbaI,BspMI,-4,-4,-4,False,False,False,False,False,True,True,False
BspEI,XbaI,SapI,-4,-4,-3,False,False,False,False,False,True,False,False
BspEI,XhoI,BbsI,-4,-4,-4,False,False,False,False,False,False,True,False
BspEI,XhoI,BseRI,-4,-4,2,True,False,False,False,False,True,True,False
BspEI,XhoI,BsgI,-4,-4,2,False,False,False,False,False,False,True,False
BspEI,XhoI,BsmI,-4,-4,2,True,False,False,False,False,False,True,False
BspEI,XhoI,BspMI,-4,-4,-4,False,False,False,False,False,True,True,False
BspEI,XhoI,SapI,-4,-4,-3,False,False,False,False,False,True,False,False
BsrGI,AflII,BbsI,-4,-4,-4,False,False,False,False,False,False,True,False
BsrGI,AflII,BsaI,-4,-4,-4,False,False,False,True,True,False,False,False
BsrGI,AflII,BseRI,-4,-4,2,True,True,True,True,True,True,True,False
BsrGI,AflII,BsgI,-4,-4,2,False,False,False,False,False,False,True,True
BsrGI,AflII,BsmI,-4,-4,2,True,False,True,False,False,False,True,False
BsrGI,AflII,BspMI,-4,-4,-4,False,False,True,True,True,True,True,True
BsrGI,AflII,SapI,-4,-4,-3,False,False,False,False,False,True,False,False
BsrGI,AgeI,BbsI,-4,-4,-4,False,False,False,False,False,False,True,False
BsrGI,AgeI,BsaI,-4,-4,-4,False,False,False,True,True,False,False,False
BsrGI,AgeI,BseRI,-4,-4,2,True,True,True,True,True,True,True,False
BsrGI,AgeI,BsgI,-4,-4,2,False,False,False,False,False,False,True,True
BsrGI,AgeI,BsmI,-4,-4,2,True,False,True,False,False,False,True,False
BsrGI,AgeI,BspMI,-4,-4,-4,False,False,True,True,True,True,True,True
BsrGI,AgeI,SapI,-4,-4,-3,False,False,False,False,False,True,False,False
BsrGI,AscI,BbsI,-4,-4,-4,False,False,False,False,False,False,True,False
BsrGI,AscI,BsaI,-4,-4,-4,False,False,False,True,True,False,False,False
BsrGI,AscI,BseRI,-4,-4,2,True,True,True,True,True,True,True,False
BsrGI,AscI,BsgI,-4,-4,2,False,False,False,False,False,False,True,True
BsrGI,AscI,BsmI,-4,-4,2,True,False,True,False,False,False,True,False
BsrGI,AscI,BspMI,-4,-4,-4,False,False,True,True,True,True,True,True
BsrGI,AscI,SapI,-4,-4,-3,False,False,False,False,False,True,False,False
BsrGI,AvrII,BbsI,-4,-4,-4,False,False,False,False,False,False,True,False
BsrGI,AvrII,BsaI,-4,-4,-4,False,False,False,True,True,False,False,False
BsrGI,AvrII,BseRI,-4,-4,2,True,True,True,True,True,True,True,False
BsrGI,AvrII,BsgI,-4,-4,2,False,False,False,False,False,False,True,True
BsrGI,AvrII,BsmI,-4,-4,2,True,False,True,False,False,False,True,False
BsrGI,AvrII,BspMI,-4,-4,-4,False,False,True,True,True,True,True,True
BsrGI,AvrII,SapI,-4,-4,-3,False,False,False,False,False,True,False,False
BsrGI,BclI,BbsI,-4,-4,-4,False,False,False,False,False,False,True,False
BsrGI,BclI,BseRI,-4,-4,2,False,False,False,False,False,False,True,False
BsrGI,BclI,BsgI,-4,-4,2,False,False,False,False,False,False,True,True
BsrGI,BclI,BsmI,-4,-4,2,False,False,False,False,False,False,True,False
BsrGI,BclI,BspMI,-4,-4,-4,False,False,False,False,False,False,True,True
BsrGI,BglII,BbsI,-4,-4,-4,False,False,False,False,False,False,True,False
BsrGI,BglII,BseRI,-4,-4,2,True,False,False,False,False,True,True,False
BsrGI,BglII,BsgI,-4,-4,2,False,False,False,False,False,False,True,True
BsrGI,BglII,BsmI,-4,-4,2,True,False,False,False,False,False,True,False
BsrGI,BglII,BspMI,-4,-4,-4,False,False,False,False,False,True,True,True
BsrGI,BglII,SapI,-4,-4,-3,False,False,False,False,False,True,False,False
BsrGI,BsiWI,BbsI,-4,-4,-4,False,False,False,False,False,False,True,False
BsrGI,BsiWI,BsaI,-4,-4,-4,False,False,False,True,True,False,False,False
BsrGI,BsiWI,BseRI,-4,-4,2,True,False,True,True,True,True,True,False
BsrGI,BsiWI,BsgI,-4,-4,2,False,False,False,False,False,False,True,True
BsrGI,BsiWI,BsmI,-4,-4,2,True,False,True,False,False,False,True,False
BsrGI,BsiWI,BspMI,-4,-4,-4,False,False,True,True,True,True,True,True
BsrGI,BsiWI,SapI,-4,-4,-3,False,False,False,False,False,True,False,False
BsrGI,BspEI,BbsI,-4,-4,-4,False,False,False,False,False,False,True,False
BsrGI,BspEI,BseRI,-4,-4,2,True,False,False,False,False,True,True,False
BsrGI,BspEI,BsgI,-4,-4,2,False,False,False,False,False,False,True,False
BsrGI,BspEI,BsmI,-4,-4,2,True,False,False,False,False,False,True,False
BsrGI,BspEI,BspMI,-4,-4,-4,False,False,False,False,False,True,True,False
BsrGI,BspEI,SapI,-4,-4,-3,False,False,False,False,False,True,False,False
BsrGI,BsrGI,BbsI,-4,-4,-4,False,False,False,False,False,False,True,False
BsrGI,BsrGI,BsaI,-4,-4,-4,False,False,False,True,True,False,False,False
BsrGI,BsrGI,BseRI,-4,-4,2,True,True,True,True,True,True,True,False
BsrGI,BsrGI,BsgI,-4,-4,2,False,False,False,False,False,False,True,True
BsrGI,BsrGI,BsmI,-4,-4,2,True,False,True,False,False,False,True,False
BsrGI,BsrGI,BspMI,-4,-4,-4,False,False,True,True,True,True,True,True
BsrGI,BsrGI,SapI,-4,-4,-3,False,False,False,False,False,True,False,False
BsrGI,BssHII,BbsI,-4,-4,-4,False,False,False,False,False,False,True,False
BsrGI,BssHII,BseRI,-4,-4,2,False,False,False,False,False,False,True,False
BsrGI,BssHII,BsgI,-4,-4,2,False,False,False,False,False,False,True,True
BsrGI,BssHII,BsmI,-4,-4,2,False,False,False,False,False,False,True,False
BsrGI,BssHII,BspMI,-4,-4,-4,False,False,False,False,False,False,True,True
BsrGI,EcoRI,BbsI,-4,-4,-4,False,False,False,False,False,False,True,False
BsrGI,EcoRI,BsaI,-4,-4,-4,False,False,False,True,True,False,False,False
BsrGI,EcoRI,BseRI,-4,-4,2,True,True,True,True,True,True,True,False
BsrGI,EcoRI,BsgI,-4,-4,2,False,False,False,False,False,False,True,False
BsrGI,EcoRI,BsmI,-4,-4,2,True,False,True,False,False,False,True,False
BsrGI,EcoRI,BspMI,-4,-4,-4,False,False,True,True,True,True,True,False
BsrGI,EcoRI,SapI,-4,-4,-3,False,False,False,False,False,True,False,False
BsrGI,HindIII,BbsI,-4,-4,-4,False,False,False,False,False,False,True,False
BsrGI,HindIII,BsaI,-4,-4,-4,False,False,False,True,True,False,False,False
BsrGI,HindIII,BseRI,-4,-4,2,True,True,True,True,True,True,True,False
BsrGI,HindIII,BsgI,-4,-4,2,False,False,False,False,False,False,True,True
BsrGI,HindIII,BsmI,-4,-4,2,True,False,True,False,False,False,True,False
BsrGI,HindIII,BspMI,-4,-4,-4,False,False,True,True,True,True,True,True
BsrGI,HindIII,SapI,-4,-4,-3,False,False,False,False,False,True,False,False
BsrGI,MluI,BbsI,-4,-4,-4,False,False,False,False,False,False,True,False
BsrGI,MluI,BseRI,-4,-4,2,False,False,False,False,False,False,True,False
BsrGI,MluI,BsgI,-4,-4,2,False,False,False,False,False,False,True,True
BsrGI,MluI,BsmI,-4,-4,2,False,False,False,False,False,False,True,False
BsrGI,MluI,BspMI,-4,-4,-4,False,False,False,False,False,False,True,True
BsrGI,NcoI,BbsI,-4,-4,-4,False,False,False,False,False,False,True,False
BsrGI,NcoI,BsaI,-4,-4,-4,False,False,False,False,True,False,False,False
BsrGI,NcoI,BseRI,-4,-4,2,True,True,True,False,True,True,True,False
BsrGI,NcoI,BsgI,-4,-4,2,False,False,False,False,False,False,True,False
BsrGI,NcoI,BsmI,-4,-4,2,True,False,True,False,False,False,True,False
BsrGI,NcoI,BspMI,-4,-4,-4,False,False,True,False,True,True,True,False
BsrGI,NcoI,SapI,-4,-4,-3,False,False,False,False,False,True,False,False
BsrGI,NheI,BbsI,-4,-4,-4,False,False,False,False,False,False,True,False
BsrGI,NheI,BsaI,-4,-4,-4,False,False,False,False,True,False,False,False
BsrGI,NheI,BseRI,-4,-4,2,True,True,True,False,True,False,True,False
BsrGI,NheI,BsgI,-4,-4,2,False,False,False,False,False,False,True,False
BsrGI,NheI,BsmI,-4,-4,2,True,False,True,False,False,False,True,False
BsrGI,NheI,BspMI,-4,-4,-4,False,False,True,False,True,False,True,False
BsrGI,NotI,BbsI,-4,-4,-4,False,False,False,False,False,False,True,False
BsrGI,NotI,BsaI,-4,-4,-4,False,False,False,True,True,False,False,False
BsrGI,NotI,BseRI,-4,-4,2,True,True,True,True,True,True,True,False
BsrGI,NotI,BsgI,-4,-4,2,False,False,False,False,False,False,True,True
BsrGI,NotI,BsmI,-4,-4,2,True,False,True,False,False,False,True,False
BsrGI,NotI,BspMI,-4,-4,-4,False,False,True,True,True,True,True,True
BsrGI,NotI,SapI,-4,-4,-3,False,False,False,False,False,True,False,False
BsrGI,PacI,BbsI,-4,2,-4,False,False,False,False,False,False,True,False
BsrGI,PacI,BsaI,-4,2,-4,False,False,False,True,True,False,False,False
BsrGI,PacI,BseRI,-4,2,2,True,True,True,True,True,True,True,False
BsrGI,PacI,BsgI,-4,2,2,False,False,False,False,False,False,True,True
BsrGI,PacI,BsmI,-4,2,2,True,False,True,False,False,False,True,False
BsrGI,PacI,BspMI,-4,2,-4,False,False,True,True,True,True,True,True
BsrGI,PacI,SapI,-4,2,-3,False,False,False,False,False,True,False,False
BsrGI,PciI,BseRI,-4,-4,2,False,False,False,False,False,True,False,False
BsrGI,PciI,BspMI,-4,-4,-4,False,False,False,False,False,True,False,False
BsrGI,PciI,SapI,-4,-4,-3,False,False,False,False,False,True,False,False
BsrGI,PspOMI,BbsI,-4,-4,-4,False,False,False,False,False,False,True,False
BsrGI,PspOMI,BseRI,-4,-4,2,False,False,False,False,False,False,True,False
BsrGI,PspOMI,BsgI,-4,-4,2,False,False,False,False,False,False,True,True
BsrGI,PspOMI,BsmI,-4,-4,2,False,False,False,False,False,False,True,False
BsrGI,PspOMI,BspMI,-4,-4,-4,False,False,False,False,False,False,True,True
BsrGI,SacII,BbsI,-4,2,-4,False,False,False,False,False,False,True,False
BsrGI,SacII,BsaI,-4,2,-4,False,False,False,True,True,False,False,False
BsrGI,SacII,BseRI,-4,2,2,True,True,True,True,True,True,True,False
BsrGI,SacII,BsgI,-4,2,2,False,False,False,False,False,False,True,True
BsrGI,SacII,BsmI,-4,2,2,True,False,True,False,False,False,True,False
BsrGI,SacII,BspMI,-4,2,-4,False,False,True,True,True,True,True,True
BsrGI,SacII,SapI,-4,2,-3,False,False,False,False,False,True,False,False
BsrGI,SalI,BbsI,-4,-4,-4,False,False,False,False,False,False,True,False
BsrGI,SalI,BsaI,-4,-4,-4,False,False,False,True,True,False,False,False
BsrGI,SalI,BseRI,-4,-4,2,True,True,True,True,True,True,True,False
BsrGI,SalI,BsgI,-4,-4,2,False,False,False,False,False,False,True,True
BsrGI,SalI,BsmI,-4,-4,2,True,False,True,False,False,False,True,False
BsrGI,SalI,BspMI,-4,-4,-4,False,False,True,True,True,True,True,True
BsrGI,SalI,SapI,-4,-4,-3,False,False,False,False,False,True,False,False
BsrGI,SpeI,BbsI,-4,-4,-4,False,False,False,False,False,False,True,False
BsrGI,SpeI,BsaI,-4,-4,-4,False,False,False,True,True,False,False,False
BsrGI,SpeI,BseRI,-4,-4,2,True,True,True,True,True,True,True,False
BsrGI,SpeI,BsgI,-4,-4,2,False,False,False,False,False,False,True,True
BsrGI,SpeI,BsmI,-4,-4,2,True,False,True,False,False,False,True,False
BsrGI,SpeI,BspMI,-4,-4,-4,False,False,True,True,True,True,True,True
BsrGI,SpeI,SapI,-4,-4,-3,False,False,False,False,False,True,False,False
BsrGI,XbaI,BbsI,-4,-4,-4,False,False,False,False,False,False,True,False
BsrGI,XbaI,BseRI,-4,-4,2,True,True,False,False,False,True,True,False
BsrGI,XbaI,BsgI,-4,-4,2,False,False,False,False,False,False,True,False
BsrGI,XbaI,BsmI,-4,-4,2,True,False,False,False,False,False,True,False
BsrGI,XbaI,BspMI,-4,-4,-4,False,False,False,False,False,True,True,False
BsrGI,XbaI,SapI,-4,-4,-3,False,False,False,False,False,True,False,False
BsrGI,XhoI,BbsI,-4,-4,-4,False,False,False,False,False,False,True,False
BsrGI,XhoI,BsaI,-4,-4,-4,False,False,False,True,True,False,False,False
BsrGI,XhoI,BseRI,-4,-4,2,True,True,True,True,True,True,True,False
BsrGI,XhoI,BsgI,-4,-4,2,False,False,False,False,False,False,True,False
BsrGI,XhoI,BsmI,-4,-4,2,True,False,True,False,False,False,True,False
BsrGI,XhoI,BspMI,-4,-4,-4,False,False,True,True,True,True,True,False
BsrGI,XhoI,SapI,-4,-4,-3,False,False,False,False,False,True,False,False
BssHII,AflII,BbsI,-4,-4,-4,False,False,False,False,False,False,True,False
BssHII,AflII,BseRI,-4,-4,2,False,False,False,False,False,False,True,False
BssHII,AflII,BsgI,-4,-4,2,False,False,False,False,False,False,True,True
BssHII,AflII,BsmI,-4,-4,2,False,False,False,False,False,False,True,False
BssHII,AflII,BspMI,-4,-4,-4,False,False,False,False,False,False,True,True
BssHII,AgeI,BbsI,-4,-4,-4,False,False,False,False,False,False,True,False
BssHII,AgeI,BseRI,-4,-4,2,False,False,False,False,False,False,True,False
BssHII,AgeI,BsgI,-4,-4,2,False,False,False,False,False,False,True,True
BssHII,AgeI,BsmI,-4,-4,2,False,False,False,False,False,False,True,False
BssHII,AgeI,BspMI,-4,-4,-4,False,False,False,False,False,False,True,True
BssHII,AscI,BbsI,-4,-4,-4,False,False,False,False,False,False,True,False
BssHII,AscI,BseRI,-4,-4,2,False,False,False,False,False,False,True,False
BssHII,AscI,BsgI,-4,-4,2,False,False,False,False,False,False,True,True
BssHII,AscI,BsmI,-4,-4,2,False,False,False,False,False,False,True,False
BssHII,AscI,BspMI,-4,-4,-4,False,False,False,False,False,False,True,True
BssHII,AvrII,BbsI,-4,-4,-4,False,False,False,False,False,False,True,False
BssHII,AvrII,BseRI,-4,-4,2,False,False,False,False,False,False,True,False
BssHII,AvrII,BsgI,-4,-4,2,False,False,False,False,False,False,True,True
BssHII,AvrII,BsmI,-4,-4,2,False,False,False,False,False,False,True,False
BssHII,AvrII,BspMI,-4,-4,-4,False,False,False,False,False,False,True,True
BssHII,BclI,BbsI,-4,-4,-4,False,False,False,False,False,False,True,False
BssHII,BclI,BseRI,-4,-4,2,False,False,False,False,False,False,True,False
BssHII,BclI,BsgI,-4,-4,2,False,False,False,False,False,False,True,True
BssHII,BclI,BsmI,-4,-4,2,False,False,False,False,False,False,True,False
BssHII,BclI,BspMI,-4,-4,-4,False,False,False,False,False,False,True,True
BssHII,BglII,BbsI,-4,-4,-4,False,False,False,False,False,False,True,False
BssHII,BglII,BseRI,-4,-4,2,False,False,False,False,False,False,True,False
BssHII,BglII,BsgI,-4,-4,2,False,False,False,False,False,False,True,True
BssHII,BglII,BsmI,-4,-4,2,False,False,False,False,False,False,True,False
BssHII,BglII,BspMI,-4,-4,-4,False,False,False,False,False,False,True,True
BssHII,BsiWI,BbsI,-4,-4,-4,False,False,False,False,False,False,True,False
BssHII,BsiWI,BseRI,-4,-4,2,False,False,False,False,False,False,True,False
BssHII,BsiWI,BsgI,-4,-4,2,False,False,False,False,False,False,True,True
BssHII,BsiWI,BsmI,-4,-4,2,False,False,False,False,False,False,True,False
BssHII,BsiWI,BspMI,-4,-4,-4,False,False,False,False,False,False,True,True
BssHII,BspEI,BbsI,-4,-4,-4,False,False,False,False,False,False,True,False
BssHII,BspEI,BseRI,-4,-4,2,False,False,False,False,False,False,True,False
BssHII,BspEI,BsgI,-4,-4,2,False,False,False,False,False,False,True,False
BssHII,BspEI,BsmI,-4,-4,2,False,False,False,False,False,False,True,False
BssHII,BspEI,BspMI,-4,-4,-4,False,False,False,False,False,False,True,False
BssHII,BsrGI,BbsI,-4,-4,-4,False,False,False,False,False,False,True,False
BssHII,BsrGI,BseRI,-4,-4,2,False,False,False,False,False,False,True,False
BssHII,BsrGI,BsgI,-4,-4,2,False,False,False,False,False,False,True,True
BssHII,BsrGI,BsmI,-4,-4,2,False,False,False,False,False,False,True,False
BssHII,BsrGI,BspMI,-4,-4,-4,False,False,False,False,False,False,True,True
BssHII,BssHII,BbsI,-4,-4,-4,False,False,False,False,False,False,True,False
BssHII,BssHII,BseRI,-4,-4,2,False,False,False,False,False,False,True,False
BssHII,BssHII,BsgI,-4,-4,2,False,False,False,False,False,False,True,True
BssHII,BssHII,BsmI,-4,-4,2,False,False,False,False,False,False,True,False
BssHII,BssHII,BspMI,-4,-4,-4,False,False,False,False,False,False,True,True
BssHII,EcoRI,BbsI,-4,-4,-4,False,False,False,False,False,False,True,False
BssHII,EcoRI,BseRI,-4,-4,2,False,False,False,False,False,False,True,False
BssHII,EcoRI,BsgI,-4,-4,2,False,False,False,False,False,False,True,False
BssHII,EcoRI,BsmI,-4,-4,2,False,False,False,False,False,False,True,False
BssHII,EcoRI,BspMI,-4,-4,-4,False,False,False,False,False,False,True,False
BssHII,HindIII,BbsI,-4,-4,-4,False,False,False,False,False,False,True,False
BssHII,HindIII,BseRI,-4,-4,2,False,False,False,False,False,False,True,False
BssHII,HindIII,BsgI,-4,-4,2,False,False,False,False,False,False,True,True
BssHII,HindIII,BsmI,-4,-4,2,False,False,False,False,False,False,True,False
BssHII,HindIII,BspMI,-4,-4,-4,False,False,False,False,False,False,True,True
BssHII,MluI,BbsI,-4,-4,-4,False,False,False,False,False,False,True,False
BssHII,MluI,BseRI,-4,-4,2,False,False,False,False,False,False,True,False
BssHII,MluI,BsgI,-4,-4,2,False,False,False,False,False,False,True,True
BssHII,MluI,BsmI,-4,-4,2,False,False,False,False,False,False,True,False
BssHII,MluI,BspMI,-4,-4,-4,False,False,False,False,False,False,True,True
BssHII,NcoI,BbsI,-4,-4,-4,False,False,False,False,False,False,True,False
BssHII,NcoI,BseRI,-4,-4,2,False,False,False,False,False,False,True,False
BssHII,NcoI,BsgI,-4,-4,2,False,False,False,False,False,False,True,False
BssHII,NcoI,BsmI,-4,-4,2,False,False,False,False,False,False,True,False
BssHII,NcoI,BspMI,-4,-4,-4,False,False,False,False,False,False,True,False
BssHII,NheI,BbsI,-4,-4,-4,False,False,False,False,False,False,True,False
BssHII,NheI,BseRI,-4,-4,2,False,False,False,False,False,False,True,False
BssHII,NheI,BsgI,-4,-4,2,False,False,False,False,False,False,True,False
BssHII,NheI,BsmI,-4,-4,2,False,False,False,False,False,False,True,False
BssHII,NheI,BspMI,-4,-4,-4,False,False,False,False,False,False,True,False
BssHII,NotI,BbsI,-4,-4,-4,False,False,False,False,False,False,True,False
BssHII,NotI,BseRI,-4,-4,2,False,False,False,False,False,False,True,False
BssHII,NotI,BsgI,-4,-4,2,False,False,False,False,False,False,True,True
BssHII,NotI,BsmI,-4,-4,2,False,False,False,False,False,False,True,False
BssHII,NotI,BspMI,-4,-4,-4,False,False,False,False,False,False,True,True
BssHII,PacI,BbsI,-4,2,-4,False,False,False,False,False,False,True,False
BssHII,PacI,BseRI,-4,2,2,False,False,False,False,False,False,True,False
BssHII,PacI,BsgI,-4,2,2,False,False,False,False,False,False,True,True
BssHII,PacI,BsmI,-4,2,2,False,False,False,False,False,False,True,False
BssHII,PacI,BspMI,-4,2,-4,False,False,False,False,False,False,True,True
BssHII,PspOMI,BbsI,-4,-4,-4,False,False,False,False,False,False,True,False
BssHII,PspOMI,BseRI,-4,-4,2,False,False,False,False,False,False,True,False
BssHII,PspOMI,BsgI,-4,-4,2,False,False,False,False,False,False,True,True
BssHII,PspOMI,BsmI,-4,-4,2,False,False,False,False,False,False,True,False
BssHII,PspOMI,BspMI,-4,-4,-4,False,False,False,False,False,False,True,True
BssHII,SacII,BbsI,-4,2,-4,False,False,False,False,False,False,True,False
BssHII,SacII,BseRI,-4,2,2,False,False,False,False,False,False,True,False
BssHII,SacII,BsgI,-4,2,2,False,False,False,False,False,False,True,True
BssHII,SacII,BsmI,-4,2,2,False,False,False,False,False,False,True,False
BssHII,SacII,BspMI,-4,2,-4,False,False,False,False,False,False,True,True
BssHII,SalI,BbsI,-4,-4,-4,False,False,False,False,False,False,True,False
BssHII,SalI,BseRI,-4,-4,2,False,False,False,False,False,False,True,False
BssHII,SalI,BsgI,-4,-4,2,False,False,False,False,False,False,True,True
BssHII,SalI,BsmI,-4,-4,2,False,False,False,False,False,False,True,False
BssHII,SalI,BspMI,-4,-4,-4,False,False,False,False,False,False,True,True
BssHII,SpeI,BbsI,-4,-4,-4,False,False,False,False,False,False,True,False
BssHII,SpeI,BseRI,-4,-4,2,False,False,False,False,False,False,True,False
BssHII,SpeI,BsgI,-4,-4,2,False,False,False,False,False,False,True,True
BssHII,SpeI,BsmI,-4,-4,2,False,False,False,False,False,False,True,False
BssHII,SpeI,BspMI,-4,-4,-4,False,False,False,False,False,False,True,True
BssHII,XbaI,BbsI,-4,-4,-4,False,False,False,False,False,False,True,False
BssHII,XbaI,BseRI,-4,-4,2,False,False,False,False,False,False,True,False
BssHII,XbaI,BsgI,-4,-4,2,False,False,False,False,False,False,True,False
BssHII,XbaI,BsmI,-4,-4,2,False,False,False,False,False,False,True,False
BssHII,XbaI,BspMI,-4,-4,-4,False,False,False,False,False,False,True,False
BssHII,XhoI,BbsI,-4,-4,-4,False,False,False,False,False,False,True,False
BssHII,XhoI,BseRI,-4,-4,2,False,False,False,False,False,False,True,False
BssHII,XhoI,BsgI,-4,-4,2,False,False,False,False,False,False,True,False
BssHII,XhoI,BsmI,-4,-4,2,False,False,False,False,False,False,True,False
BssHII,XhoI,BspMI,-4,-4,-4,False,False,False,False,False,False,True,False
BstBI,AflII,BbsI,-2,-4,-4,False,False,False,False,False,False,True,False
BstBI,AflII,BsaI,-2,-4,-4,False,False,False,True,True,False,False,False
BstBI,AflII,BseRI,-2,-4,2,False,True,True,True,True,True,True,False
BstBI,AflII,BsgI,-2,-4,2,False,False,False,False,False,False,True,True
BstBI,AflII,BsmI,-2,-4,2,False,False,True,False,False,False,True,False
BstBI,AflII,BspMI,-2,-4,-4,False,False,True,True,True,True,True,True
BstBI,AflII,SapI,-2,-4,-3,False,False,False,False,False,True,False,False
BstBI,AgeI,BbsI,-2,-4,-4,False,False,False,False,False,False,True,False
BstBI,AgeI,BsaI,-2,-4,-4,False,False,False,True,True,False,False,False
BstBI,AgeI,BseRI,-2,-4,2,False,True,True,True,True,True,True,False
BstBI,AgeI,BsgI,-2,-4,2,False,False,False,False,False,False,True,True
BstBI,AgeI,BsmI,-2,-4,2,False,False,True,False,False,False,True,False
BstBI,AgeI,BspMI,-2,-4,-4,False,False,True,True,True,True,True,True
BstBI,AgeI,SapI,-2,-4,-3,False,False,False,False,False,True,False,False
BstBI,AscI,BbsI,-2,-4,-4,False,False,False,False,False,False,True,False
BstBI,AscI,BsaI,-2,-4,-4,False,False,False,True,True,False,False,False
BstBI,AscI,BseRI,-2,-4,2,False,True,True,True,True,True,True,False
BstBI,AscI,BsgI,-2,-4,2,False,False,False,False,False,False,True,True
BstBI,AscI,BsmI,-2,-4,2,False,False,True,False,False,False,True,False
BstBI,AscI,BspMI,-2,-4,-4,False,False,True,True,True,True,True,True
BstBI,AscI,SapI,-2,-4,-3,False,False,False,False,False,True,False,False
BstBI,AvrII,BbsI,-2,-4,-4,False,False,False,False,False,False,True,False
BstBI,AvrII,BsaI,-2,-4,-4,False,False,False,True,True,False,False,False
BstBI,AvrII,BseRI,-2,-4,2,False,True,True,True,True,True,True,False
BstBI,AvrII,BsgI,-2,-4,2,False,False,False,False,False,False,True,True
BstBI,AvrII,BsmI,-2,-4,2,False,False,True,False,False,False,True,False
BstBI,AvrII,BspMI,-2,-4,-4,False,False,True,True,True,True,True,True
BstBI,AvrII,SapI,-2,-4,-3,False,False,False,False,False,True,False,False
BstBI,BclI,BbsI,-2,-4,-4,False,False,False,False,False,False,True,False
BstBI,BclI,BseRI,-2,-4,2,False,False,False,False,False,False,True,False
BstBI,BclI,BsgI,-2,-4,2,False,False,False,False,False,False,True,True
BstBI,BclI,BsmI,-2,-4,2,False,False,False,False,False,False,True,False
BstBI,BclI,BspMI,-2,-4,-4,False,False,False,False,False,False,True,True
BstBI,BglII,BbsI,-2,-4,-4,False,False,False,False,False,False,True,False
BstBI,BglII,BseRI,-2,-4,2,False,False,False,False,False,True,True,False
BstBI,BglII,BsgI,-2,-4,2,False,False,False,False,False,False,True,True
BstBI,BglII,BsmI,-2,-4,2,False,False,False,False,False,False,True,False
BstBI,BglII,BspMI,-2,-4,-4,False,False,False,False,False,True,True,True
BstBI,BglII,SapI,-2,-4,-3,False,False,False,False,False,True,False,False
BstBI,BsiWI,BbsI,-2,-4,-4,False,False,False,False,False,False,True,False
BstBI,BsiWI,BsaI,-2,-4,-4,False,False,False,True,True,False,False,False
BstBI,BsiWI,BseRI,-2,-4,2,False,False,True,True,True,True,True,False
BstBI,BsiWI,BsgI,-2,-4,2,False,False,False,False,False,False,True,True
BstBI,BsiWI,BsmI,-2,-4,2,False,False,True,False,False,False,True,False
BstBI,BsiWI,BspMI,-2,-4,-4,False,False,True,True,True,True,True,True
BstBI,BsiWI,SapI,-2,-4,-3,False,False,False,False,False,True,False,False
BstBI,BspEI,BbsI,-2,-4,-4,False,False,False,False,False,False,True,False
BstBI,BspEI,BseRI,-2,-4,2,False,False,False,False,False,True,True,False
BstBI,BspEI,BsgI,-2,-4,2,False,False,False,False,False,False,True,False
BstBI,BspEI,BsmI,-2,-4,2,False,False,False,False,False,False,True,False
BstBI,BspEI,BspMI,-2,-4,-4,False,False,False,False,False,True,True,False
BstBI,BspEI,SapI,-2,-4,-3,False,False,False,False,False,True,False,False
BstBI,BsrGI,BbsI,-2,-4,-4,False,False,False,False,False,False,True,False
BstBI,BsrGI,BsaI,-2,-4,-4,False,False,False,True,True,False,False,False
BstBI,BsrGI,BseRI,-2,-4,2,False,True,True,True,True,True,True,False
BstBI,BsrGI,BsgI,-2,-4,2,False,False,False,False,False,False,True,True
BstBI,BsrGI,BsmI,-2,-4,2,False,False,True,False,False,False,True,False
BstBI,BsrGI,BspMI,-2,-4,-4,False,False,True,True,True,True,True,True
BstBI,BsrGI,SapI,-2,-4,-3,False,False,False,False,False,True,False,False
BstBI,BssHII,BbsI,-2,-4,-4,False,False,False,False,False,False,True,False
BstBI,BssHII,BseRI,-2,-4,2,False,False,False,False,False,False,True,False
BstBI,BssHII,BsgI,-2,-4,2,False,False,False,False,False,False,True,True
BstBI,BssHII,BsmI,-2,-4,2,False,False,False,False,False,False,True,False
BstBI,BssHII,BspMI,-2,-4,-4,False,False,False,False,False,False,True,True
BstBI,EcoRI,BbsI,-2,-4,-4,False,False,False,False,False,False,True,False
BstBI,EcoRI,BsaI,-2,-4,-4,False,False,False,True,True,False,False,False
BstBI,EcoRI,BseRI,-2,-4,2,False,True,True,True,True,True,True,False
BstBI,EcoRI,BsgI,-2,-4,2,False,False,False,False,False,False,True,False
BstBI,EcoRI,BsmI,-2,-4,2,False,False,True,False,False,False,True,False
BstBI,EcoRI,BspMI,-2,-4,-4,False,False,True,True,True,True,True,False
BstBI,EcoRI,SapI,-2,-4,-3,False,False,False,False,False,True,False,False
BstBI,HindIII,BbsI,-2,-4,-4,False,False,False,False,False,False,True,False
BstBI,HindIII,BsaI,-2,-4,-4,False,False,False,True,True,False,False,False
BstBI,HindIII,BseRI,-2,-4,2,False,True,True,True,True,True,True,False
BstBI,HindIII,BsgI,-2,-4,2,False,False,False,False,False,False,True,True
BstBI,HindIII,BsmI,-2,-4,2,False,False,True,False,False,False,True,False
BstBI,HindIII,BspMI,-2,-4,-4,False,False,True,True,True,True,True,True
BstBI,HindIII,SapI,-2,-4,-3,False,False,False,False,False,True,False,False
BstBI,MluI,BbsI,-2,-4,-4,False,False,False,False,False,False,True,False
BstBI,MluI,BseRI,-2,-4,2,False,False,False,False,False,False,True,False
BstBI,MluI,BsgI,-2,-4,2,False,False,False,False,False,False,True,True
BstBI,MluI,BsmI,-2,-4,2,False,False,False,False,False,False,True,False
BstBI,MluI,BspMI,-2,-4,-4,False,False,False,False,False,False,True,True
BstBI,NcoI,BbsI,-2,-4,-4,False,False,False,False,False,False,True,False
BstBI,NcoI,BsaI,-2,-4,-4,False,False,False,False,True,False,False,False
BstBI,NcoI,BseRI,-2,-4,2,False,True,True,False,True,True,True,False
BstBI,NcoI,BsgI,-2,-4,2,False,False,False,False,False,False,True,False
BstBI,NcoI,BsmI,-2,-4,2,False,False,True,False,False,False,True,False
BstBI,NcoI,BspMI,-2,-4,-4,False,False,True,False,True,True,True,False
BstBI,NcoI,SapI,-2,-4,-3,False,False,False,False,False,True,False,False
BstBI,NheI,BbsI,-2,-4,-4,False,False,False,False,False,False,True,False
BstBI,NheI,BsaI,-2,-4,-4,False,False,False,False,True,False,False,False
BstBI,NheI,BseRI,-2,-4,2,False,True,True,False,True,False,True,False
BstBI,NheI,BsgI,-2,-4,2,False,False,False,False,False,False,True,False
BstBI,NheI,BsmI,-2,-4,2,False,False,True,False,False,False,True,False
BstBI,NheI,BspMI,-2,-4,-4,False,False,True,False,True,False,True,False
BstBI,NotI,BbsI,-2,-4,-4,False,False,False,False,False,False,True,False
BstBI,NotI,BsaI,-2,-4,-4,False,False,False,True,True,False,False,False
BstBI,NotI,BseRI,-2,-4,2,False,True,True,True,True,True,True,False
BstBI,NotI,BsgI,-2,-4,2,False,False,False,False,False,False,True,True
BstBI,NotI,BsmI,-2,-4,2,False,False,True,False,False,False,True,False
BstBI,NotI,BspMI,-2,-4,-4,False,False,True,True,True,True,True,True
BstBI,NotI,SapI,-2,-4,-3,False,False,False,False,False,True,False,False
BstBI,PacI,BbsI,-2,2,-4,False,False,False,False,False,False,True,False
BstBI,PacI,BsaI,-2,2,-4,False,False,False,True,True,False,False,False
BstBI,PacI,BseRI,-2,2,2,False,True,True,True,True,True,True,False
BstBI,PacI,BsgI,-2,2,2,False,False,False,False,False,False,True,True
BstBI,PacI,BsmI,-2,2,2,False,False,True,False,False,False,True,False
BstBI,PacI,BspMI,-2,2,-4,False,False,True,True,True,True,True,True
BstBI,PacI,SapI,-2,2,-3,False,False,False,False,False,True,False,False
BstBI,PciI,BseRI,-2,-4,2,False,False,False,False,False,True,False,False
BstBI,PciI,BspMI,-2,-4,-4,False,False,False,False,False,True,False,False
BstBI,PciI,SapI,-2,-4,-3,False,False,False,False,False,True,False,False
BstBI,PspOMI,BbsI,-2,-4,-4,False,False,False,False,False,False,True,False
BstBI,PspOMI,BseRI,-2,-4,2,False,False,False,False,False,False,True,False
BstBI,PspOMI,BsgI,-2,-4,2,False,False,False,False,False,False,True,True
BstBI,PspOMI,BsmI,-2,-4,2,False,False,False,False,False,False,True,False
BstBI,PspOMI,BspMI,-2,-4,-4,False,False,False,False,False,False,True,True
BstBI,SacII,BbsI,-2,2,-4,False,False,False,False,False,False,True,False
BstBI,SacII,BsaI,-2,2,-4,False,False,False,True,True,False,False,False
BstBI,SacII,BseRI,-2,2,2,False,True,True,True,True,True,True,False
BstBI,SacII,BsgI,-2,2,2,False,False,False,False,False,False,True,True
BstBI,SacII,BsmI,-2,2,2,False,False,True,False,False,False,True,False
BstBI,SacII,BspMI,-2,2,-4,False,False,True,True,True,True,True,True
BstBI,SacII,SapI,-2,2,-3,False,False,False,False,False,True,False,False
BstBI,SalI,BbsI,-2,-4,-4,False,False,False,False,False,False,True,False
BstBI,SalI,BsaI,-2,-4,-4,False,False,False,True,True,False,False,False
BstBI,SalI,BseRI,-2,-4,2,False,True,True,True,True,True,True,False
BstBI,SalI,BsgI,-2,-4,2,False,False,False,False,False,False,True,True
BstBI,SalI,BsmI,-2,-4,2,False,False,True,False,False,False,True,False
BstBI,SalI,BspMI,-2,-4,-4,False,False,True,True,True,True,True,True
BstBI,SalI,SapI,-2,-4,-3,False,False,False,False,False,True,False,False
BstBI,SpeI,BbsI,-2,-4,-4,False,False,False,False,False,False,True,False
BstBI,SpeI,BsaI,-2,-4,-4,False,False,False,True,True,False,False,False
BstBI,SpeI,BseRI,-2,-4,2,False,True,True,True,True,True,True,False
BstBI,SpeI,BsgI,-2,-4,2,False,False,False,False,False,False,True,True
BstBI,SpeI,BsmI,-2,-4,2,False,False,True,False,False,False,True,False
BstBI,SpeI,BspMI,-2,-4,-4,False,False,True,True,True,True,True,True
BstBI,SpeI,SapI,-2,-4,-3,False,False,False,False,False,True,False,False
BstBI,XbaI,BbsI,-2,-4,-4,False,False,False,False,False,False,True,False
BstBI,XbaI,BseRI,-2,-4,2,False,True,False,False,False,True,True,False
BstBI,XbaI,BsgI,-2,-4,2,False,False,False,False,False,False,True,False
BstBI,XbaI,BsmI,-2,-4,2,False,False,False,False,False,False,True,False
BstBI,XbaI,BspMI,-2,-4,-4,False,False,False,False,False,True,True,False
BstBI,XbaI,SapI,-2,-4,-3,False,False,False,False,False,True,False,False
BstBI,XhoI,BbsI,-2,-4,-4,False,False,False,False,False,False,True,False
BstBI,XhoI,BsaI,-2,-4,-4,False,False,False,True,True,False,False,False
BstBI,XhoI,BseRI,-2,-4,2,False,True,True,True,True,True,True,False
BstBI,XhoI,BsgI,-2,-4,2,False,False,False,False,False,False,True,False
BstBI,XhoI,BsmI,-2,-4,2,False,False,True,False,False,False,True,False
BstBI,XhoI,BspMI,-2,-4,-4,False,False,True,True,True,True,True,False
BstBI,XhoI,SapI,-2,-4,-3,False,False,False,False,False,True,False,False
ClaI,AflII,BbsI,-2,-4,-4,False,False,False,False,False,False,True,False
ClaI,AflII,BseRI,-2,-4,2,True,True,True,False,False,False,True,False
ClaI,AflII,BsgI,-2,-4,2,False,False,False,False,False,False,True,True
ClaI,AflII,BsmI,-2,-4,2,True,False,True,False,False,False,True,False
ClaI,AflII,BspMI,-2,-4,-4,False,False,True,False,False,False,True,True
ClaI,AgeI,BbsI,-2,-4,-4,False,False,False,False,False,False,True,False
ClaI,AgeI,BseRI,-2,-4,2,True,True,True,False,False,False,True,False
ClaI,AgeI,BsgI,-2,-4,2,False,False,False,False,False,False,True,True
ClaI,AgeI,BsmI,-2,-4,2,True,False,True,False,False,False,True,False
ClaI,AgeI,BspMI,-2,-4,-4,False,False,True,False,False,False,True,True
ClaI,AscI,BbsI,-2,-4,-4,False,False,False,False,False,False,True,False
ClaI,AscI,BseRI,-2,-4,2,True,True,True,False,False,False,True,False
ClaI,AscI,BsgI,-2,-4,2,False,False,False,False,False,False,True,True
ClaI,AscI,BsmI,-2,-4,2,True,False,True,False,False,False,True,False
ClaI,AscI,BspMI,-2,-4,-4,False,False,True,False,False,False,True,True
ClaI,AvrII,BbsI,-2,-4,-4,False,False,False,False,False,False,True,False
ClaI,AvrII,BseRI,-2,-4,2,True,True,True,False,False,False,True,False
ClaI,AvrII,BsgI,-2,-4,2,False,False,False,False,False,False,True,True
ClaI,AvrII,BsmI,-2,-4,2,True,False,True,False,False,False,True,False
ClaI,AvrII,BspMI,-2,-4,-4,False,False,True,False,False,False,True,True
ClaI,BclI,BbsI,-2,-4,-4,False,False,False,False,False,False,True,False
ClaI,BclI,BseRI,-2,-4,2,False,False,False,False,False,False,True,False
ClaI,BclI,BsgI,-2,-4,2,False,False,False,False,False,False,True,True
ClaI,BclI,BsmI,-2,-4,2,False,False,False,False,False,False,True,False
ClaI,BclI,BspMI,-2,-4,-4,False,False,False,False,False,False,True,True
ClaI,BglII,BbsI,-2,-4,-4,False,False,False,False,False,False,True,False
ClaI,BglII,BseRI,-2,-4,2,True,False,False,False,False,False,True,False
ClaI,BglII,BsgI,-2,-4,2,False,False,False,False,False,False,True,True
ClaI,BglII,BsmI,-2,-4,2,True,False,False,False,False,False,True,False
ClaI,BglII,BspMI,-2,-4,-4,False,False,False,False,False,False,True,True
ClaI,BsiWI,BbsI,-2,-4,-4,False,False,False,False,False,False,True,False
ClaI,BsiWI,BseRI,-2,-4,2,True,False,True,False,False,False,True,False
ClaI,BsiWI,BsgI,-2,-4,2,False,False,False,False,False,False,True,True
ClaI,BsiWI,BsmI,-2,-4,2,True,False,True,False,False,False,True,False
ClaI,BsiWI,BspMI,-2,-4,-4,False,False,True,False,False,False,True,True
ClaI,BspEI,BbsI,-2,-4,-4,False,False,False,False,False,False,True,False
ClaI,BspEI,BseRI,-2,-4,2,True,False,False,False,False,False,True,False
ClaI,BspEI,BsgI,-2,-4,2,False,False,False,False,False,False,True,False
ClaI,BspEI,BsmI,-2,-4,2,True,False,False,False,False,False,True,False
ClaI,BspEI,BspMI,-2,-4,-4,False,False,False,False,False,False,True,False
ClaI,BsrGI,BbsI,-2,-4,-4,False,False,False,False,False,False,True,False
ClaI,BsrGI,BseRI,-2,-4,2,True,True,True,False,False,False,True,False
ClaI,BsrGI,BsgI,-2,-4,2,False,False,False,False,False,False,True,True
ClaI,BsrGI,BsmI,-2,-4,2,True,False,True,False,False,False,True,False
ClaI,BsrGI,BspMI,-2,-4,-4,False,False,True,False,False,False,True,True
ClaI,BssHII,BbsI,-2,-4,-4,False,False,False,False,False,False,True,False
ClaI,BssHII,BseRI,-2,-4,2,False,False,False,False,False,False,True,False
ClaI,BssHII,BsgI,-2,-4,2,False,False,False,False,False,False,True,True
ClaI,BssHII,BsmI,-2,-4,2,False,False,False,False,False,False,True,False
ClaI,BssHII,BspMI,-2,-4,-4,False,False,False,False,False,False,True,True
ClaI,EcoRI,BbsI,-2,-4,-4,False,False,False,False,False,False,True,False
ClaI,EcoRI,BseRI,-2,-4,2,True,True,True,False,False,False,True,False
ClaI,EcoRI,BsgI,-2,-4,2,False,False,False,False,False,False,True,False
ClaI,EcoRI,BsmI,-2,-4,2,True,False,True,False,False,False,True,False
ClaI,EcoRI,BspMI,-2,-4,-4,False,False,True,False,False,False,True,False
ClaI,HindIII,BbsI,-2,-4,-4,False,False,False,False,False,False,True,False
ClaI,HindIII,BseRI,-2,-4,2,True,True,True,False,False,False,True,False
ClaI,HindIII,BsgI,-2,-4,2,False,False,False,False,False,False,True,True
ClaI,HindIII,BsmI,-2,-4,2,True,False,True,False,False,False,True,False
ClaI,HindIII,BspMI,-2,-4,-4,False,False,True,False,False,False,True,True
ClaI,MluI,BbsI,-2,-4,-4,False,False,False,False,False,False,True,False
ClaI,MluI,BseRI,-2,-4,2,False,False,False,False,False,False,True,False
ClaI,MluI,BsgI,-2,-4,2,False,False,False,False,False,False,True,True
ClaI,MluI,BsmI,-2,-4,2,False,False,False,False,False,False,True,False
ClaI,MluI,BspMI,-2,-4,-4,False,False,False,False,False,False,True,True
ClaI,NcoI,BbsI,-2,-4,-4,False,False,False,False,False,False,True,False
ClaI,NcoI,BseRI,-2,-4,2,True,True,True,False,False,False,True,False
ClaI,NcoI,BsgI,-2,-4,2,False,False,False,False,False,False,True,False
ClaI,NcoI,BsmI,-2,-4,2,True,False,True,False,False,False,True,False
ClaI,NcoI,BspMI,-2,-4,-4,False,False,True,False,False,False,True,False
ClaI,NheI,BbsI,-2,-4,-4,False,False,False,False,False,False,True,False
ClaI,NheI,BseRI,-2,-4,2,True,True,True,False,False,False,True,False
ClaI,NheI,BsgI,-2,-4,2,False,False,False,False,False,False,True,False
ClaI,NheI,BsmI,-2,-4,2,True,False,True,False,False,False,True,False
ClaI,NheI,BspMI,-2,-4,-4,False,False,True,False,False,False,True,False
ClaI,NotI,BbsI,-2,-4,-4,False,False,False,False,False,False,True,False
ClaI,NotI,BseRI,-2,-4,2,True,True,True,False,False,False,True,False
ClaI,NotI,BsgI,-2,-4,2,False,False,False,False,False,False,True,True
ClaI,NotI,BsmI,-2,-4,2,True,False,True,False,False,False,True,False
ClaI,NotI,BspMI,-2,-4,-4,False,False,True,False,False,False,True,True
ClaI,PacI,BbsI,-2,2,-4,False,False,False,False,False,False,True,False
ClaI,PacI,BseRI,-2,2,2,True,True,True,False,False,False,True,False
ClaI,PacI,BsgI,-2,2,2,False,False,False,False,False,False,True,True
ClaI,PacI,BsmI,-2,2,2,True,False,True,False,False,False,True,False
ClaI,PacI,BspMI,-2,2,-4,False,False,True,False,False,False,True,True
ClaI,PspOMI,BbsI,-2,-4,-4,False,False,False,False,False,False,True,False
ClaI,PspOMI,BseRI,-2,-4,2,False,False,False,False,False,False,True,False
ClaI,PspOMI,BsgI,-2,-4,2,False,False,False,False,False,False,True,True
ClaI,PspOMI,BsmI,-2,-4,2,False,False,False,False,False,False,True,False
ClaI,PspOMI,BspMI,-2,-4,-4,False,False,False,False,False,False,True,True
ClaI,SacII,BbsI,-2,2,-4,False,False,False,False,False,False,True,False
ClaI,SacII,BseRI,-2,2,2,True,True,True,False,False,False,True,False
ClaI,SacII,BsgI,-2,2,2,False,False,False,False,False,False,True,True
ClaI,SacII,BsmI,-2,2,2,True,False,True,False,False,False,True,False
ClaI,SacII,BspMI,-2,2,-4,False,False,True,False,False,False,True,True
ClaI,SalI,BbsI,-2,-4,-4,False,False,False,False,False,False,True,False
ClaI,SalI,BseRI,-2,-4,2,True,True,True,False,False,False,True,False
ClaI,SalI,BsgI,-2,-4,2,False,False,False,False,False,False,True,True
ClaI,SalI,BsmI,-2,-4,2,True,False,True,False,False,False,True,False
ClaI,SalI,BspMI,-2,-4,-4,False,False,True,False,False,False,True,True
ClaI,SpeI,BbsI,-2,-4,-4,False,False,False,False,False,False,True,False
ClaI,SpeI,BseRI,-2,-4,2,True,True,True,False,False,False,True,False
ClaI,SpeI,BsgI,-2,-4,2,False,False,False,False,False,False,True,True
ClaI,SpeI,BsmI,-2,-4,2,True,False,True,False,False,False,True,False
ClaI,SpeI,BspMI,-2,-4,-4,False,False,True,False,False,False,True,True
ClaI,XbaI,BbsI,-2,-4,-4,False,False,False,False,False,False,True,False
ClaI,XbaI,BseRI,-2,-4,2,True,True,False,False,False,False,True,False
ClaI,XbaI,BsgI,-2,-4,2,False,False,False,False,False,False,True,False
ClaI,XbaI,BsmI,-2,-4,2,True,False,False,False,False,False,True,False
ClaI,XbaI,BspMI,-2,-4,-4,False,False,False,False,False,False,True,False
ClaI,XhoI,BbsI,-2,-4,-4,False,False,False,False,False,False,True,False
ClaI,XhoI,BseRI,-2,-4,2,True,True,True,False,False,False,True,False
ClaI,XhoI,BsgI,-2,-4,2,False,False,False,False,False,False,True,False
ClaI,XhoI,BsmI,-2,-4,2,True,False,True,False,False,False,True,False
ClaI,XhoI,BspMI,-2,-4,-4,False,False,True,False,False,False,True,False
EcoRI,AflII,BbsI,-4,-4,-4,False,False,False,False,False,False,True,False
EcoRI,AflII,BsaI,-4,-4,-4,False,False,False,True,True,False,False,False
EcoRI,AflII,BseRI,-4,-4,2,True,True,True,True,True,True,True,False
EcoRI,AflII,BsgI,-4,-4,2,False,False,False,False,False,False,True,False
EcoRI,AflII,BsmI,-4,-4,2,True,False,True,False,False,False,True,False
EcoRI,AflII,BspMI,-4,-4,-4,False,False,True,True,True,True,True,False
EcoRI,AflII,SapI,-4,-4,-3,False,False,False,False,False,True,False,False
EcoRI,AgeI,BbsI,-4,-4,-4,False,False,False,False,False,False,True,False
EcoRI,AgeI,BsaI,-4,-4,-4,False,False,False,True,True,False,False,False
EcoRI,AgeI,BseRI,-4,-4,2,True,True,True,True,True,True,True,False
EcoRI,AgeI,BsgI,-4,-4,2,False,False,False,False,False,False,True,False
EcoRI,AgeI,BsmI,-4,-4,2,True,False,True,False,False,False,True,False
EcoRI,AgeI,BspMI,-4,-4,-4,False,False,True,True,True,True,True,False
EcoRI,AgeI,SapI,-4,-4,-3,False,False,False,False,False,True,False,False
EcoRI,AscI,BbsI,-4,-4,-4,False,False,False,False,False,False,True,False
EcoRI,AscI,BsaI,-4,-4,-4,False,False,False,True,True,False,False,False
EcoRI,AscI,BseRI,-4,-4,2,True,True,True,True,True,True,True,False
EcoRI,AscI,BsgI,-4,-4,2,False,False,False,False,False,False,True,False
EcoRI,AscI,BsmI,-4,-4,2,True,False,True,False,False,False,True,False
EcoRI,AscI,BspMI,-4,-4,-4,False,False,True,True,True,True,True,False
EcoRI,AscI,SapI,-4,-4,-3,False,False,False,False,False,True,False,False
EcoRI,AvrII,BbsI,-4,-4,-4,False,False,False,False,False,False,True,False
EcoRI,AvrII,BsaI,-4,-4,-4,False,False,False,True,True,False,False,False
EcoRI,AvrII,BseRI,-4,-4,2,True,True,True,True,True,True,True,False
EcoRI,AvrII,BsgI,-4,-4,2,False,False,False,False,False,False,True,False
EcoRI,AvrII,BsmI,-4,-4,2,True,False,True,False,False,False,True,False
EcoRI,AvrII,BspMI,-4,-4,-4,False,False,True,True,True,True,True,False
EcoRI,AvrII,SapI,-4,-4,-3,False,False,False,False,False,True,False,False
EcoRI,BclI,BbsI,-4,-4,-4,False,False,False,False,False,False,True,False
EcoRI,BclI,BseRI,-4,-4,2,False,False,False,False,False,False,True,False
EcoRI,BclI,BsgI,-4,-4,2,False,False,False,False,False,False,True,False
EcoRI,BclI,BsmI,-4,-4,2,False,False,False,False,False,False,True,False
EcoRI,BclI,BspMI,-4,-4,-4,False,False,False,False,False,False,True,False
EcoRI,BglII,BbsI,-4,-4,-4,False,False,False,False,False,False,True,False
EcoRI,BglII,BseRI,-4,-4,2,True,False,False,False,False,True,True,False
EcoRI,BglII,BsgI,-4,-4,2,False,False,False,False,False,False,True,False
EcoRI,BglII,BsmI,-4,-4,2,True,False,False,False,False,False,True,False
EcoRI,BglII,BspMI,-4,-4,-4,False,False,False,False,False,True,True,False
EcoRI,BglII,SapI,-4,-4,-3,False,False,False,False,False,True,False,False
EcoRI,BsiWI,BbsI,-4,-4,-4,False,False,False,False,False,False,True,False
EcoRI,BsiWI,BsaI,-4,-4,-4,False,False,False,True,True,False,False,False
EcoRI,BsiWI,BseRI,-4,-4,2,True,False,True,True,True,True,True,False
EcoRI,BsiWI,BsgI,-4,-4,2,False,False,False,False,False,False,True,False
EcoRI,BsiWI,BsmI,-4,-4,2,True,False,True,False,False,False,True,False
EcoRI,BsiWI,BspMI,-4,-4,-4,False,False,True,True,True,True,True,False
EcoRI,BsiWI,SapI,-4,-4,-3,False,False,False,False,False,True,False,False
EcoRI,BspEI,BbsI,-4,-4,-4,False,False,False,False,False,False,True,False
EcoRI,BspEI,BseRI,-4,-4,2,True,False,False,False,False,True,True,False
EcoRI,BspEI,BsgI,-4,-4,2,False,False,False,False,False,False,True,False
EcoRI,BspEI,BsmI,-4,-4,2,True,False,False,False,False,False,True,False
EcoRI,BspEI,BspMI,-4,-4,-4,False,False,False,False,False,True,True,False
EcoRI,BspEI,SapI,-4,-4,-3,False,False,False,False,False,True,False,False
EcoRI,BsrGI,BbsI,-4,-4,-4,False,False,False,False,False,False,True,False
EcoRI,BsrGI,BsaI,-4,-4,-4,False,False,False,True,True,False,False,False
EcoRI,BsrGI,BseRI,-4,-4,2,True,True,True,True,True,True,True,False
EcoRI,BsrGI,BsgI,-4,-4,2,False,False,False,False,False,False,True,False
EcoRI,BsrGI,BsmI,-4,-4,2,True,False,True,False,False,False,True,False
EcoRI,BsrGI,BspMI,-4,-4,-4,False,False,True,True,True,True,True,False
EcoRI,BsrGI,SapI,-4,-4,-3,False,False,False,False,False,True,False,False
EcoRI,BssHII,BbsI,-4,-4,-4,False,False,False,False,False,False,True,False
EcoRI,BssHII,BseRI,-4,-4,2,False,False,False,False,False,False,True,False
EcoRI,BssHII,BsgI,-4,-4,2,False,False,False,False,False,False,True,False
EcoRI,BssHII,BsmI,-4,-4,2,False,False,False,False,False,False,True,False
EcoRI,BssHII,BspMI,-4,-4,-4,False,False,False,False,False,False,True,False
EcoRI,EcoRI,BbsI,-4,-4,-4,False,False,False,False,False,False,True,False
EcoRI,EcoRI,BsaI,-4,-4,-4,False,False,False,True,True,False,False,False
EcoRI,EcoRI,BseRI,-4,-4,2,True,True,True,True,True,True,True,False
EcoRI,EcoRI,BsgI,-4,-4,2,False,False,False,False,False,False,True,False
EcoRI,EcoRI,BsmI,-4,-4,2,True,False,True,False,False,False,True,False
EcoRI,EcoRI,BspMI,-4,-4,-4,False,False,True,True,True,True,True,False
EcoRI,EcoRI,SapI,-4,-4,-3,False,False,False,False,False,True,False,False
EcoRI,HindIII,BbsI,-4,-4,-4,False,False,False,False,False,False,True,False
EcoRI,HindIII,BsaI,-4,-4,-4,False,False,False,True,True,False,False,False
EcoRI,HindIII,BseRI,-4,-4,2,True,True,True,True,True,True,True,False
EcoRI,HindIII,BsgI,-4,-4,2,False,False,False,False,False,False,True,False
EcoRI,HindIII,BsmI,-4,-4,2,True,False,True,False,False,False,True,False
EcoRI,HindIII,BspMI,-4,-4,-4,False,False,True,True,True,True,True,False
EcoRI,HindIII,SapI,-4,-4,-3,False,False,False,False,False,True,False,False
EcoRI,MluI,BbsI,-4,-4,-4,False,False,False,False,False,False,True,False
EcoRI,MluI,BseRI,-4,-4,2,False,False,False,False,False,False,True,False
EcoRI,MluI,BsgI,-4,-4,2,False,False,False,False,False,False,True,False
EcoRI,MluI,BsmI,-4,-4,2,False,False,False,False,False,False,True,False
EcoRI,MluI,BspMI,-4,-4,-4,False,False,False,False,False,False,True,False
EcoRI,NcoI,BbsI,-4,-4,-4,False,False,False,False,False,False,True,False
EcoRI,NcoI,BsaI,-4,-4,-4,False,False,False,False,True,False,False,False
EcoRI,NcoI,BseRI,-4,-4,2,True,True,True,False,True,True,True,False
EcoRI,NcoI,BsgI,-4,-4,2,False,False,False,False,False,False,True,False
EcoRI,NcoI,BsmI,-4,-4,2,True,False,True,False,False,False,True,False
EcoRI,NcoI,BspMI,-4,-4,-4,False,False,True,False,True,True,True,False
EcoRI,NcoI,SapI,-4,-4,-3,False,False,False,False,False,True,False,False
EcoRI,NheI,BbsI,-4,-4,-4,False,False,False,False,False,False,True,False
EcoRI,NheI,BsaI,-4,-4,-4,False,False,False,False,True,False,False,False
EcoRI,NheI,BseRI,-4,-4,2,True,True,True,False,True,False,True,False
EcoRI,NheI,BsgI,-4,-4,2,False,False,False,False,False,False,True,False
EcoRI,NheI,BsmI,-4,-4,2,True,False,True,False,False,False,True,False
EcoRI,NheI,BspMI,-4,-4,-4,False,False,True,False,True,False,True,False
EcoRI,NotI,BbsI,-4,-4,-4,False,False,False,False,False,False,True,False
EcoRI,NotI,BsaI,-4,-4,-4,False,False,False,True,True,False,False,False
EcoRI,NotI,BseRI,-4,-4,2,True,True,True,True,True,True,True,False
EcoRI,NotI,BsgI,-4,-4,2,False,False,False,False,False,False,True,False
EcoRI,NotI,BsmI,-4,-4,2,True,False,True,False,False,False,True,False
EcoRI,NotI,BspMI,-4,-4,-4,False,False,True,True,True,True,True,False
EcoRI,NotI,SapI,-4,-4,-3,False,False,False,False,False,True,False,False
EcoRI,PacI,BbsI,-4,2,-4,False,False,False,False,False,False,True,False
EcoRI,PacI,BsaI,-4,2,-4,False,False,False,True,True,False,False,False
EcoRI,PacI,BseRI,-4,2,2,True,True,True,True,True,True,True,False
EcoRI,PacI,BsgI,-4,2,2,False,False,False,False,False,False,True,False
EcoRI,PacI,BsmI,-4,2,2,True,False,True,False,False,False,True,False
EcoRI,PacI,BspMI,-4,2,-4,False,False,True,True,True,True,True,False
EcoRI,PacI,SapI,-4,2,-3,False,False,False,False,False,True,False,False
EcoRI,PciI,BseRI,-4,-4,2,False,False,False,False,False,True,False,False
EcoRI,PciI,BspMI,-4,-4,-4,False,False,False,False,False,True,False,False
EcoRI,PciI,SapI,-4,-4,-3,False,False,False,False,False,True,False,False
EcoRI,PspOMI,BbsI,-4,-4,-4,False,False,False,False,False,False,True,False
EcoRI,PspOMI,BseRI,-4,-4,2,False,False,False,False,False,False,True,False
EcoRI,PspOMI,BsgI,-4,-4,2,False,False,False,False,False,False,True,False
EcoRI,PspOMI,BsmI,-4,-4,2,False,False,False,False,False,False,True,False
EcoRI,PspOMI,BspMI,-4,-4,-4,False,False,False,False,False,False,True,False
EcoRI,SacII,BbsI,-4,2,-4,False,False,False,False,False,False,True,False
EcoRI,SacII,BsaI,-4,2,-4,False,False,False,True,True,False,False,False
EcoRI,SacII,BseRI,-4,2,2,True,True,True,True,True,True,True,False
EcoRI,SacII,BsgI,-4,2,2,False,False,False,False,False,False,True,False
EcoRI,SacII,BsmI,-4,2,2,True,False,True,False,False,False,True,False
EcoRI,SacII,BspMI,-4,2,-4,False,False,True,True,True,True,True,False
EcoRI,SacII,SapI,-4,2,-3,False,False,False,False,False,True,False,False
EcoRI,SalI,BbsI,-4,-4,-4,False,False,False,False,False,False,True,False
EcoRI,SalI,BsaI,-4,-4,-4,False,False,False,True,True,False,False,False
EcoRI,SalI,BseRI,-4,-4,2,True,True,True,True,True,True,True,False
EcoRI,SalI,BsgI,-4,-4,2,False,False,False,False,False,False,True,False
EcoRI,SalI,BsmI,-4,-4,2,True,False,True,False,False,False,True,False
EcoRI,SalI,BspMI,-4,-4,-4,False,False,True,True,True,True,True,False
EcoRI,SalI,SapI,-4,-4,-3,False,False,False,False,False,True,False,False
EcoRI,SpeI,BbsI,-4,-4,-4,False,False,False,False,False,False,True,False
EcoRI,SpeI,BsaI,-4,-4,-4,False,False,False,True,True,False,False,False
EcoRI,SpeI,BseRI,-4,-4,2,True,True,True,True,True,True,True,False
EcoRI,SpeI,BsgI,-4,-4,2,False,False,False,False,False,False,True,False
EcoRI,SpeI,BsmI,-4,-4,2,True,False,True,False,False,False,True,False
EcoRI,SpeI,BspMI,-4,-4,-4,False,False,True,True,True,True,True,False
EcoRI,SpeI,SapI,-4,-4,-3,False,False,False,False,False,True,False,False
EcoRI,XbaI,BbsI,-4,-4,-4,False,False,False,False,False,False,True,False
EcoRI,XbaI,BseRI,-4,-4,2,True,True,False,False,False,True,True,False
EcoRI,XbaI,BsgI,-4,-4,2,False,False,False,False,False,False,True,False
EcoRI,XbaI,BsmI,-4,-4,2,True,False,False,False,False,False,True,False
EcoRI,XbaI,BspMI,-4,-4,-4,False,False,False,False,False,True,True,False
EcoRI,XbaI,SapI,-4,-4,-3,False,False,False,False,False,True,False,False
EcoRI,XhoI,BbsI,-4,-4,-4,False,False,False,False,False,False,True,False
EcoRI,XhoI,BsaI,-4,-4,-4,False,False,False,True,True,False,False,False
EcoRI,XhoI,BseRI,-4,-4,2,True,True,True,True,True,True,True,False
EcoRI,XhoI,BsgI,-4,-4,2,False,False,False,False,False,False,True,False
EcoRI,XhoI,BsmI,-4,-4,2,True,False,True,False,False,False,True,False
EcoRI,XhoI,BspMI,-4,-4,-4,False,False,True,True,True,True,True,False
EcoRI,XhoI,SapI,-4,-4,-3,False,False,False,False,False,True,False,False
FseI,AflII,BbsI,4,-4,-4,False,False,False,False,False,False,True,False
FseI,AflII,BsaI,4,-4,-4,False,False,False,True,True,False,False,False
FseI,AflII,BseRI,4,-4,2,True,True,True,True,True,True,True,False
FseI,AflII,BsgI,4,-4,2,False,False,False,False,False,False,True,True
FseI,AflII,BsmI,4,-4,2,True,False,True,False,False,False,True,False
FseI,AflII,BspMI,4,-4,-4,False,False,True,True,True,True,True,True
FseI,AflII,SapI,4,-4,-3,False,False,False,False,False,True,False,False
FseI,AgeI,BbsI,4,-4,-4,False,False,False,False,False,False,True,False
FseI,AgeI,BsaI,4,-4,-4,False,False,False,True,True,False,False,False
FseI,AgeI,BseRI,4,-4,2,True,True,True,True,True,True,True,False
FseI,AgeI,BsgI,4,-4,2,False,False,False,False,False,False,True,True
FseI,AgeI,BsmI,4,-4,2,True,False,True,False,False,False,True,False
FseI,AgeI,BspMI,4,-4,-4,False,False,True,True,True,True,True,True
FseI,AgeI,SapI,4,-4,-3,False,False,False,False,False,True,False,False
FseI,AscI,BbsI,4,-4,-4,False,False,False,False,False,False,True,False
FseI,AscI,BsaI,4,-4,-4,False,False,False,True,True,False,False,False
FseI,AscI,BseRI,4,-4,2,True,True,True,True,True,True,True,False
FseI,AscI,BsgI,4,-4,2,False,False,False,False,False,False,True,True
FseI,AscI,BsmI,4,-4,2,True,False,True,False,False,False,True,False
FseI,AscI,BspMI,4,-4,-4,False,False,True,True,True,True,True,True
FseI,AscI,SapI,4,-4,-3,False,False,False,False,False,True,False,False
FseI,AvrII,BbsI,4,-4,-4,False,False,False,False,False,False,True,False
FseI,AvrII,BsaI,4,-4,-4,False,False,False,True,True,False,False,False
FseI,AvrII,BseRI,4,-4,2,True,True,True,True,True,True,True,False
FseI,AvrII,BsgI,4,-4,2,False,False,False,False,False,False,True,True
FseI,AvrII,BsmI,4,-4,2,True,False,True,False,False,False,True,False
FseI,AvrII,BspMI,4,-4,-4,False,False,True,True,True,True,True,True
FseI,AvrII,SapI,4,-4,-3,False,False,False,False,False,True,False,False
FseI,BclI,BbsI,4,-4,-4,False,False,False,False,False,False,True,False
FseI,BclI,BseRI,4,-4,2,False,False,False,False,False,False,True,False
FseI,BclI,BsgI,4,-4,2,False,False,False,False,False,False,True,True
FseI,BclI,BsmI,4,-4,2,False,False,False,False,False,False,True,False
FseI,BclI,BspMI,4,-4,-4,False,False,False,False,False,False,True,True
FseI,BglII,BbsI,4,-4,-4,False,False,False,False,False,False,True,False
FseI,BglII,BseRI,4,-4,2,True,False,False,False,False,True,True,False
FseI,BglII,BsgI,4,-4,2,False,False,False,False,False,False,True,True
FseI,BglII,BsmI,4,-4,2,True,False,False,False,False,False,True,False
FseI,BglII,BspMI,4,-4,-4,False,False,False,False,False,True,True,True
FseI,BglII,SapI,4,-4,-3,False,False,False,False,False,True,False,False
FseI,BsiWI,BbsI,4,-4,-4,False,False,False,False,False,False,True,False
FseI,BsiWI,BsaI,4,-4,-4,False,False,False,True,True,False,False,False
FseI,BsiWI,BseRI,4,-4,2,True,False,True,True,True,True,True,False
FseI,BsiWI,BsgI,4,-4,2,False,False,False,False,False,False,True,True
FseI,BsiWI,BsmI,4,-4,2,True,False,True,False,False,False,True,False
FseI,BsiWI,BspMI,4,-4,-4,False,False,True,True,True,True,True,True
FseI,BsiWI,SapI,4,-4,-3,False,False,False,False,False,True,False,False
FseI,BspEI,BbsI,4,-4,-4,False,False,False,False,False,False,True,False
FseI,BspEI,BseRI,4,-4,2,True,False,False,False,False,True,True,False
FseI,BspEI,BsgI,4,-4,2,False,False,False,False,False,False,True,False
FseI,BspEI,BsmI,4,-4,2,True,False,False,False,False,False,True,False
FseI,BspEI,BspMI,4,-4,-4,False,False,False,False,False,True,True,False
FseI,BspEI,SapI,4,-4,-3,False,False,False,False,False,True,False,False
FseI,BsrGI,BbsI,4,-4,-4,False,False,False,False,False,False,True,False
FseI,BsrGI,BsaI,4,-4,-4,False,False,False,True,True,False,False,False
FseI,BsrGI,BseRI,4,-4,2,True,True,True,True,True,True,True,False
FseI,BsrGI,BsgI,4,-4,2,False,False,False,False,False,False,True,True
FseI,BsrGI,BsmI,4,-4,2,True,False,True,False,False,False,True,False
FseI,BsrGI,BspMI,4,-4,-4,False,False,True,True,True,True,True,True
FseI,BsrGI,SapI,4,-4,-3,False,False,False,False,False,True,False,False
FseI,BssHII,BbsI,4,-4,-4,False,False,False,False,False,False,True,False
FseI,BssHII,BseRI,4,-4,2,False,False,False,False,False,False,True,False
FseI,BssHII,BsgI,4,-4,2,False,False,False,False,False,False,True,True
FseI,BssHII,BsmI,4,-4,2,False,False,False,False,False,False,True,False
FseI,BssHII,BspMI,4,-4,-4,False,False,False,False,False,False,True,True
FseI,EcoRI,BbsI,4,-4,-4,False,False,False,False,False,False,True,False
FseI,EcoRI,BsaI,4,-4,-4,False,False,False,True,True,False,False,False
FseI,EcoRI,BseRI,4,-4,2,True,True,True,True,True,True,True,False
FseI,EcoRI,BsgI,4,-4,2,False,False,False,False,False,False,True,False
FseI,EcoRI,BsmI,4,-4,2,True,False,True,False,False,False,True,False
FseI,EcoRI,BspMI,4,-4,-4,False,False,True,True,True,True,True,False
FseI,EcoRI,SapI,4,-4,-3,False,False,False,False,False,True,False,False
FseI,HindIII,BbsI,4,-4,-4,False,False,False,False,False,False,True,False
FseI,HindIII,BsaI,4,-4,-4,False,False,False,True,True,False,False,False
FseI,HindIII,BseRI,4,-4,2,True,True,True,True,True,True,True,False
FseI,HindIII,BsgI,4,-4,2,False,False,False,False,False,False,True,True
FseI,HindIII,BsmI,4,-4,2,True,False,True,False,False,False,True,False
FseI,HindIII,BspMI,4,-4,-4,False,False,True,True,True,True,True,True
FseI,HindIII,SapI,4,-4,-3,False,False,False,False,False,True,False,False
FseI,MluI,BbsI,4,-4,-4,False,False,False,False,False,False,True,False
FseI,MluI,BseRI,4,-4,2,False,False,False,False,False,False,True,False
FseI,MluI,BsgI,4,-4,2,False,False,False,False,False,False,True,True
FseI,MluI,BsmI,4,-4,2,False,False,False,False,False,False,True,False
FseI,MluI,BspMI,4,-4,-4,False,False,False,False,False,False,True,True
FseI,NcoI,BbsI,4,-4,-4,False,False,False,False,False,False,True,False
FseI,NcoI,BsaI,4,-4,-4,False,False,False,False,True,False,False,False
FseI,NcoI,BseRI,4,-4,2,True,True,True,False,True,True,True,False
FseI,NcoI,BsgI,4,-4,2,False,False,False,False,False,False,True,False
FseI,NcoI,BsmI,4,-4,2,True,False,True,False,False,False,True,False
FseI,NcoI,BspMI,4,-4,-4,False,False,True,False,True,True,True,False
FseI,NcoI,SapI,4,-4,-3,False,False,False,False,False,True,False,False
FseI,NheI,BbsI,4,-4,-4,False,False,False,False,False,False,True,False
FseI,NheI,BsaI,4,-4,-4,False,False,False,False,True,False,False,False
FseI,NheI,BseRI,4,-4,2,True,True,True,False,True,False,True,False
FseI,NheI,BsgI,4,-4,2,False,False,False,False,False,False,True,False
FseI,NheI,BsmI,4,-4,2,True,False,True,False,False,False,True,False
FseI,NheI,BspMI,4,-4,-4,False,False,True,False,True,False,True,False
FseI,NotI,BbsI,4,-4,-4,False,False,False,False,False,False,True,False
FseI,NotI,BsaI,4,-4,-4,False,False,False,True,True,False,False,False
FseI,NotI,BseRI,4,-4,2,True,True,True,True,True,True,True,False
FseI,NotI,BsgI,4,-4,2,False,False,False,False,False,False,True,True
FseI,NotI,BsmI,4,-4,2,True,False,True,False,False,False,True,False
FseI,NotI,BspMI,4,-4,-4,False,False,True,True,True,True,True,True
FseI,NotI,SapI,4,-4,-3,False,False,False,False,False,True,False,False
FseI,PacI,BbsI,4,2,-4,False,False,False,False,False,False,True,False
FseI,PacI,BsaI,4,2,-4,False,False,False,True,True,False,False,False
FseI,PacI,BseRI,4,2,2,True,True,True,True,True,True,True,False
FseI,PacI,BsgI,4,2,2,False,False,False,False,False,False,True,True
FseI,PacI,BsmI,4,2,2,True,False,True,False,False,False,True,False
FseI,PacI,BspMI,4,2,-4,False,False,True,True,True,True,True,True
FseI,PacI,SapI,4,2,-3,False,False,False,False,False,True,False,False
FseI,PciI,BseRI,4,-4,2,False,False,False,False,False,True,False,False
FseI,PciI,BspMI,4,-4,-4,False,False,False,False,False,True,False,False
FseI,PciI,SapI,4,-4,-3,False,False,False,False,False,True,False,False
FseI,PspOMI,BbsI,4,-4,-4,False,False,False,False,False,False,True,False
FseI,PspOMI,BseRI,4,-4,2,False,False,False,False,False,False,True,False
FseI,PspOMI,BsgI,4,-4,2,False,False,False,False,False,False,True,True
FseI,PspOMI,BsmI,4,-4,2,False,False,False,False,False,False,True,False
FseI,PspOMI,BspMI,4,-4,-4,False,False,False,False,False,False,True,True
FseI,SacII,BbsI,4,2,-4,False,False,False,False,False,False,True,False
FseI,SacII,BsaI,4,2,-4,False,False,False,True,True,False,False,False
FseI,SacII,BseRI,4,2,2,True,True,True,True,True,True,True,False
FseI,SacII,BsgI,4,2,2,False,False,False,False,False,False,True,True
FseI,SacII,BsmI,4,2,2,True,False,True,False,False,False,True,False
FseI,SacII,BspMI,4,2,-4,False,False,True,True,True,True,True,True
FseI,SacII,SapI,4,2,-3,False,False,False,False,False,True,False,False
FseI,SalI,BbsI,4,-4,-4,False,False,False,False,False,False,True,False
FseI,SalI,BsaI,4,-4,-4,False,False,False,True,True,False,False,False
FseI,SalI,BseRI,4,-4,2,True,True,True,True,True,True,True,False
FseI,SalI,BsgI,4,-4,2,False,False,False,False,False,False,True,True
FseI,SalI,BsmI,4,-4,2,True,False,True,False,False,False,True,False
FseI,SalI,BspMI,4,-4,-4,False,False,True,True,True,True,True,True
FseI,SalI,SapI,4,-4,-3,False,False,False,False,False,True,False,False
FseI,SpeI,BbsI,4,-4,-4,False,False,False,False,False,False,True,False
FseI,SpeI,BsaI,4,-4,-4,False,False,False,True,True,False,False,False
FseI,SpeI,BseRI,4,-4,2,True,True,True,True,True,True,True,False
FseI,SpeI,BsgI,4,-4,2,False,False,False,False,False,False,True,True
FseI,SpeI,BsmI,4,-4,2,True,False,True,False,False,False,True,False
FseI,SpeI,BspMI,4,-4,-4,False,False,True,True,True,True,True,True
FseI,SpeI,SapI,4,-4,-3,False,False,False,False,False,True,False,False
FseI,XbaI,BbsI,4,-4,-4,False,False,False,False,False,False,True,False
FseI,XbaI,BseRI,4,-4,2,True,True,False,False,False,True,True,False
FseI,XbaI,BsgI,4,-4,2,False,False,False,False,False,False,True,False
FseI,XbaI,BsmI,4,-4,2,True,False,False,False,False,False,True,False
FseI,XbaI,BspMI,4,-4,-4,False,False,False,False,False,True,True,False
FseI,XbaI,SapI,4,-4,-3,False,False,False,False,False,True,False,False
FseI,XhoI,BbsI,4,-4,-4,False,False,False,False,False,False,True,False
FseI,XhoI,BsaI,4,-4,-4,False,False,False,True,True,False,False,False
FseI,XhoI,BseRI,4,-4,2,True,True,True,True,True,True,True,False
FseI,XhoI,BsgI,4,-4,2,False,False,False,False,False,False,True,False
FseI,XhoI,BsmI,4,-4,2,True,False,True,False,False,False,True,False
FseI,XhoI,BspMI,4,-4,-4,False,False,True,True,True,True,True,False
FseI,XhoI,SapI,4,-4,-3,False,False,False,False,False,True,False,False
HindIII,AflII,BbsI,-4,-4,-4,False,False,False,False,False,False,True,False
HindIII,AflII,BsaI,-4,-4,-4,False,False,False,True,True,False,False,False
HindIII,AflII,BseRI,-4,-4,2,True,True,True,True,True,True,True,False
HindIII,AflII,BsgI,-4,-4,2,False,False,False,False,False,False,True,True
HindIII,AflII,BsmI,-4,-4,2,True,False,True,False,False,False,True,False
HindIII,AflII,BspMI,-4,-4,-4,False,False,True,True,True,True,True,True
HindIII,AflII,SapI,-4,-4,-3,False,False,False,False,False,True,False,False
HindIII,AgeI,BbsI,-4,-4,-4,False,False,False,False,False,False,True,False
HindIII,AgeI,BsaI,-4,-4,-4,False,False,False,True,True,False,False,False
HindIII,AgeI,BseRI,-4,-4,2,True,True,True,True,True,True,True,False
HindIII,AgeI,BsgI,-4,-4,2,False,False,False,False,False,False,True,True
HindIII,AgeI,BsmI,-4,-4,2,True,False,True,False,False,False,True,False
HindIII,AgeI,BspMI,-4,-4,-4,False,False,True,True,True,True,True,True
HindIII,AgeI,SapI,-4,-4,-3,False,False,False,False,False,True,False,False
HindIII,AscI,BbsI,-4,-4,-4,False,False,False,False,False,False,True,False
HindIII,AscI,BsaI,-4,-4,-4,False,False,False,True,True,False,False,False
HindIII,AscI,BseRI,-4,-4,2,True,True,True,True,True,True,True,False
HindIII,AscI,BsgI,-4,-4,2,False,False,False,False,False,False,True,True
HindIII,AscI,BsmI,-4,-4,2,True,False,True,False,False,False,True,False
HindIII,AscI,BspMI,-4,-4,-4,False,False,True,True,True,True,True,True
HindIII,AscI,SapI,-4,-4,-3,False,False,False,False,False,True,False,False
HindIII,AvrII,BbsI,-4,-4,-4,False,False,False,False,False,False,True,False
HindIII,AvrII,BsaI,-4,-4,-4,False,False,False,True,True,False,False,False
HindIII,AvrII,BseRI,-4,-4,2,True,True,True,True,True,True,True,False
HindIII,AvrII,BsgI,-4,-4,2,False,False,False,False,False,False,True,True
HindIII,AvrII,BsmI,-4,-4,2,True,False,True,False,False,False,True,False
HindIII,AvrII,BspMI,-4,-4,-4,False,False,True,True,True,True,True,True
HindIII,AvrII,SapI,-4,-4,-3,False,False,False,False,False,True,False,False
HindIII,BclI,BbsI,-4,-4,-4,False,False,False,False,False,False,True,False
HindIII,BclI,BseRI,-4,-4,2,False,False,False,False,False,False,True,False
HindIII,BclI,BsgI,-4,-4,2,False,False,False,False,False,False,True,True
HindIII,BclI,BsmI,-4,-4,2,False,False,False,False,False,False,True,False
HindIII,BclI,BspMI,-4,-4,-4,False,False,False,False,False,False,True,True
HindIII,BglII,BbsI,-4,-4,-4,False,False,False,False,False,False,True,False
HindIII,BglII,BseRI,-4,-4,2,True,False,False,False,False,True,True,False
HindIII,BglII,BsgI,-4,-4,2,False,False,False,False,False,False,True,True
HindIII,BglII,BsmI,-4,-4,2,True,False,False,False,False,False,True,False
HindIII,BglII,BspMI,-4,-4,-4,False,False,False,False,False,True,True,True
HindIII,BglII,SapI,-4,-4,-3,False,False,False,False,False,True,False,False
HindIII,BsiWI,BbsI,-4,-4,-4,False,False,False,False,False,False,True,False
HindIII,BsiWI,BsaI,-4,-4,-4,False,False,False,True,True,False,False,False
HindIII,BsiWI,BseRI,-4,-4,2,True,False,True,True,True,True,True,False
HindIII,BsiWI,BsgI,-4,-4,2,False,False,False,False,False,False,True,True
HindIII,BsiWI,BsmI,-4,-4,2,True,False,True,False,False,False,True,False
HindIII,BsiWI,BspMI,-4,-4,-4,False,False,True,True,True,True,True,True
HindIII,BsiWI,SapI,-4,-4,-3,False,False,False,False,False,True,False,False
HindIII,BspEI,BbsI,-4,-4,-4,False,False,False,False,False,False,True,False
HindIII,BspEI,BseRI,-4,-4,2,True,False,False,False,False,True,True,False
HindIII,BspEI,BsgI,-4,-4,2,False,False,False,False,False,False,True,False
HindIII,BspEI,BsmI,-4,-4,2,True,False,False,False,False,False,True,False
HindIII,BspEI,BspMI,-4,-4,-4,False,False,False,False,False,True,True,False
HindIII,BspEI,SapI,-4,-4,-3,False,False,False,False,False,True,False,False
HindIII,BsrGI,BbsI,-4,-4,-4,False,False,False,False,False,False,True,False
HindIII,BsrGI,BsaI,-4,-4,-4,False,False,False,True,True,False,False,False
HindIII,BsrGI,BseRI,-4,-4,2,True,True,True,True,True,True,True,False
HindIII,BsrGI,BsgI,-4,-4,2,False,False,False,False,False,False,True,True
HindIII,BsrGI,BsmI,-4,-4,2,True,False,True,False,False,False,True,False
HindIII,BsrGI,BspMI,-4,-4,-4,False,False,True,True,True,True,True,True
HindIII,BsrGI,SapI,-4,-4,-3,False,False,False,False,False,True,False,False
HindIII,BssHII,BbsI,-4,-4,-4,False,False,False,False,False,False,True,False
HindIII,BssHII,BseRI,-4,-4,2,False,False,False,False,False,False,True,False
HindIII,BssHII,BsgI,-4,-4,2,False,False,False,False,False,False,True,True
HindIII,BssHII,BsmI,-4,-4,2,False,False,False,False,False,False,True,False
HindIII,BssHII,BspMI,-4,-4,-4,False,False,False,False,False,False,True,True
HindIII,EcoRI,BbsI,-4,-4,-4,False,False,False,False,False,False,True,False
HindIII,EcoRI,BsaI,-4,-4,-4,False,False,False,True,True,False,False,False
HindIII,EcoRI,BseRI,-4,-4,2,True,True,True,True,True,True,True,False
HindIII,EcoRI,BsgI,-4,-4,2,False,False,False,False,False,False,True,False
HindIII,EcoRI,BsmI,-4,-4,2,True,False,True,False,False,False,True,False
HindIII,EcoRI,BspMI,-4,-4,-4,False,False,True,True,True,True,True,False
HindIII,EcoRI,SapI,-4,-4,-3,False,False,False,False,False,True,False,False
HindIII,HindIII,BbsI,-4,-4,-4,False,False,False,False,False,False,True,False
HindIII,HindIII,BsaI,-4,-4,-4,False,False,False,True,True,False,False,False
HindIII,HindIII,BseRI,-4,-4,2,True,True,True,True,True,True,True,False
HindIII,HindIII,BsgI,-4,-4,2,False,False,False,False,False,False,True,True
HindIII,HindIII,BsmI,-4,-4,2,True,False,True,False,False,False,True,False
HindIII,HindIII,BspMI,-4,-4,-4,False,False,True,True,True,True,True,True
HindIII,HindIII,SapI,-4,-4,-3,False,False,False,False,False,True,False,False
HindIII,MluI,BbsI,-4,-4,-4,False,False,False,False,False,False,True,False
HindIII,MluI,BseRI,-4,-4,2,False,False,False,False,False,False,True,False
HindIII,MluI,BsgI,-4,-4,2,False,False,False,False,False,False,True,True
HindIII,MluI,BsmI,-4,-4,2,False,False,False,False,False,False,True,False
HindIII,MluI,BspMI,-4,-4,-4,False,False,False,False,False,False,True,True
HindIII,NcoI,BbsI,-4,-4,-4,False,False,False,False,False,False,True,False
HindIII,NcoI,BsaI,-4,-4,-4,False,False,False,False,True,False,False,False
HindIII,NcoI,BseRI,-4,-4,2,True,True,True,False,True,True,True,False
HindIII,NcoI,BsgI,-4,-4,2,False,False,False,False,False,False,True,False
HindIII,NcoI,BsmI,-4,-4,2,True,False,True,False,False,False,True,False
HindIII,NcoI,BspMI,-4,-4,-4,False,False,True,False,True,True,True,False
HindIII,NcoI,SapI,-4,-4,-3,False,False,False,False,False,True,False,False
HindIII,NheI,BbsI,-4,-4,-4,False,False,False,False,False,False,True,False
HindIII,NheI,BsaI,-4,-4,-4,False,False,False,False,True,False,False,False
HindIII,NheI,BseRI,-4,-4,2,True,True,True,False,True,False,True,False
HindIII,NheI,BsgI,-4,-4,2,False,False,False,False,False,False,True,False
HindIII,NheI,BsmI,-4,-4,2,True,False,True,False,False,False,True,False
HindIII,NheI,BspMI,-4,-4,-4,False,False,True,False,True,False,True,False
HindIII,NotI,BbsI,-4,-4,-4,False,False,False,False,False,False,True,False
HindIII,NotI,BsaI,-4,-4,-4,False,False,False,True,True,False,False,False
HindIII,NotI,BseRI,-4,-4,2,True,True,True,True,True,True,True,False
HindIII,NotI,BsgI,-4,-4,2,False,False,False,False,False,False,True,True
HindIII,NotI,BsmI,-4,-4,2,True,False,True,False,False,False,True,False
HindIII,NotI,BspMI,-4,-4,-4,False,False,True,True,True,True,True,True
HindIII,NotI,SapI,-4,-4,-3,False,False,False,False,False,True,False,False
HindIII,PacI,BbsI,-4,2,-4,False,False,False,False,False,False,True,False
HindIII,PacI,BsaI,-4,2,-4,False,False,False,True,True,False,False,False
HindIII,PacI,BseRI,-4,2,2,True,True,True,True,True,True,True,False
HindIII,PacI,BsgI,-4,2,2,False,False,False,False,False,False,True,True
HindIII,PacI,BsmI,-4,2,2,True,False,True,False,False,False,True,False
HindIII,PacI,BspMI,-4,2,-4,False,False,True,True,True,True,True,True
HindIII,PacI,SapI,-4,2,-3,False,False,False,False,False,True,False,False
HindIII,PciI,BseRI,-4,-4,2,False,False,False,False,False,True,False,False
HindIII,PciI,BspMI,-4,-4,-4,False,False,False,False,False,True,False,False
HindIII,PciI,SapI,-4,-4,-3,False,False,False,False,False,True,False,False
HindIII,PspOMI,BbsI,-4,-4,-4,False,False,False,False,False,False,True,False
HindIII,PspOMI,BseRI,-4,-4,2,False,False,False,False,False,False,True,False
HindIII,PspOMI,BsgI,-4,-4,2,False,False,False,False,False,False,True,True
HindIII,PspOMI,BsmI,-4,-4,2,False,False,False,False,False,False,True,False
HindIII,PspOMI,BspMI,-4,-4,-4,False,False,False,False,False,False,True,True
HindIII,SacII,BbsI,-4,2,-4,False,False,False,False,False,False,True,False
HindIII,SacII,BsaI,-4,2,-4,False,False,False,True,True,False,False,False
HindIII,SacII,BseRI,-4,2,2,True,True,True,True,True,True,True,False
HindIII,SacII,BsgI,-4,2,2,False,False,False,False,False,False,True,True
HindIII,SacII,BsmI,-4,2,2,True,False,True,False,False,False,True,False
HindIII,SacII,BspMI,-4,2,-4,False,False,True,True,True,True,True,True
HindIII,SacII,SapI,-4,2,-3,False,False,False,False,False,True,False,False
HindIII,SalI,BbsI,-4,-4,-4,False,False,False,False,False,False,True,False
HindIII,SalI,BsaI,-4,-4,-4,False,False,False,True,True,False,False,False
HindIII,SalI,BseRI,-4,-4,2,True,True,True,True,True,True,True,False
HindIII,SalI,BsgI,-4,-4,2,False,False,False,False,False,False,True,True
HindIII,SalI,BsmI,-4,-4,2,True,False,True,False,False,False,True,False
HindIII,SalI,BspMI,-4,-4,-4,False,False,True,True,True,True,True,True
HindIII,SalI,SapI,-4,-4,-3,False,False,False,False,False,True,False,False
HindIII,SpeI,BbsI,-4,-4,-4,False,False,False,False,False,False,True,False
HindIII,SpeI,BsaI,-4,-4,-4,False,False,False,True,True,False,False,False
HindIII,SpeI,BseRI,-4,-4,2,True,True,True,True,True,True,True,False
HindIII,SpeI,BsgI,-4,-4,2,False,False,False,False,False,False,True,True
HindIII,SpeI,BsmI,-4,-4,2,True,False,True,False,False,False,True,False
HindIII,SpeI,BspMI,-4,-4,-4,False,False,True,True,True,True,True,True
HindIII,SpeI,SapI,-4,-4,-3,False,False,False,False,False,True,False,False
HindIII,XbaI,BbsI,-4,-4,-4,False,False,False,False,False,False,True,False
HindIII,XbaI,BseRI,-4,-4,2,True,True,False,False,False,True,True,False
HindIII,XbaI,BsgI,-4,-4,2,False,False,False,False,False,False,True,False
HindIII,XbaI,BsmI,-4,-4,2,True,False,False,False,False,False,True,False
HindIII,XbaI,BspMI,-4,-4,-4,False,False,False,False,False,True,True,False
HindIII,XbaI,SapI,-4,-4,-3,False,False,False,False,False,True,False,False
HindIII,XhoI,BbsI,-4,-4,-4,False,False,False,False,False,False,True,False
HindIII,XhoI,BsaI,-4,-4,-4,False,False,False,True,True,False,False,False
HindIII,XhoI,BseRI,-4,-4,2,True,True,True,True,True,True,True,False
HindIII,XhoI,BsgI,-4,-4,2,False,False,False,False,False,False,True,False
HindIII,XhoI,BsmI,-4,-4,2,True,False,True,False,False,False,True,False
HindIII,XhoI,BspMI,-4,-4,-4,False,False,True,True,True,True,True,False
HindIII,XhoI,SapI,-4,-4,-3,False,False,False,False,False,True,False,False
KpnI,AflII,BbsI,4,-4,-4,False,False,False,False,False,False,True,False
KpnI,AflII,BsaI,4,-4,-4,False,False,False,True,True,False,False,False
KpnI,AflII,BseRI,4,-4,2,True,True,True,True,True,True,True,False
KpnI,AflII,BsgI,4,-4,2,False,False,False,False,False,False,True,True
KpnI,AflII,BsmI,4,-4,2,True,False,True,False,False,False,True,False
KpnI,AflII,BspMI,4,-4,-4,False,False,True,True,True,True,True,True
KpnI,AflII,SapI,4,-4,-3,False,False,False,False,False,True,False,False
KpnI,AgeI,BbsI,4,-4,-4,False,False,False,False,False,False,True,False
KpnI,AgeI,BsaI,4,-4,-4,False,False,False,True,True,False,False,False
KpnI,AgeI,BseRI,4,-4,2,True,True,True,True,True,True,True,False
KpnI,AgeI,BsgI,4,-4,2,False,False,False,False,False,False,True,True
KpnI,AgeI,BsmI,4,-4,2,True,False,True,False,False,False,True,False
KpnI,AgeI,BspMI,4,-4,-4,False,False,True,True,True,True,True,True
KpnI,AgeI,SapI,4,-4,-3,False,False,False,False,False,True,False,False
KpnI,AscI,BbsI,4,-4,-4,False,False,False,False,False,False,True,False
KpnI,AscI,BsaI,4,-4,-4,False,False,False,True,True,False,False,False
KpnI,AscI,BseRI,4,-4,2,True,True,True,True,True,True,True,False
KpnI,AscI,BsgI,4,-4,2,False,False,False,False,False,False,True,True
KpnI,AscI,BsmI,4,-4,2,True,False,True,False,False,False,True,False
KpnI,AscI,BspMI,4,-4,-4,False,False,True,True,True,True,True,True
KpnI,AscI,SapI,4,-4,-3,False,False,False,False,False,True,False,False
KpnI,AvrII,BbsI,4,-4,-4,False,False,False,False,False,False,True,False
KpnI,AvrII,BsaI,4,-4,-4,False,False,False,True,True,False,False,False
KpnI,AvrII,BseRI,4,-4,2,True,True,True,True,True,True,True,False
KpnI,AvrII,BsgI,4,-4,2,False,False,False,False,False,False,True,True
KpnI,AvrII,BsmI,4,-4,2,True,False,True,False,False,False,True,False
KpnI,AvrII,BspMI,4,-4,-4,False,False,True,True,True,True,True,True
KpnI,AvrII,SapI,4,-4,-3,False,False,False,False,False,True,False,False
KpnI,BclI,BbsI,4,-4,-4,False,False,False,False,False,False,True,False
KpnI,BclI,BseRI,4,-4,2,False,False,False,False,False,False,True,False
KpnI,BclI,BsgI,4,-4,2,False,False,False,False,False,False,True,True
KpnI,BclI,BsmI,4,-4,2,False,False,False,False,False,False,True,False
KpnI,BclI,BspMI,4,-4,-4,False,False,False,False,False,False,True,True
KpnI,BglII,BbsI,4,-4,-4,False,False,False,False,False,False,True,False
KpnI,BglII,BseRI,4,-4,2,True,False,False,False,False,True,True,False
KpnI,BglII,BsgI,4,-4,2,False,False,False,False,False,False,True,True
KpnI,BglII,BsmI,4,-4,2,True,False,False,False,False,False,True,False
KpnI,BglII,BspMI,4,-4,-4,False,False,False,False,False,True,True,True
KpnI,BglII,SapI,4,-4,-3,False,False,False,False,False,True,False,False
KpnI,BsiWI,BbsI,4,-4,-4,False,False,False,False,False,False,True,False
KpnI,BsiWI,BsaI,4,-4,-4,False,False,False,True,True,False,False,False
KpnI,BsiWI,BseRI,4,-4,2,True,False,True,True,True,True,True,False
KpnI,BsiWI,BsgI,4,-4,2,False,False,False,False,False,False,True,True
KpnI,BsiWI,BsmI,4,-4,2,True,False,True,False,False,False,True,False
KpnI,BsiWI,BspMI,4,-4,-4,False,False,True,True,True,True,True,True
KpnI,BsiWI,SapI,4,-4,-3,False,False,False,False,False,True,False,False
KpnI,BspEI,BbsI,4,-4,-4,False,False,False,False,False,False,True,False
KpnI,BspEI,BseRI,4,-4,2,True,False,False,False,False,True,True,False
KpnI,BspEI,BsgI,4,-4,2,False,False,False,False,False,False,True,False
KpnI,BspEI,BsmI,4,-4,2,True,False,False,False,False,False,True,False
KpnI,BspEI,BspMI,4,-4,-4,False,False,False,False,False,True,True,False
KpnI,BspEI,SapI,4,-4,-3,False,False,False,False,False,True,False,False
KpnI,BsrGI,BbsI,4,-4,-4,False,False,False,False,False,False,True,False
KpnI,BsrGI,BsaI,4,-4,-4,False,False,False,True,True,False,False,False
KpnI,BsrGI,BseRI,4,-4,2,True,True,True,True,True,True,True,False
KpnI,BsrGI,BsgI,4,-4,2,False,False,False,False,False,False,True,True
KpnI,BsrGI,BsmI,4,-4,2,True,False,True,False,False,False,True,False
KpnI,BsrGI,BspMI,4,-4,-4,False,False,True,True,True,True,True,True
KpnI,BsrGI,SapI,4,-4,-3,False,False,False,False,False,True,False,False
KpnI,BssHII,BbsI,4,-4,-4,False,False,False,False,False,False,True,False
KpnI,BssHII,BseRI,4,-4,2,False,False,False,False,False,False,True,False
KpnI,BssHII,BsgI,4,-4,2,False,False,False,False,False,False,True,True
KpnI,BssHII,BsmI,4,-4,2,False,False,False,False,False,False,True,False
KpnI,BssHII,BspMI,4,-4,-4,False,False,False,False,False,False,True,True
KpnI,EcoRI,BbsI,4,-4,-4,False,False,False,False,False,False,True,False
KpnI,EcoRI,BsaI,4,-4,-4,False,False,False,True,True,False,False,False
KpnI,EcoRI,BseRI,4,-4,2,True,True,True,True,True,True,True,False
KpnI,EcoRI,BsgI,4,-4,2,False,False,False,False,False,False,True,False
KpnI,EcoRI,BsmI,4,-4,2,True,False,True,False,False,False,True,False
KpnI,EcoRI,BspMI,4,-4,-4,False,False,True,True,True,True,True,False
KpnI,EcoRI,SapI,4,-4,-3,False,False,False,False,False,True,False,False
KpnI,HindIII,BbsI,4,-4,-4,False,False,False,False,False,False,True,False
KpnI,HindIII,BsaI,4,-4,-4,False,False,False,True,True,False,False,False
KpnI,HindIII,BseRI,4,-4,2,True,True,True,True,True,True,True,False
KpnI,HindIII,BsgI,4,-4,2,False,False,False,False,False,False,True,True
KpnI,HindIII,BsmI,4,-4,2,True,False,True,False,False,False,True,False
KpnI,HindIII,BspMI,4,-4,-4,False,False,True,True,True,True,True,True
KpnI,HindIII,SapI,4,-4,-3,False,False,False,False,False,True,False,False
KpnI,MluI,BbsI,4,-4,-4,False,False,False,False,False,False,True,False
KpnI,MluI,BseRI,4,-4,2,False,False,False,False,False,False,True,False
KpnI,MluI,BsgI,4,-4,2,False,False,False,False,False,False,True,True
KpnI,MluI,BsmI,4,-4,2,False,False,False,False,False,False,True,False
KpnI,MluI,BspMI,4,-4,-4,False,False,False,False,False,False,True,True
KpnI,NcoI,BbsI,4,-4,-4,False,False,False,False,False,False,True,False
KpnI,NcoI,BsaI,4,-4,-4,False,False,False,False,True,False,False,False
KpnI,NcoI,BseRI,4,-4,2,True,True,True,False,True,True,True,False
KpnI,NcoI,BsgI,4,-4,2,False,False,False,False,False,False,True,False
KpnI,NcoI,BsmI,4,-4,2,True,False,True,False,False,False,True,False
KpnI,NcoI,BspMI,4,-4,-4,False,False,True,False,True,True,True,False
KpnI,NcoI,SapI,4,-4,-3,False,False,False,False,False,True,False,False
KpnI,NheI,BbsI,4,-4,-4,False,False,False,False,False,False,True,False
KpnI,NheI,BsaI,4,-4,-4,False,False,False,False,True,False,False,False
KpnI,NheI,BseRI,4,-4,2,True,True,True,False,True,False,True,False
KpnI,NheI,BsgI,4,-4,2,False,False,False,False,False,False,True,False
KpnI,NheI,BsmI,4,-4,2,True,False,True,False,False,False,True,False
KpnI,NheI,BspMI,4,-4,-4,False,False,True,False,True,False,True,False
KpnI,NotI,BbsI,4,-4,-4,False,False,False,False,False,False,True,False
KpnI,NotI,BsaI,4,-4,-4,False,False,False,True,True,False,False,False
KpnI,NotI,BseRI,4,-4,2,True,True,True,True,True,True,True,False
KpnI,NotI,BsgI,4,-4,2,False,False,False,False,False,False,True,True
KpnI,NotI,BsmI,4,-4,2,True,False,True,False,False,False,True,False
KpnI,NotI,BspMI,4,-4,-4,False,False,True,True,True,True,True,True
KpnI,NotI,SapI,4,-4,-3,False,False,False,False,False,True,False,False
KpnI,PacI,BbsI,4,2,-4,False,False,False,False,False,False,True,False
KpnI,PacI,BsaI,4,2,-4,False,False,False,True,True,False,False,False
KpnI,PacI,BseRI,4,2,2,True,True,True,True,True,True,True,False
KpnI,PacI,BsgI,4,2,2,False,False,False,False,False,False,True,True
KpnI,PacI,BsmI,4,2,2,True,False,True,False,False,False,True,False
KpnI,PacI,BspMI,4,2,-4,False,False,True,True,True,True,True,True
KpnI,PacI,SapI,4,2,-3,False,False,False,False,False,True,False,False
KpnI,PciI,BseRI,4,-4,2,False,False,False,False,False,True,False,False
KpnI,PciI,BspMI,4,-4,-4,False,False,False,False,False,True,False,False
KpnI,PciI,SapI,4,-4,-3,False,False,False,False,False,True,False,False
KpnI,PspOMI,BbsI,4,-4,-4,False,False,False,False,False,False,True,False
KpnI,PspOMI,BseRI,4,-4,2,False,False,False,False,False,False,True,False
KpnI,PspOMI,BsgI,4,-4,2,False,False,False,False,False,False,True,True
KpnI,PspOMI,BsmI,4,-4,2,False,False,False,False,False,False,True,False
KpnI,PspOMI,BspMI,4,-4,-4,False,False,False,False,False,False,True,True
KpnI,SacII,BbsI,4,2,-4,False,False,False,False,False,False,True,False
KpnI,SacII,BsaI,4,2,-4,False,False,False,True,True,False,False,False
KpnI,SacII,BseRI,4,2,2,True,True,True,True,True,True,True,False
KpnI,SacII,BsgI,4,2,2,False,False,False,False,False,False,True,True
KpnI,SacII,BsmI,4,2,2,True,False,True,False,False,False,True,False
KpnI,SacII,BspMI,4,2,-4,False,False,True,True,True,True,True,True
KpnI,SacII,SapI,4,2,-3,False,False,False,False,False,True,False,False
KpnI,SalI,BbsI,4,-4,-4,False,False,False,False,False,False,True,False
KpnI,SalI,BsaI,4,-4,-4,False,False,False,True,True,False,False,False
KpnI,SalI,BseRI,4,-4,2,True,True,True,True,True,True,True,False
KpnI,SalI,BsgI,4,-4,2,False,False,False,False,False,False,True,True
KpnI,SalI,BsmI,4,-4,2,True,False,True,False,False,False,True,False
KpnI,SalI,BspMI,4,-4,-4,False,False,True,True,True,True,True,True
KpnI,SalI,SapI,4,-4,-3,False,False,False,False,False,True,False,False
KpnI,SpeI,BbsI,4,-4,-4,False,False,False,False,False,False,True,False
KpnI,SpeI,BsaI,4,-4,-4,False,False,False,True,True,False,False,False
KpnI,SpeI,BseRI,4,-4,2,True,True,True,True,True,True,True,False
KpnI,SpeI,BsgI,4,-4,2,False,False,False,False,False,False,True,True
KpnI,SpeI,BsmI,4,-4,2,True,False,True,False,False,False,True,False
KpnI,SpeI,BspMI,4,-4,-4,False,False,True,True,True,True,True,True
KpnI,SpeI,SapI,4,-4,-3,False,False,False,False,False,True,False,False
KpnI,XbaI,BbsI,4,-4,-4,False,False,False,False,False,False,True,False
KpnI,XbaI,BseRI,4,-4,2,True,True,False,False,False,True,True,False
KpnI,XbaI,BsgI,4,-4,2,False,False,False,False,False,False,True,False
KpnI,XbaI,BsmI,4,-4,2,True,False,False,False,False,False,True,False
KpnI,XbaI,BspMI,4,-4,-4,False,False,False,False,False,True,True,False
KpnI,XbaI,SapI,4,-4,-3,False,False,False,False,False,True,False,False
KpnI,XhoI,BbsI,4,-4,-4,False,False,False,False,False,False,True,False
KpnI,XhoI,BsaI,4,-4,-4,False,False,False,True,True,False,False,False
KpnI,XhoI,BseRI,4,-4,2,True,True,True,True,True,True,True,False
KpnI,XhoI,BsgI,4,-4,2,False,False,False,False,False,False,True,False
KpnI,XhoI,BsmI,4,-4,2,True,False,True,False,False,False,True,False
KpnI,XhoI,BspMI,4,-4,-4,False,False,True,True,True,True,True,False
KpnI,XhoI,SapI,4,-4,-3,False,False,False,False,False,True,False,False
MluI,AflII,BbsI,-4,-4,-4,False,False,False,False,False,False,True,False
MluI,AflII,BseRI,-4,-4,2,False,False,False,False,False,False,True,False
MluI,AflII,BsgI,-4,-4,2,False,False,False,False,False,False,True,True
MluI,AflII,BsmI,-4,-4,2,False,False,False,False,False,False,True,False
MluI,AflII,BspMI,-4,-4,-4,False,False,False,False,False,False,True,True
MluI,AgeI,BbsI,-4,-4,-4,False,False,False,False,False,False,True,False
MluI,AgeI,BseRI,-4,-4,2,False,False,False,False,False,False,True,False
MluI,AgeI,BsgI,-4,-4,2,False,False,False,False,False,False,True,True
MluI,AgeI,BsmI,-4,-4,2,False,False,False,False,False,False,True,False
MluI,AgeI,BspMI,-4,-4,-4,False,False,False,False,False,False,True,True
MluI,AscI,BbsI,-4,-4,-4,False,False,False,False,False,False,True,False
MluI,AscI,BseRI,-4,-4,2,False,False,False,False,False,False,True,False
MluI,AscI,BsgI,-4,-4,2,False,False,False,False,False,False,True,True
MluI,AscI,BsmI,-4,-4,2,False,False,False,False,False,False,True,False
MluI,AscI,BspMI,-4,-4,-4,False,False,False,False,False,False,True,True
MluI,AvrII,BbsI,-4,-4,-4,False,False,False,False,False,False,True,False
MluI,AvrII,BseRI,-4,-4,2,False,False,False,False,False,False,True,False
MluI,AvrII,BsgI,-4,-4,2,False,False,False,False,False,False,True,True
MluI,AvrII,BsmI,-4,-4,2,False,False,False,False,False,False,True,False
MluI,AvrII,BspMI,-4,-4,-4,False,False,False,False,False,False,True,True
MluI,BclI,BbsI,-4,-4,-4,False,False,False,False,False,False,True,False
MluI,BclI,BseRI,-4,-4,2,False,False,False,False,False,False,True,False
MluI,BclI,BsgI,-4,-4,2,False,False,False,False,False,False,True,True
MluI,BclI,BsmI,-4,-4,2,False,False,False,False,False,False,True,False
MluI,BclI,BspMI,-4,-4,-4,False,False,False,False,False,False,True,True
MluI,BglII,BbsI,-4,-4,-4,False,False,False,False,False,False,True,False
MluI,BglII,BseRI,-4,-4,2,False,False,False,False,False,False,True,False
MluI,BglII,BsgI,-4,-4,2,False,False,False,False,False,False,True,True
MluI,BglII,BsmI,-4,-4,2,False,False,False,False,False,False,True,False
MluI,BglII,BspMI,-4,-4,-4,False,False,False,False,False,False,True,True
MluI,BsiWI,BbsI,-4,-4,-4,False,False,False,False,False,False,True,False
MluI,BsiWI,BseRI,-4,-4,2,False,False,False,False,False,False,True,False
MluI,BsiWI,BsgI,-4,-4,2,False,False,False,False,False,False,True,True
MluI,BsiWI,BsmI,-4,-4,2,False,False,False,False,False,False,True,False
MluI,BsiWI,BspMI,-4,-4,-4,False,False,False,False,False,False,True,True
MluI,BspEI,BbsI,-4,-4,-4,False,False,False,False,False,False,True,False
MluI,BspEI,BseRI,-4,-4,2,False,False,False,False,False,False,True,False
MluI,BspEI,BsgI,-4,-4,2,False,False,False,False,False,False,True,False
MluI,BspEI,BsmI,-4,-4,2,False,False,False,False,False,False,True,False
MluI,BspEI,BspMI,-4,-4,-4,False,False,False,False,False,False,True,False
MluI,BsrGI,BbsI,-4,-4,-4,False,False,False,False,False,False,True,False
MluI,BsrGI,BseRI,-4,-4,2,False,False,False,False,False,False,True,False
MluI,BsrGI,BsgI,-4,-4,2,False,False,False,False,False,False,True,True
MluI,BsrGI,BsmI,-4,-4,2,False,False,False,False,False,False,True,False
MluI,BsrGI,BspMI,-4,-4,-4,False,False,False,False,False,False,True,True
MluI,BssHII,BbsI,-4,-4,-4,False,False,False,False,False,False,True,False
MluI,BssHII,BseRI,-4,-4,2,False,False,False,False,False,False,True,False
MluI,BssHII,BsgI,-4,-4,2,False,False,False,False,False,False,True,True
MluI,BssHII,BsmI,-4,-4,2,False,False,False,False,False,False,True,False
MluI,BssHII,BspMI,-4,-4,-4,False,False,False,False,False,False,True,True
MluI,EcoRI,BbsI,-4,-4,-4,False,False,False,False,False,False,True,False
MluI,EcoRI,BseRI,-4,-4,2,False,False,False,False,False,False,True,False
MluI,EcoRI,BsgI,-4,-4,2,False,False,False,False,False,False,True,False
MluI,EcoRI,BsmI,-4,-4,2,False,False,False,False,False,False,True,False
MluI,EcoRI,BspMI,-4,-4,-4,False,False,False,False,False,False,True,False
MluI,HindIII,BbsI,-4,-4,-4,False,False,False,False,False,False,True,False
MluI,HindIII,BseRI,-4,-4,2,False,False,False,False,False,False,True,False
MluI,HindIII,BsgI,-4,-4,2,False,False,False,False,False,False,True,True
MluI,HindIII,BsmI,-4,-4,2,False,False,False,False,False,False,True,False
MluI,HindIII,BspMI,-4,-4,-4,False,False,False,False,False,False,True,True
MluI,MluI,BbsI,-4,-4,-4,False,False,False,False,False,False,True,False
MluI,MluI,BseRI,-4,-4,2,False,False,False,False,False,False,True,False
MluI,MluI,BsgI,-4,-4,2,False,False,False,False,False,False,True,True
MluI,MluI,BsmI,-4,-4,2,False,False,False,False,False,False,True,False
MluI,MluI,BspMI,-4,-4,-4,False,False,False,False,False,False,True,True
MluI,NcoI,BbsI,-4,-4,-4,False,False,False,False,False,False,True,False
MluI,NcoI,BseRI,-4,-4,2,False,False,False,False,False,False,True,False
MluI,NcoI,BsgI,-4,-4,2,False,False,False,False,False,False,True,False
MluI,NcoI,BsmI,-4,-4,2,False,False,False,False,False,False,True,False
MluI,NcoI,BspMI,-4,-4,-4,False,False,False,False,False,False,True,False
MluI,NheI,BbsI,-4,-4,-4,False,False,False,False,False,False,True,False
MluI,NheI,BseRI,-4,-4,2,False,False,False,False,False,False,True,False
MluI,NheI,BsgI,-4,-4,2,False,False,False,False,False,False,True,False
MluI,NheI,BsmI,-4,-4,2,False,False,False,False,False,False,True,False
MluI,NheI,BspMI,-4,-4,-4,False,False,False,False,False,False,True,False
MluI,NotI,BbsI,-4,-4,-4,False,False,False,False,False,False,True,False
MluI,NotI,BseRI,-4,-4,2,False,False,False,False,False,False,True,False
MluI,NotI,BsgI,-4,-4,2,False,False,False,False,False,False,True,True
MluI,NotI,BsmI,-4,-4,2,False,False,False,False,False,False,True,False
MluI,NotI,BspMI,-4,-4,-4,False,False,False,False,False,False,True,True
MluI,PacI,BbsI,-4,2,-4,False,False,False,False,False,False,True,False
MluI,PacI,BseRI,-4,2,2,False,False,False,False,False,False,True,False
MluI,PacI,BsgI,-4,2,2,False,False,False,False,False,False,True,True
MluI,PacI,BsmI,-4,2,2,False,False,False,False,False,False,True,False
MluI,PacI,BspMI,-4,2,-4,False,False,False,False,False,False,True,True
MluI,PspOMI,BbsI,-4,-4,-4,False,False,False,False,False,False,True,False
MluI,PspOMI,BseRI,-4,-4,2,False,False,False,False,False,False,True,False
MluI,PspOMI,BsgI,-4,-4,2,False,False,False,False,False,False,True,True
MluI,PspOMI,BsmI,-4,-4,2,False,False,False,False,False,False,True,False
MluI,PspOMI,BspMI,-4,-4,-4,False,False,False,False,False,False,True,True
MluI,SacII,BbsI,-4,2,-4,False,False,False,False,False,False,True,False
MluI,SacII,BseRI,-4,2,2,False,False,False,False,False,False,True,False
MluI,SacII,BsgI,-4,2,2,False,False,False,False,False,False,True,True
MluI,SacII,BsmI,-4,2,2,False,False,False,False,False,False,True,False
MluI,SacII,BspMI,-4,2,-4,False,False,False,False,False,False,True,True
MluI,SalI,BbsI,-4,-4,-4,False,False,False,False,False,False,True,False
MluI,SalI,BseRI,-4,-4,2,False,False,False,False,False,False,True,False
MluI,SalI,BsgI,-4,-4,2,False,False,False,False,False,False,True,True
MluI,SalI,BsmI,-4,-4,2,False,False,False,False,False,False,True,False
MluI,SalI,BspMI,-4,-4,-4,False,False,False,False,False,False,True,True
MluI,SpeI,BbsI,-4,-4,-4,False,False,False,False,False,False,True,False
MluI,SpeI,BseRI,-4,-4,2,False,False,False,False,False,False,True,False
MluI,SpeI,BsgI,-4,-4,2,False,False,False,False,False,False,True,True
MluI,SpeI,BsmI,-4,-4,2,False,False,False,False,False,False,True,False
MluI,SpeI,BspMI,-4,-4,-4,False,False,False,False,False,False,True,True
MluI,XbaI,BbsI,-4,-4,-4,False,False,False,False,False,False,True,False
MluI,XbaI,BseRI,-4,-4,2,False,False,False,False,False,False,True,False
MluI,XbaI,BsgI,-4,-4,2,False,False,False,False,False,False,True,False
MluI,XbaI,BsmI,-4,-4,2,False,False,False,False,False,False,True,False
MluI,XbaI,BspMI,-4,-4,-4,False,False,False,False,False,False,True,False
MluI,XhoI,BbsI,-4,-4,-4,False,False,False,False,False,False,True,False
MluI,XhoI,BseRI,-4,-4,2,False,False,False,False,False,False,True,False
MluI,XhoI,BsgI,-4,-4,2,False,False,False,False,False,False,True,False
MluI,XhoI,BsmI,-4,-4,2,False,False,False,False,False,False,True,False
MluI,XhoI,BspMI,-4,-4,-4,False,False,False,False,False,False,True,False
NarI,AflII,BsgI,-2,-4,2,False,False,False,False,False,False,False,True
NarI,AflII,BspMI,-2,-4,-4,False,False,False,False,False,False,False,True
NarI,AgeI,BsgI,-2,-4,2,False,False,False,False,False,False,False,True
NarI,AgeI,BspMI,-2,-4,-4,False,False,False,False,False,False,False,True
NarI,AscI,BsgI,-2,-4,2,False,False,False,False,False,False,False,True
NarI,AscI,BspMI,-2,-4,-4,False,False,False,False,False,False,False,True
NarI,AvrII,BsgI,-2,-4,2,False,False,False,False,False,False,False,True
NarI,AvrII,BspMI,-2,-4,-4,False,False,False,False,False,False,False,True
NarI,BclI,BsgI,-2,-4,2,False,False,False,False,False,False,False,True
NarI,BclI,BspMI,-2,-4,-4,False,False,False,False,False,False,False,True
NarI,BglII,BsgI,-2,-4,2,False,False,False,False,False,False,False,True
NarI,BglII,BspMI,-2,-4,-4,False,False,False,False,False,False,False,True
NarI,BsiWI,BsgI,-2,-4,2,False,False,False,False,False,False,False,True
NarI,BsiWI,BspMI,-2,-4,-4,False,False,False,False,False,False,False,True
NarI,BsrGI,BsgI,-2,-4,2,False,False,False,False,False,False,False,True
NarI,BsrGI,BspMI,-2,-4,-4,False,False,False,False,False,False,False,True
NarI,BssHII,BsgI,-2,-4,2,False,False,False,False,False,False,False,True
NarI,BssHII,BspMI,-2,-4,-4,False,False,False,False,False,False,False,True
NarI,HindIII,BsgI,-2,-4,2,False,False,False,False,False,False,False,True
NarI,HindIII,BspMI,-2,-4,-4,False,False,False,False,False,False,False,True
NarI,MluI,BsgI,-2,-4,2,False,False,False,False,False,False,False,True
NarI,MluI,BspMI,-2,-4,-4,False,False,False,False,False,False,False,True
NarI,NotI,BsgI,-2,-4,2,False,False,False,False,False,False,False,True
NarI,NotI,BspMI,-2,-4,-4,False,False,False,False,False,False,False,True
NarI,PacI,BsgI,-2,2,2,False,False,False,False,False,False,False,True
NarI,PacI,BspMI,-2,2,-4,False,False,False,False,False,False,False,True
NarI,PspOMI,BsgI,-2,-4,2,False,False,False,False,False,False,False,True
NarI,PspOMI,BspMI,-2,-4,-4,False,False,False,False,False,False,False,True
NarI,SacII,BsgI,-2,2,2,False,False,False,False,False,False,False,True
NarI,SacII,BspMI,-2,2,-4,False,False,False,False,False,False,False,True
NarI,SalI,BsgI,-2,-4,2,False,False,False,False,False,False,False,True
NarI,SalI,BspMI,-2,-4,-4,False,False,False,False,False,False,False,True
NarI,SpeI,BsgI,-2,-4,2,False,False,False,False,False,False,False,True
NarI,SpeI,BspMI,-2,-4,-4,False,False,False,False,False,False,False,True
NcoI,AflII,BbsI,-4,-4,-4,False,False,False,False,False,False,True,False
NcoI,AflII,BsaI,-4,-4,-4,False,False,False,False,True,False,False,False
NcoI,AflII,BseRI,-4,-4,2,True,True,True,False,True,True,True,False
NcoI,AflII,BsgI,-4,-4,2,False,False,False,False,False,False,True,False
NcoI,AflII,BsmI,-4,-4,2,True,False,True,False,False,False,True,False
NcoI,AflII,BspMI,-4,-4,-4,False,False,True,False,True,True,True,False
NcoI,AflII,SapI,-4,-4,-3,False,False,False,False,False,True,False,False
NcoI,AgeI,BbsI,-4,-4,-4,False,False,False,False,False,False,True,False
NcoI,AgeI,BsaI,-4,-4,-4,False,False,False,False,True,False,False,False
NcoI,AgeI,BseRI,-4,-4,2,True,True,True,False,True,True,True,False
NcoI,AgeI,BsgI,-4,-4,2,False,False,False,False,False,False,True,False
NcoI,AgeI,BsmI,-4,-4,2,True,False,True,False,False,False,True,False
NcoI,AgeI,BspMI,-4,-4,-4,False,False,True,False,True,True,True,False
NcoI,AgeI,SapI,-4,-4,-3,False,False,False,False,False,True,False,False
NcoI,AscI,BbsI,-4,-4,-4,False,False,False,False,False,False,True,False
NcoI,AscI,BsaI,-4,-4,-4,False,False,False,False,True,False,False,False
NcoI,AscI,BseRI,-4,-4,2,True,True,True,False,True,True,True,False
NcoI,AscI,BsgI,-4,-4,2,False,False,False,False,False,False,True,False
NcoI,AscI,BsmI,-4,-4,2,True,False,True,False,False,False,True,False
NcoI,AscI,BspMI,-4,-4,-4,False,False,True,False,True,True,True,False
NcoI,AscI,SapI,-4,-4,-3,False,False,False,False,False,True,False,False
NcoI,AvrII,BbsI,-4,-4,-4,False,False,False,False,False,False,True,False
NcoI,AvrII,BsaI,-4,-4,-4,False,False,False,False,True,False,False,False
NcoI,AvrII,BseRI,-4,-4,2,True,True,True,False,True,True,True,False
NcoI,AvrII,BsgI,-4,-4,2,False,False,False,False,False,False,True,False
NcoI,AvrII,BsmI,-4,-4,2,True,False,True,False,False,False,True,False
NcoI,AvrII,BspMI,-4,-4,-4,False,False,True,False,True,True,True,False
NcoI,AvrII,SapI,-4,-4,-3,False,False,False,False,False,True,False,False
NcoI,BclI,BbsI,-4,-4,-4,False,False,False,False,False,False,True,False
NcoI,BclI,BseRI,-4,-4,2,False,False,False,False,False,False,True,False
NcoI,BclI,BsgI,-4,-4,2,False,False,False,False,False,False,True,False
NcoI,BclI,BsmI,-4,-4,2,False,False,False,False,False,False,True,False
NcoI,BclI,BspMI,-4,-4,-4,False,False,False,False,False,False,True,False
NcoI,BglII,BbsI,-4,-4,-4,False,False,False,False,False,False,True,False
NcoI,BglII,BseRI,-4,-4,2,True,False,False,False,False,True,True,False
NcoI,BglII,BsgI,-4,-4,2,False,False,False,False,False,False,True,False
NcoI,BglII,BsmI,-4,-4,2,True,False,False,False,False,False,True,False
NcoI,BglII,BspMI,-4,-4,-4,False,False,False,False,False,True,True,False
NcoI,BglII,SapI,-4,-4,-3,False,False,False,False,False,True,False,False
NcoI,BsiWI,BbsI,-4,-4,-4,False,False,False,False,False,False,True,False
NcoI,BsiWI,BsaI,-4,-4,-4,False,False,False,False,True,False,False,False
NcoI,BsiWI,BseRI,-4,-4,2,True,False,True,False,True,True,True,False
NcoI,BsiWI,BsgI,-4,-4,2,False,False,False,False,False,False,True,False
NcoI,BsiWI,BsmI,-4,-4,2,True,False,True,False,False,False,True,False
NcoI,BsiWI,BspMI,-4,-4,-4,False,False,True,False,True,True,True,False
NcoI,BsiWI,SapI,-4,-4,-3,False,False,False,False,False,True,False,False
NcoI,BspEI,BbsI,-4,-4,-4,False,False,False,False,False,False,True,False
NcoI,BspEI,BseRI,-4,-4,2,True,False,False,False,False,True,True,False
NcoI,BspEI,BsgI,-4,-4,2,False,False,False,False,False,False,True,False
NcoI,BspEI,BsmI,-4,-4,2,True,False,False,False,False,False,True,False
NcoI,BspEI,BspMI,-4,-4,-4,False,False,False,False,False,True,True,False
NcoI,BspEI,SapI,-4,-4,-3,False,False,False,False,False,True,False,False
NcoI,BsrGI,BbsI,-4,-4,-4,False,False,False,False,False,False,True,False
NcoI,BsrGI,BsaI,-4,-4,-4,False,False,False,False,True,False,False,False
NcoI,BsrGI,BseRI,-4,-4,2,True,True,True,False,True,True,True,False
NcoI,BsrGI,BsgI,-4,-4,2,False,False,False,False,False,False,True,False
NcoI,BsrGI,BsmI,-4,-4,2,True,False,True,False,False,False,True,False
NcoI,BsrGI,BspMI,-4,-4,-4,False,False,True,False,True,True,True,False
NcoI,BsrGI,SapI,-4,-4,-3,False,False,False,False,False,True,False,False
NcoI,BssHII,BbsI,-4,-4,-4,False,False,False,False,False,False,True,False
NcoI,BssHII,BseRI,-4,-4,2,False,False,False,False,False,False,True,False
NcoI,BssHII,BsgI,-4,-4,2,False,False,False,False,False,False,True,False
NcoI,BssHII,BsmI,-4,-4,2,False,False,False,False,False,False,True,False
NcoI,BssHII,BspMI,-4,-4,-4,False,False,False,False,False,False,True,False
NcoI,EcoRI,BbsI,-4,-4,-4,False,False,False,False,False,False,True,False
NcoI,EcoRI,BsaI,-4,-4,-4,False,False,False,False,True,False,False,False
NcoI,EcoRI,BseRI,-4,-4,2,True,True,True,False,True,True,True,False
NcoI,EcoRI,BsgI,-4,-4,2,False,False,False,False,False,False,True,False
NcoI,EcoRI,BsmI,-4,-4,2,True,False,True,False,False,False,True,False
NcoI,EcoRI,BspMI,-4,-4,-4,False,False,True,False,True,True,True,False
NcoI,EcoRI,SapI,-4,-4,-3,False,False,False,False,False,True,False,False
NcoI,HindIII,BbsI,-4,-4,-4,False,False,False,False,False,False,True,False
NcoI,HindIII,BsaI,-4,-4,-4,False,False,False,False,True,False,False,False
NcoI,HindIII,BseRI,-4,-4,2,True,True,True,False,True,True,True,False
NcoI,HindIII,BsgI,-4,-4,2,False,False,False,False,False,False,True,False
NcoI,HindIII,BsmI,-4,-4,2,True,False,True,False,False,False,True,False
NcoI,HindIII,BspMI,-4,-4,-4,False,False,True,False,True,True,True,False
NcoI,HindIII,SapI,-4,-4,-3,False,False,False,False,False,True,False,False
NcoI,MluI,BbsI,-4,-4,-4,False,False,False,False,False,False,True,False
NcoI,MluI,BseRI,-4,-4,2,False,False,False,False,False,False,True,False
NcoI,MluI,BsgI,-4,-4,2,False,False,False,False,False,False,True,False
NcoI,MluI,BsmI,-4,-4,2,False,False,False,False,False,False,True,False
NcoI,MluI,BspMI,-4,-4,-4,False,False,False,False,False,False,True,False
NcoI,NcoI,BbsI,-4,-4,-4,False,False,False,False,False,False,True,False
NcoI,NcoI,BsaI,-4,-4,-4,False,False,False,False,True,False,False,False
NcoI,NcoI,BseRI,-4,-4,2,True,True,True,False,True,True,True,False
NcoI,NcoI,BsgI,-4,-4,2,False,False,False,False,False,False,True,False
NcoI,NcoI,BsmI,-4,-4,2,True,False,True,False,False,False,True,False
NcoI,NcoI,BspMI,-4,-4,-4,False,False,True,False,True,True,True,False
NcoI,NcoI,SapI,-4,-4,-3,False,False,False,False,False,True,False,False
NcoI,NheI,BbsI,-4,-4,-4,False,False,False,False,False,False,True,False
NcoI,NheI,BsaI,-4,-4,-4,False,False,False,False,True,False,False,False
NcoI,NheI,BseRI,-4,-4,2,True,True,True,False,True,False,True,False
NcoI,NheI,BsgI,-4,-4,2,False,False,False,False,False,False,True,False
NcoI,NheI,BsmI,-4,-4,2,True,False,True,False,False,False,True,False
NcoI,NheI,BspMI,-4,-4,-4,False,False,True,False,True,False,True,False
NcoI,NotI,BbsI,-4,-4,-4,False,False,False,False,False,False,True,False
NcoI,NotI,BsaI,-4,-4,-4,False,False,False,False,True,False,False,False
NcoI,NotI,BseRI,-4,-4,2,True,True,True,False,True,True,True,False
NcoI,NotI,BsgI,-4,-4,2,False,False,False,False,False,False,True,False
NcoI,NotI,BsmI,-4,-4,2,True,False,True,False,False,False,True,False
NcoI,NotI,BspMI,-4,-4,-4,False,False,True,False,True,True,True,False
NcoI,NotI,SapI,-4,-4,-3,False,False,False,False,False,True,False,False
NcoI,PacI,BbsI,-4,2,-4,False,False,False,False,False,False,True,False
NcoI,PacI,BsaI,-4,2,-4,False,False,False,False,True,False,False,False
NcoI,PacI,BseRI,-4,2,2,True,True,True,False,True,True,True,False
NcoI,PacI,BsgI,-4,2,2,False,False,False,False,False,False,True,False
NcoI,PacI,BsmI,-4,2,2,True,False,True,False,False,False,True,False
NcoI,PacI,BspMI,-4,2,-4,False,False,True,False,True,True,True,False
NcoI,PacI,SapI,-4,2,-3,False,False,False,False,False,True,False,False
NcoI,PciI,BseRI,-4,-4,2,False,False,False,False,False,True,False,False
NcoI,PciI,BspMI,-4,-4,-4,False,False,False,False,False,True,False,False
NcoI,PciI,SapI,-4,-4,-3,False,False,False,False,False,True,False,False
NcoI,PspOMI,BbsI,-4,-4,-4,False,False,False,False,False,False,True,False
NcoI,PspOMI,BseRI,-4,-4,2,False,False,False,False,False,False,True,False
NcoI,PspOMI,BsgI,-4,-4,2,False,False,False,False,False,False,True,False
NcoI,PspOMI,BsmI,-4,-4,2,False,False,False,False,False,False,True,False
NcoI,PspOMI,BspMI,-4,-4,-4,False,False,False,False,False,False,True,False
NcoI,SacII,BbsI,-4,2,-4,False,False,False,False,False,False,True,False
NcoI,SacII,BsaI,-4,2,-4,False,False,False,False,True,False,False,False
NcoI,SacII,BseRI,-4,2,2,True,True,True,False,True,True,True,False
NcoI,SacII,BsgI,-4,2,2,False,False,False,False,False,False,True,False
NcoI,SacII,BsmI,-4,2,2,True,False,True,False,False,False,True,False
NcoI,SacII,BspMI,-4,2,-4,False,False,True,False,True,True,True,False
NcoI,SacII,SapI,-4,2,-3,False,False,False,False,False,True,False,False
NcoI,SalI,BbsI,-4,-4,-4,False,False,False,False,False,False,True,False
NcoI,SalI,BsaI,-4,-4,-4,False,False,False,False,True,False,False,False
NcoI,SalI,BseRI,-4,-4,2,True,True,True,False,True,True,True,False
NcoI,SalI,BsgI,-4,-4,2,False,False,False,False,False,False,True,False
NcoI,SalI,BsmI,-4,-4,2,True,False,True,False,False,False,True,False
NcoI,SalI,BspMI,-4,-4,-4,False,False,True,False,True,True,True,False
NcoI,SalI,SapI,-4,-4,-3,False,False,False,False,False,True,False,False
NcoI,SpeI,BbsI,-4,-4,-4,False,False,False,False,False,False,True,False
NcoI,SpeI,BsaI,-4,-4,-4,False,False,False,False,True,False,False,False
NcoI,SpeI,BseRI,-4,-4,2,True,True,True,False,True,True,True,False
NcoI,SpeI,BsgI,-4,-4,2,False,False,False,False,False,False,True,False
NcoI,SpeI,BsmI,-4,-4,2,True,False,True,False,False,False,True,False
NcoI,SpeI,BspMI,-4,-4,-4,False,False,True,False,True,True,True,False
NcoI,SpeI,SapI,-4,-4,-3,False,False,False,False,False,True,False,False
NcoI,XbaI,BbsI,-4,-4,-4,False,False,False,False,False,False,True,False
NcoI,XbaI,BseRI,-4,-4,2,True,True,False,False,False,True,True,False
NcoI,XbaI,BsgI,-4,-4,2,False,False,False,False,False,False,True,False
NcoI,XbaI,BsmI,-4,-4,2,True,False,False,False,False,False,True,False
NcoI,XbaI,BspMI,-4,-4,-4,False,False,False,False,False,True,True,False
NcoI,XbaI,SapI,-4,-4,-3,False,False,False,False,False,True,False,False
NcoI,XhoI,BbsI,-4,-4,-4,False,False,False,False,False,False,True,False
NcoI,XhoI,BsaI,-4,-4,-4,False,False,False,False,True,False,False,False
NcoI,XhoI,BseRI,-4,-4,2,True,True,True,False,True,True,True,False
NcoI,XhoI,BsgI,-4,-4,2,False,False,False,False,False,False,True,False
NcoI,XhoI,BsmI,-4,-4,2,True,False,True,False,False,False,True,False
NcoI,XhoI,BspMI,-4,-4,-4,False,False,True,False,True,True,True,False
NcoI,XhoI,SapI,-4,-4,-3,False,False,False,False,False,True,False,False
NdeI,AflII,BsaI,-2,-4,-4,False,False,False,False,True,False,False,False
NdeI,AflII,BseRI,-2,-4,2,True,True,True,False,True,True,False,False
NdeI,AflII,BsmI,-2,-4,2,True,False,True,False,False,False,False,False
NdeI,AflII,BspMI,-2,-4,-4,False,False,True,False,True,True,False,False
NdeI,AflII,SapI,-2,-4,-3,False,False,False,False,False,True,False,False
NdeI,AgeI,BsaI,-2,-4,-4,False,False,False,False,True,False,False,False
NdeI,AgeI,BseRI,-2,-4,2,True,True,True,False,True,True,False,False
NdeI,AgeI,BsmI,-2,-4,2,True,False,True,False,False,False,False,False
NdeI,AgeI,BspMI,-2,-4,-4,False,False,True,False,True,True,False,False
NdeI,AgeI,SapI,-2,-4,-3,False,False,False,False,False,True,False,False
NdeI,AscI,BsaI,-2,-4,-4,False,False,False,False,True,False,False,False
NdeI,AscI,BseRI,-2,-4,2,True,True,True,False,True,True,False,False
NdeI,AscI,BsmI,-2,-4,2,True,False,True,False,False,False,False,False
NdeI,AscI,BspMI,-2,-4,-4,False,False,True,False,True,True,False,False
NdeI,AscI,SapI,-2,-4,-3,False,False,False,False,False,True,False,False
NdeI,AvrII,BsaI,-2,-4,-4,False,False,False,False,True,False,False,False
NdeI,AvrII,BseRI,-2,-4,2,True,True,True,False,True,True,False,False
NdeI,AvrII,BsmI,-2,-4,2,True,False,True,False,False,False,False,False
NdeI,AvrII,BspMI,-2,-4,-4,False,False,True,False,True,True,False,False
NdeI,AvrII,SapI,-2,-4,-3,False,False,False,False,False,True,False,False
NdeI,BglII,BseRI,-2,-4,2,True,False,False,False,False,True,False,False
NdeI,BglII,BsmI,-2,-4,2,True,False,False,False,False,False,False,False
NdeI,BglII,BspMI,-2,-4,-4,False,False,False,False,False,True,False,False
NdeI,BglII,SapI,-2,-4,-3,False,False,False,False,False,True,False,False
NdeI,BsiWI,BsaI,-2,-4,-4,False,False,False,False,True,False,False,False
NdeI,BsiWI,BseRI,-2,-4,2,True,False,True,False,True,True,False,False
NdeI,BsiWI,BsmI,-2,-4,2,True,False,True,False,False,False,False,False
NdeI,BsiWI,BspMI,-2,-4,-4,False,False,True,False,True,True,False,False
NdeI,BsiWI,SapI,-2,-4,-3,False,False,False,False,False,True,False,False
NdeI,BspEI,BseRI,-2,-4,2,True,False,False,False,False,True,False,False
NdeI,BspEI,BsmI,-2,-4,2,True,False,False,False,False,False,False,False
NdeI,BspEI,BspMI,-2,-4,-4,False,False,False,False,False,True,False,False
NdeI,BspEI,SapI,-2,-4,-3,False,False,False,False,False,True,False,False
NdeI,BsrGI,BsaI,-2,-4,-4,False,False,False,False,True,False,False,False
NdeI,BsrGI,BseRI,-2,-4,2,True,True,True,False,True,True,False,False
NdeI,BsrGI,BsmI,-2,-4,2,True,False,True,False,False,False,False,False
NdeI,BsrGI,BspMI,-2,-4,-4,False,False,True,False,True,True,False,False
NdeI,BsrGI,SapI,-2,-4,-3,False,False,False,False,False,True,False,False
NdeI,EcoRI,BsaI,-2,-4,-4,False,False,False,False,True,False,False,False
NdeI,EcoRI,BseRI,-2,-4,2,True,True,True,False,True,True,False,False
NdeI,EcoRI,BsmI,-2,-4,2,True,False,True,False,False,False,False,False
NdeI,EcoRI,BspMI,-2,-4,-4,False,False,True,False,True,True,False,False
NdeI,EcoRI,SapI,-2,-4,-3,False,False,False,False,False,True,False,False
NdeI,HindIII,BsaI,-2,-4,-4,False,False,False,False,True,False,False,False
NdeI,HindIII,BseRI,-2,-4,2,True,True,True,False,True,True,False,False
NdeI,HindIII,BsmI,-2,-4,2,True,False,True,False,False,False,False,False
NdeI,HindIII,BspMI,-2,-4,-4,False,False,True,False,True,True,False,False
NdeI,HindIII,SapI,-2,-4,-3,False,False,False,False,False,True,False,False
NdeI,NcoI,BsaI,-2,-4,-4,False,False,False,False,True,False,False,False
NdeI,NcoI,BseRI,-2,-4,2,True,True,True,False,True,True,False,False
NdeI,NcoI,BsmI,-2,-4,2,True,False,True,False,False,False,False,False
NdeI,NcoI,BspMI,-2,-4,-4,False,False,True,False,True,True,False,False
NdeI,NcoI,SapI,-2,-4,-3,False,False,False,False,False,True,False,False
NdeI,NheI,BsaI,-2,-4,-4,False,False,False,False,True,False,False,False
NdeI,NheI,BseRI,-2,-4,2,True,True,True,False,True,False,False,False
NdeI,NheI,BsmI,-2,-4,2,True,False,True,False,False,False,False,False
NdeI,NheI,BspMI,-2,-4,-4,False,False,True,False,True,False,False,False
NdeI,NotI,BsaI,-2,-4,-4,False,False,False,False,True,False,False,False
NdeI,NotI,BseRI,-2,-4,2,True,True,True,False,True,True,False,False
NdeI,NotI,BsmI,-2,-4,2,True,False,True,False,False,False,False,False
NdeI,NotI,BspMI,-2,-4,-4,False,False,True,False,True,True,False,False
NdeI,NotI,SapI,-2,-4,-3,False,False,False,False,False,True,False,False
NdeI,PacI,BsaI,-2,2,-4,False,False,False,False,True,False,False,False
NdeI,PacI,BseRI,-2,2,2,True,True,True,False,True,True,False,False
NdeI,PacI,BsmI,-2,2,2,True,False,True,False,False,False,False,False
NdeI,PacI,BspMI,-2,2,-4,False,False,True,False,True,True,False,False
NdeI,PacI,SapI,-2,2,-3,False,False,False,False,False,True,False,False
NdeI,PciI,BseRI,-2,-4,2,False,False,False,False,False,True,False,False
NdeI,PciI,BspMI,-2,-4,-4,False,False,False,False,False,True,False,False
NdeI,PciI,SapI,-2,-4,-3,False,False,False,False,False,True,False,False
NdeI,SacII,BsaI,-2,2,-4,False,False,False,False,True,False,False,False
NdeI,SacII,BseRI,-2,2,2,True,True,True,False,True,True,False,False
NdeI,SacII,BsmI,-2,2,2,True,False,True,False,False,False,False,False
NdeI,SacII,BspMI,-2,2,-4,False,False,True,False,True,True,False,False
NdeI,SacII,SapI,-2,2,-3,False,False,False,False,False,True,False,False
NdeI,SalI,BsaI,-2,-4,-4,False,False,False,False,True,False,False,False
NdeI,SalI,BseRI,-2,-4,2,True,True,True,False,True,True,False,False
NdeI,SalI,BsmI,-2,-4,2,True,False,True,False,False,False,False,False
NdeI,SalI,BspMI,-2,-4,-4,False,False,True,False,True,True,False,False
NdeI,SalI,SapI,-2,-4,-3,False,False,False,False,False,True,False,False
NdeI,SpeI,BsaI,-2,-4,-4,False,False,False,False,True,False,False,False
NdeI,SpeI,BseRI,-2,-4,2,True,True,True,False,True,True,False,False
NdeI,SpeI,BsmI,-2,-4,2,True,False,True,False,False,False,False,False
NdeI,SpeI,BspMI,-2,-4,-4,False,False,True,False,True,True,False,False
NdeI,SpeI,SapI,-2,-4,-3,False,False,False,False,False,True,False,False
NdeI,XbaI,BseRI,-2,-4,2,True,True,False,False,False,True,False,False
NdeI,XbaI,BsmI,-2,-4,2,True,False,False,False,False,False,False,False
NdeI,XbaI,BspMI,-2,-4,-4,False,False,False,False,False,True,False,False
NdeI,XbaI,SapI,-2,-4,-3,False,False,False,False,False,True,False,False
NdeI,XhoI,BsaI,-2,-4,-4,False,False,False,False,True,False,False,False
NdeI,XhoI,BseRI,-2,-4,2,True,True,True,False,True,True,False,False
NdeI,XhoI,BsmI,-2,-4,2,True,False,True,False,False,False,False,False
NdeI,XhoI,BspMI,-2,-4,-4,False,False,True,False,True,True,False,False
NdeI,XhoI,SapI,-2,-4,-3,False,False,False,False,False,True,False,False
NheI,AflII,BbsI,-4,-4,-4,False,False,False,False,False,False,True,False
NheI,AflII,BsaI,-4,-4,-4,False,False,False,False,True,False,False,False
NheI,AflII,BseRI,-4,-4,2,True,True,True,False,True,False,True,False
NheI,AflII,BsgI,-4,-4,2,False,False,False,False,False,False,True,False
NheI,AflII,BsmI,-4,-4,2,True,False,True,False,False,False,True,False
NheI,AflII,BspMI,-4,-4,-4,False,False,True,False,True,False,True,False
NheI,AgeI,BbsI,-4,-4,-4,False,False,False,False,False,False,True,False
NheI,AgeI,BsaI,-4,-4,-4,False,False,False,False,True,False,False,False
NheI,AgeI,BseRI,-4,-4,2,True,True,True,False,True,False,True,False
NheI,AgeI,BsgI,-4,-4,2,False,False,False,False,False,False,True,False
NheI,AgeI,BsmI,-4,-4,2,True,False,True,False,False,False,True,False
NheI,AgeI,BspMI,-4,-4,-4,False,False,True,False,True,False,True,False
NheI,AscI,BbsI,-4,-4,-4,False,False,False,False,False,False,True,False
NheI,AscI,BsaI,-4,-4,-4,False,False,False,False,True,False,False,False
NheI,AscI,BseRI,-4,-4,2,True,True,True,False,True,False,True,False
NheI,AscI,BsgI,-4,-4,2,False,False,False,False,False,False,True,False
NheI,AscI,BsmI,-4,-4,2,True,False,True,False,False,False,True,False
NheI,AscI,BspMI,-4,-4,-4,False,False,True,False,True,False,True,False
NheI,AvrII,BbsI,-4,-4,-4,False,False,False,False,False,False,True,False
NheI,AvrII,BsaI,-4,-4,-4,False,False,False,False,True,False,False,False
NheI,AvrII,BseRI,-4,-4,2,True,True,True,False,True,False,True,False
NheI,AvrII,BsgI,-4,-4,2,False,False,False,False,False,False,True,False
NheI,AvrII,BsmI,-4,-4,2,True,False,True,False,False,False,True,False
NheI,AvrII,BspMI,-4,-4,-4,False,False,True,False,True,False,True,False
NheI,BclI,BbsI,-4,-4,-4,False,False,False,False,False,False,True,False
NheI,BclI,BseRI,-4,-4,2,False,False,False,False,False,False,True,False
NheI,BclI,BsgI,-4,-4,2,False,False,False,False,False,False,True,False
NheI,BclI,BsmI,-4,-4,2,False,False,False,False,False,False,True,False
NheI,BclI,BspMI,-4,-4,-4,False,False,False,False,False,False,True,False
NheI,BglII,BbsI,-4,-4,-4,False,False,False,False,False,False,True,False
NheI,BglII,BseRI,-4,-4,2,True,False,False,False,False,False,True,False
NheI,BglII,BsgI,-4,-4,2,False,False,False,False,False,False,True,False
NheI,BglII,BsmI,-4,-4,2,True,False,False,False,False,False,True,False
NheI,BglII,BspMI,-4,-4,-4,False,False,False,False,False,False,True,False
NheI,BsiWI,BbsI,-4,-4,-4,False,False,False,False,False,False,True,False
NheI,BsiWI,BsaI,-4,-4,-4,False,False,False,False,True,False,False,False
NheI,BsiWI,BseRI,-4,-4,2,True,False,True,False,True,False,True,False
NheI,BsiWI,BsgI,-4,-4,2,False,False,False,False,False,False,True,False
NheI,BsiWI,BsmI,-4,-4,2,True,False,True,False,False,False,True,False
NheI,BsiWI,BspMI,-4,-4,-4,False,False,True,False,True,False,True,False
NheI,BspEI,BbsI,-4,-4,-4,False,False,False,False,False,False,True,False
NheI,BspEI,BseRI,-4,-4,2,True,False,False,False,False,False,True,False
NheI,BspEI,BsgI,-4,-4,2,False,False,False,False,False,False,True,False
NheI,BspEI,BsmI,-4,-4,2,True,False,False,False,False,False,True,False
NheI,BspEI,BspMI,-4,-4,-4,False,False,False,False,False,False,True,False
NheI,BsrGI,BbsI,-4,-4,-4,False,False,False,False,False,False,True,False
NheI,BsrGI,BsaI,-4,-4,-4,False,False,False,False,True,False,False,False
NheI,BsrGI,BseRI,-4,-4,2,True,True,True,False,True,False,True,False
NheI,BsrGI,BsgI,-4,-4,2,False,False,False,False,False,False,True,False
NheI,BsrGI,BsmI,-4,-4,2,True,False,True,False,False,False,True,False
NheI,BsrGI,BspMI,-4,-4,-4,False,False,True,False,True,False,True,False
NheI,BssHII,BbsI,-4,-4,-4,False,False,False,False,False,False,True,False
NheI,BssHII,BseRI,-4,-4,2,False,False,False,False,False,False,True,False
NheI,BssHII,BsgI,-4,-4,2,False,False,False,False,False,False,True,False
NheI,BssHII,BsmI,-4,-4,2,False,False,False,False,False,False,True,False
NheI,BssHII,BspMI,-4,-4,-4,False,False,False,False,False,False,True,False
NheI,EcoRI,BbsI,-4,-4,-4,False,False,False,False,False,False,True,False
NheI,EcoRI,BsaI,-4,-4,-4,False,False,False,False,True,False,False,False
NheI,EcoRI,BseRI,-4,-4,2,True,True,True,False,True,False,True,False
NheI,EcoRI,BsgI,-4,-4,2,False,False,False,False,False,False,True,False
NheI,EcoRI,BsmI,-4,-4,2,True,False,True,False,False,False,True,False
NheI,EcoRI,BspMI,-4,-4,-4,False,False,True,False,True,False,True,False
NheI,HindIII,BbsI,-4,-4,-4,False,False,False,False,False,False,True,False
NheI,HindIII,BsaI,-4,-4,-4,False,False,False,False,True,False,False,False
NheI,HindIII,BseRI,-4,-4,2,True,True,True,False,True,False,True,False
NheI,HindIII,BsgI,-4,-4,2,False,False,False,False,False,False,True,False
NheI,HindIII,BsmI,-4,-4,2,True,False,True,False,False,False,True,False
NheI,HindIII,BspMI,-4,-4,-4,False,False,True,False,True,False,True,False
NheI,MluI,BbsI,-4,-4,-4,False,False,False,False,False,False,True,False
NheI,MluI,BseRI,-4,-4,2,False,False,False,False,False,False,True,False
NheI,MluI,BsgI,-4,-4,2,False,False,False,False,False,False,True,False
NheI,MluI,BsmI,-4,-4,2,False,False,False,False,False,False,True,False
NheI,MluI,BspMI,-4,-4,-4,False,False,False,False,False,False,True,False
NheI,NcoI,BbsI,-4,-4,-4,False,False,False,False,False,False,True,False
NheI,NcoI,BsaI,-4,-4,-4,False,False,False,False,True,False,False,False
NheI,NcoI,BseRI,-4,-4,2,True,True,True,False,True,False,True,False
NheI,NcoI,BsgI,-4,-4,2,False,False,False,False,False,False,True,False
NheI,NcoI,BsmI,-4,-4,2,True,False,True,False,False,False,True,False
NheI,NcoI,BspMI,-4,-4,-4,False,False,True,False,True,False,True,False
NheI,NheI,BbsI,-4,-4,-4,False,False,False,False,False,False,True,False
NheI,NheI,BsaI,-4,-4,-4,False,False,False,False,True,False,False,False
NheI,NheI,BseRI,-4,-4,2,True,True,True,False,True,False,True,False
NheI,NheI,BsgI,-4,-4,2,False,False,False,False,False,False,True,False
NheI,NheI,BsmI,-4,-4,2,True,False,True,False,False,False,True,False
NheI,NheI,BspMI,-4,-4,-4,False,False,True,False,True,False,True,False
NheI,NotI,BbsI,-4,-4,-4,False,False,False,False,False,False,True,False
NheI,NotI,BsaI,-4,-4,-4,False,False,False,False,True,False,False,False
NheI,NotI,BseRI,-4,-4,2,True,True,True,False,True,False,True,False
NheI,NotI,BsgI,-4,-4,2,False,False,False,False,False,False,True,False
NheI,NotI,BsmI,-4,-4,2,True,False,True,False,False,False,True,False
NheI,NotI,BspMI,-4,-4,-4,False,False,True,False,True,False,True,False
NheI,PacI,BbsI,-4,2,-4,False,False,False,False,False,False,True,False
NheI,PacI,BsaI,-4,2,-4,False,False,False,False,True,False,False,False
NheI,PacI,BseRI,-4,2,2,True,True,True,False,True,False,True,False
NheI,PacI,BsgI,-4,2,2,False,False,False,False,False,False,True,False
NheI,PacI,BsmI,-4,2,2,True,False,True,False,False,False,True,False
NheI,PacI,BspMI,-4,2,-4,False,False,True,False,True,False,True,False
NheI,PspOMI,BbsI,-4,-4,-4,False,False,False,False,False,False,True,False
NheI,PspOMI,BseRI,-4,-4,2,False,False,False,False,False,False,True,False
NheI,PspOMI,BsgI,-4,-4,2,False,False,False,False,False,False,True,False
NheI,PspOMI,BsmI,-4,-4,2,False,False,False,False,False,False,True,False
NheI,PspOMI,BspMI,-4,-4,-4,False,False,False,False,False,False,True,False
NheI,SacII,BbsI,-4,2,-4,False,False,False,False,False,False,True,False
NheI,SacII,BsaI,-4,2,-4,False,False,False,False,True,False,False,False
NheI,SacII,BseRI,-4,2,2,True,True,True,False,True,False,True,False
NheI,SacII,BsgI,-4,2,2,False,False,False,False,False,False,True,False
NheI,SacII,BsmI,-4,2,2,True,False,True,False,False,False,True,False
NheI,SacII,BspMI,-4,2,-4,False,False,True,False,True,False,True,False
NheI,SalI,BbsI,-4,-4,-4,False,False,False,False,False,False,True,False
NheI,SalI,BsaI,-4,-4,-4,False,False,False,False,True,False,False,False
NheI,SalI,BseRI,-4,-4,2,True,True,True,False,True,False,True,False
NheI,SalI,BsgI,-4,-4,2,False,False,False,False,False,False,True,False
NheI,SalI,BsmI,-4,-4,2,True,False,True,False,False,False,True,False
NheI,SalI,BspMI,-4,-4,-4,False,False,True,False,True,False,True,False
NheI,SpeI,BbsI,-4,-4,-4,False,False,False,False,False,False,True,False
NheI,SpeI,BsaI,-4,-4,-4,False,False,False,False,True,False,False,False
NheI,SpeI,BseRI,-4,-4,2,True,True,True,False,True,False,True,False
NheI,SpeI,BsgI,-4,-4,2,False,False,False,False,False,False,True,False
NheI,SpeI,BsmI,-4,-4,2,True,False,True,False,False,False,True,False
NheI,SpeI,BspMI,-4,-4,-4,False,False,True,False,True,False,True,False
NheI,XbaI,BbsI,-4,-4,-4,False,False,False,False,False,False,True,False
NheI,XbaI,BseRI,-4,-4,2,True,True,False,False,False,False,True,False
NheI,XbaI,BsgI,-4,-4,2,False,False,False,False,False,False,True,False
NheI,XbaI,BsmI,-4,-4,2,True,False,False,False,False,False,True,False
NheI,XbaI,BspMI,-4,-4,-4,False,False,False,False,False,False,True,False
NheI,XhoI,BbsI,-4,-4,-4,False,False,False,False,False,False,True,False
NheI,XhoI,BsaI,-4,-4,-4,False,False,False,False,True,False,False,False
NheI,XhoI,BseRI,-4,-4,2,True,True,True,False,True,False,True,False
NheI,XhoI,BsgI,-4,-4,2,False,False,False,False,False,False,True,False
NheI,XhoI,BsmI,-4,-4,2,True,False,True,False,False,False,True,False
NheI,XhoI,BspMI,-4,-4,-4,False,False,True,False,True,False,True,False
NotI,AflII,BbsI,-4,-4,-4,False,False,False,False,False,False,True,False
NotI,AflII,BsaI,-4,-4,-4,False,False,False,True,True,False,False,False
NotI,AflII,BseRI,-4,-4,2,True,True,True,True,True,True,True,False
NotI,AflII,BsgI,-4,-4,2,False,False,False,False,False,False,True,True
NotI,AflII,BsmI,-4,-4,2,True,False,True,False,False,False,True,False
NotI,AflII,BspMI,-4,-4,-4,False,False,True,True,True,True,True,True
NotI,AflII,SapI,-4,-4,-3,False,False,False,False,False,True,False,False
NotI,AgeI,BbsI,-4,-4,-4,False,False,False,False,False,False,True,False
NotI,AgeI,BsaI,-4,-4,-4,False,False,False,True,True,False,False,False
NotI,AgeI,BseRI,-4,-4,2,True,True,True,True,True,True,True,False
NotI,AgeI,BsgI,-4,-4,2,False,False,False,False,False,False,True,True
NotI,AgeI,BsmI,-4,-4,2,True,False,True,False,False,False,True,False
NotI,AgeI,BspMI,-4,-4,-4,False,False,True,True,True,True,True,True
NotI,AgeI,SapI,-4,-4,-3,False,False,False,False,False,True,False,False
NotI,AscI,BbsI,-4,-4,-4,False,False,False,False,False,False,True,False
NotI,AscI,BsaI,-4,-4,-4,False,False,False,True,True,False,False,False
NotI,AscI,BseRI,-4,-4,2,True,True,True,True,True,True,True,False
NotI,AscI,BsgI,-4,-4,2,False,False,False,False,False,False,True,True
NotI,AscI,BsmI,-4,-4,2,True,False,True,False,False,False,True,False
NotI,AscI,BspMI,-4,-4,-4,False,False,True,True,True,True,True,True
NotI,AscI,SapI,-4,-4,-3,False,False,False,False,False,True,False,False
NotI,AvrII,BbsI,-4,-4,-4,False,False,False,False,False,False,True,False
NotI,AvrII,BsaI,-4,-4,-4,False,False,False,True,True,False,False,False
NotI,AvrII,BseRI,-4,-4,2,True,True,True,True,True,True,True,False
NotI,AvrII,BsgI,-4,-4,2,False,False,False,False,False,False,True,True
NotI,AvrII,BsmI,-4,-4,2,True,False,True,False,False,False,True,False
NotI,AvrII,BspMI,-4,-4,-4,False,False,True,True,True,True,True,True
NotI,AvrII,SapI,-4,-4,-3,False,False,False,False,False,True,False,False
NotI,BclI,BbsI,-4,-4,-4,False,False,False,False,False,False,True,False
NotI,BclI,BseRI,-4,-4,2,False,False,False,False,False,False,True,False
NotI,BclI,BsgI,-4,-4,2,False,False,False,False,False,False,True,True
NotI,BclI,BsmI,-4,-4,2,False,False,False,False,False,False,True,False
NotI,BclI,BspMI,-4,-4,-4,False,False,False,False,False,False,True,True
NotI,BglII,BbsI,-4,-4,-4,False,False,False,False,False,False,True,False
NotI,BglII,BseRI,-4,-4,2,True,False,False,False,False,True,True,False
NotI,BglII,BsgI,-4,-4,2,False,False,False,False,False,False,True,True
NotI,BglII,BsmI,-4,-4,2,True,False,False,False,False,False,True,False
NotI,BglII,BspMI,-4,-4,-4,False,False,False,False,False,True,True,True
NotI,BglII,SapI,-4,-4,-3,False,False,False,False,False,True,False,False
NotI,BsiWI,BbsI,-4,-4,-4,False,False,False,False,False,False,True,False
NotI,BsiWI,BsaI,-4,-4,-4,False,False,False,True,True,False,False,False
NotI,BsiWI,BseRI,-4,-4,2,True,False,True,True,True,True,True,False
NotI,BsiWI,BsgI,-4,-4,2,False,False,False,False,False,False,True,True
NotI,BsiWI,BsmI,-4,-4,2,True,False,True,False,False,False,True,False
NotI,BsiWI,BspMI,-4,-4,-4,False,False,True,True,True,True,True,True
NotI,BsiWI,SapI,-4,-4,-3,False,False,False,False,False,True,False,False
NotI,BspEI,BbsI,-4,-4,-4,False,False,False,False,False,False,True,False
NotI,BspEI,BseRI,-4,-4,2,True,False,False,False,False,True,True,False
NotI,BspEI,BsgI,-4,-4,2,False,False,False,False,False,False,True,False
NotI,BspEI,BsmI,-4,-4,2,True,False,False,False,False,False,True,False
NotI,BspEI,BspMI,-4,-4,-4,False,False,False,False,False,True,True,False
NotI,BspEI,SapI,-4,-4,-3,False,False,False,False,False,True,False,False
NotI,BsrGI,BbsI,-4,-4,-4,False,False,False,False,False,False,True,False
NotI,BsrGI,BsaI,-4,-4,-4,False,False,False,True,True,False,False,False
NotI,BsrGI,BseRI,-4,-4,2,True,True,True,True,True,True,True,False
NotI,BsrGI,BsgI,-4,-4,2,False,False,False,False,False,False,True,True
NotI,BsrGI,BsmI,-4,-4,2,True,False,True,False,False,False,True,False
NotI,BsrGI,BspMI,-4,-4,-4,False,False,True,True,True,True,True,True
NotI,BsrGI,SapI,-4,-4,-3,False,False,False,False,False,True,False,False
NotI,BssHII,BbsI,-4,-4,-4,False,False,False,False,False,False,True,False
NotI,BssHII,BseRI,-4,-4,2,False,False,False,False,False,False,True,False
NotI,BssHII,BsgI,-4,-4,2,False,False,False,False,False,False,True,True
NotI,BssHII,BsmI,-4,-4,2,False,False,False,False,False,False,True,False
NotI,BssHII,BspMI,-4,-4,-4,False,False,False,False,False,False,True,True
NotI,EcoRI,BbsI,-4,-4,-4,False,False,False,False,False,False,True,False
NotI,EcoRI,BsaI,-4,-4,-4,False,False,False,True,True,False,False,False
NotI,EcoRI,BseRI,-4,-4,2,True,True,True,True,True,True,True,False
NotI,EcoRI,BsgI,-4,-4,2,False,False,False,False,False,False,True,False
NotI,EcoRI,BsmI,-4,-4,2,True,False,True,False,False,False,True,False
NotI,EcoRI,BspMI,-4,-4,-4,False,False,True,True,True,True,True,False
NotI,EcoRI,SapI,-4,-4,-3,False,False,False,False,False,True,False,False
NotI,HindIII,BbsI,-4,-4,-4,False,False,False,False,False,False,True,False
NotI,HindIII,BsaI,-4,-4,-4,False,False,False,True,True,False,False,False
NotI,HindIII,BseRI,-4,-4,2,True,True,True,True,True,True,True,False
NotI,HindIII,BsgI,-4,-4,2,False,False,False,False,False,False,True,True
NotI,HindIII,BsmI,-4,-4,2,True,False,True,False,False,False,True,False
NotI,HindIII,BspMI,-4,-4,-4,False,False,True,True,True,True,True,True
NotI,HindIII,SapI,-4,-4,-3,False,False,False,False,False,True,False,False
NotI,MluI,BbsI,-4,-4,-4,False,False,False,False,False,False,True,False
NotI,MluI,BseRI,-4,-4,2,False,False,False,False,False,False,True,False
NotI,MluI,BsgI,-4,-4,2,False,False,False,False,False,False,True,True
NotI,MluI,BsmI,-4,-4,2,False,False,False,False,False,False,True,False
NotI,MluI,BspMI,-4,-4,-4,False,False,False,False,False,False,True,True
NotI,NcoI,BbsI,-4,-4,-4,False,False,False,False,False,False,True,False
NotI,NcoI,BsaI,-4,-4,-4,False,False,False,False,True,False,False,False
NotI,NcoI,BseRI,-4,-4,2,True,True,True,False,True,True,True,False
NotI,NcoI,BsgI,-4,-4,2,False,False,False,False,False,False,True,False
NotI,NcoI,BsmI,-4,-4,2,True,False,True,False,False,False,True,False
NotI,NcoI,BspMI,-4,-4,-4,False,False,True,False,True,True,True,False
NotI,NcoI,SapI,-4,-4,-3,False,False,False,False,False,True,False,False
NotI,NheI,BbsI,-4,-4,-4,False,False,False,False,False,False,True,False
NotI,NheI,BsaI,-4,-4,-4,False,False,False,False,True,False,False,False
NotI,NheI,BseRI,-4,-4,2,True,True,True,False,True,False,True,False
NotI,NheI,BsgI,-4,-4,2,False,False,False,False,False,False,True,False
NotI,NheI,BsmI,-4,-4,2,True,False,True,False,False,False,True,False
NotI,NheI,BspMI,-4,-4,-4,False,False,True,False,True,False,True,False
NotI,NotI,BbsI,-4,-4,-4,False,False,False,False,False,False,True,False
NotI,NotI,BsaI,-4,-4,-4,False,False,False,True,True,False,False,False
NotI,NotI,BseRI,-4,-4,2,True,True,True,True,True,True,True,False
NotI,NotI,BsgI,-4,-4,2,False,False,False,False,False,False,True,True
NotI,NotI,BsmI,-4,-4,2,True,False,True,False,False,False,True,False
NotI,NotI,BspMI,-4,-4,-4,False,False,True,True,True,True,True,True
NotI,NotI,SapI,-4,-4,-3,False,False,False,False,False,True,False,False
NotI,PacI,BbsI,-4,2,-4,False,False,False,False,False,False,True,False
NotI,PacI,BsaI,-4,2,-4,False,False,False,True,True,False,False,False
NotI,PacI,BseRI,-4,2,2,True,True,True,True,True,True,True,False
NotI,PacI,BsgI,-4,2,2,False,False,False,False,False,False,True,True
NotI,PacI,BsmI,-4,2,2,True,False,True,False,False,False,True,False
NotI,PacI,BspMI,-4,2,-4,False,False,True,True,True,True,True,True
NotI,PacI,SapI,-4,2,-3,False,False,False,False,False,True,False,False
NotI,PciI,BseRI,-4,-4,2,False,False,False,False,False,True,False,False
NotI,PciI,BspMI,-4,-4,-4,False,False,False,False,False,True,False,False
NotI,PciI,SapI,-4,-4,-3,False,False,False,False,False,True,False,False
NotI,PspOMI,BbsI,-4,-4,-4,False,False,False,False,False,False,True,False
NotI,PspOMI,BseRI,-4,-4,2,False,False,False,False,False,False,True,False
NotI,PspOMI,BsgI,-4,-4,2,False,False,False,False,False,False,True,True
NotI,PspOMI,BsmI,-4,-4,2,False,False,False,False,False,False,True,False
NotI,PspOMI,BspMI,-4,-4,-4,False,False,False,False,False,False,True,True
NotI,SacII,BbsI,-4,2,-4,False,False,False,False,False,False,True,False
NotI,SacII,BsaI,-4,2,-4,False,False,False,True,True,False,False,False
NotI,SacII,BseRI,-4,2,2,True,True,True,True,True,True,True,False
NotI,SacII,BsgI,-4,2,2,False,False,False,False,False,False,True,True
NotI,SacII,BsmI,-4,2,2,True,False,True,False,False,False,True,False
NotI,SacII,BspMI,-4,2,-4,False,False,True,True,True,True,True,True
NotI,SacII,SapI,-4,2,-3,False,False,False,False,False,True,False,False
NotI,SalI,BbsI,-4,-4,-4,False,False,False,False,False,False,True,False
NotI,SalI,BsaI,-4,-4,-4,False,False,False,True,True,False,False,False
NotI,SalI,BseRI,-4,-4,2,True,True,True,True,True,True,True,False
NotI,SalI,BsgI,-4,-4,2,False,False,False,False,False,False,True,True
NotI,SalI,BsmI,-4,-4,2,True,False,True,False,False,False,True,False
NotI,SalI,BspMI,-4,-4,-4,False,False,True,True,True,True,True,True
NotI,SalI,SapI,-4,-4,-3,False,False,False,False,False,True,False,False
NotI,SpeI,BbsI,-4,-4,-4,False,False,False,False,False,False,True,False
NotI,SpeI,BsaI,-4,-4,-4,False,False,False,True,True,False,False,False
NotI,SpeI,BseRI,-4,-4,2,True,True,True,True,True,True,True,False
NotI,SpeI,BsgI,-4,-4,2,False,False,False,False,False,False,True,True
NotI,SpeI,BsmI,-4,-4,2,True,False,True,False,False,False,True,False
NotI,SpeI,BspMI,-4,-4,-4,False,False,True,True,True,True,True,True
NotI,SpeI,SapI,-4,-4,-3,False,False,False,False,False,True,False,False
NotI,XbaI,BbsI,-4,-4,-4,False,False,False,False,False,False,True,False
NotI,XbaI,BseRI,-4,-4,2,True,True,False,False,False,True,True,False
NotI,XbaI,BsgI,-4,-4,2,False,False,False,False,False,False,True,False
NotI,XbaI,BsmI,-4,-4,2,True,False,False,False,False,False,True,False
NotI,XbaI,BspMI,-4,-4,-4,False,False,False,False,False,True,True,False
NotI,XbaI,SapI,-4,-4,-3,False,False,False,False,False,True,False,False
NotI,XhoI,BbsI,-4,-4,-4,False,False,False,False,False,False,True,False
NotI,XhoI,BsaI,-4,-4,-4,False,False,False,True,True,False,False,False
NotI,XhoI,BseRI,-4,-4,2,True,True,True,True,True,True,True,False
NotI,XhoI,BsgI,-4,-4,2,False,False,False,False,False,False,True,False
NotI,XhoI,BsmI,-4,-4,2,True,False,True,False,False,False,True,False
NotI,XhoI,BspMI,-4,-4,-4,False,False,True,True,True,True,True,False
NotI,XhoI,SapI,-4,-4,-3,False,False,False,False,False,True,False,False
PacI,AflII,BbsI,2,-4,-4,False,False,False,False,False,False,True,False
PacI,AflII,BsaI,2,-4,-4,False,False,False,True,True,False,False,False
PacI,AflII,BseRI,2,-4,2,True,True,True,True,True,True,True,False
PacI,AflII,BsgI,2,-4,2,False,False,False,False,False,False,True,True
PacI,AflII,BsmI,2,-4,2,True,False,True,False,False,False,True,False
PacI,AflII,BspMI,2,-4,-4,False,False,True,True,True,True,True,True
PacI,AflII,SapI,2,-4,-3,False,False,False,False,False,True,False,False
PacI,AgeI,BbsI,2,-4,-4,False,False,False,False,False,False,True,False
PacI,AgeI,BsaI,2,-4,-4,False,False,False,True,True,False,False,False
PacI,AgeI,BseRI,2,-4,2,True,True,True,True,True,True,True,False
PacI,AgeI,BsgI,2,-4,2,False,False,False,False,False,False,True,True
PacI,AgeI,BsmI,2,-4,2,True,False,True,False,False,False,True,False
PacI,AgeI,BspMI,2,-4,-4,False,False,True,True,True,True,True,True
PacI,AgeI,SapI,2,-4,-3,False,False,False,False,False,True,False,False
PacI,AscI,BbsI,2,-4,-4,False,False,False,False,False,False,True,False
PacI,AscI,BsaI,2,-4,-4,False,False,False,True,True,False,False,False
PacI,AscI,BseRI,2,-4,2,True,True,True,True,True,True,True,False
PacI,AscI,BsgI,2,-4,2,False,False,False,False,False,False,True,True
PacI,AscI,BsmI,2,-4,2,True,False,True,False,False,False,True,False
PacI,AscI,BspMI,2,-4,-4,False,False,True,True,True,True,True,True
PacI,AscI,SapI,2,-4,-3,False,False,False,False,False,True,False,False
PacI,AvrII,BbsI,2,-4,-4,False,False,False,False,False,False,True,False
PacI,AvrII,BsaI,2,-4,-4,False,False,False,True,True,False,False,False
PacI,AvrII,BseRI,2,-4,2,True,True,True,True,True,True,True,False
PacI,AvrII,BsgI,2,-4,2,False,False,False,False,False,False,True,True
PacI,AvrII,BsmI,2,-4,2,True,False,True,False,False,False,True,False
PacI,AvrII,BspMI,2,-4,-4,False,False,True,True,True,True,True,True
PacI,AvrII,SapI,2,-4,-3,False,False,False,False,False,True,False,False
PacI,BclI,BbsI,2,-4,-4,False,False,False,False,False,False,True,False
PacI,BclI,BseRI,2,-4,2,False,False,False,False,False,False,True,False
PacI,BclI,BsgI,2,-4,2,False,False,False,False,False,False,True,True
PacI,BclI,BsmI,2,-4,2,False,False,False,False,False,False,True,False
PacI,BclI,BspMI,2,-4,-4,False,False,False,False,False,False,True,True
PacI,BglII,BbsI,2,-4,-4,False,False,False,False,False,False,True,False
PacI,BglII,BseRI,2,-4,2,True,False,False,False,False,True,True,False
PacI,BglII,BsgI,2,-4,2,False,False,False,False,False,False,True,True
PacI,BglII,BsmI,2,-4,2,True,False,False,False,False,False,True,False
PacI,BglII,BspMI,2,-4,-4,False,False,False,False,False,True,True,True
PacI,BglII,SapI,2,-4,-3,False,False,False,False,False,True,False,False
PacI,BsiWI,BbsI,2,-4,-4,False,False,False,False,False,False,True,False
PacI,BsiWI,BsaI,2,-4,-4,False,False,False,True,True,False,False,False
PacI,BsiWI,BseRI,2,-4,2,True,False,True,True,True,True,True,False
PacI,BsiWI,BsgI,2,-4,2,False,False,False,False,False,False,True,True
PacI,BsiWI,BsmI,2,-4,2,True,False,True,False,False,False,True,False
PacI,BsiWI,BspMI,2,-4,-4,False,False,True,True,True,True,True,True
PacI,BsiWI,SapI,2,-4,-3,False,False,False,False,False,True,False,False
PacI,BspEI,BbsI,2,-4,-4,False,False,False,False,False,False,True,False
PacI,BspEI,BseRI,2,-4,2,True,False,False,False,False,True,True,False
PacI,BspEI,BsgI,2,-4,2,False,False,False,False,False,False,True,False
PacI,BspEI,BsmI,2,-4,2,True,False,False,False,False,False,True,False
PacI,BspEI,BspMI,2,-4,-4,False,False,False,False,False,True,True,False
PacI,BspEI,SapI,2,-4,-3,False,False,False,False,False,True,False,False
PacI,BsrGI,BbsI,2,-4,-4,False,False,False,False,False,False,True,False
PacI,BsrGI,BsaI,2,-4,-4,False,False,False,True,True,False,False,False
PacI,BsrGI,BseRI,2,-4,2,True,True,True,True,True,True,True,False
PacI,BsrGI,BsgI,2,-4,2,False,False,False,False,False,False,True,True
PacI,BsrGI,BsmI,2,-4,2,True,False,True,False,False,False,True,False
PacI,BsrGI,BspMI,2,-4,-4,False,False,True,True,True,True,True,True
PacI,BsrGI,SapI,2,-4,-3,False,False,False,False,False,True,False,False
PacI,BssHII,BbsI,2,-4,-4,False,False,False,False,False,False,True,False
PacI,BssHII,BseRI,2,-4,2,False,False,False,False,False,False,True,False
PacI,BssHII,BsgI,2,-4,2,False,False,False,False,False,False,True,True
PacI,BssHII,BsmI,2,-4,2,False,False,False,False,False,False,True,False
PacI,BssHII,BspMI,2,-4,-4,False,False,False,False,False,False,True,True
PacI,EcoRI,BbsI,2,-4,-4,False,False,False,False,False,False,True,False
PacI,EcoRI,BsaI,2,-4,-4,False,False,False,True,True,False,False,False
PacI,EcoRI,BseRI,2,-4,2,True,True,True,True,True,True,True,False
PacI,EcoRI,BsgI,2,-4,2,False,False,False,False,False,False,True,False
PacI,EcoRI,BsmI,2,-4,2,True,False,True,False,False,False,True,False
PacI,EcoRI,BspMI,2,-4,-4,False,False,True,True,True,True,True,False
PacI,EcoRI,SapI,2,-4,-3,False,False,False,False,False,True,False,False
PacI,HindIII,BbsI,2,-4,-4,False,False,False,False,False,False,True,False
PacI,HindIII,BsaI,2,-4,-4,False,False,False,True,True,False,False,False
PacI,HindIII,BseRI,2,-4,2,True,True,True,True,True,True,True,False
PacI,HindIII,BsgI,2,-4,2,False,False,False,False,False,False,True,True
PacI,HindIII,BsmI,2,-4,2,True,False,True,False,False,False,True,False
PacI,HindIII,BspMI,2,-4,-4,False,False,True,True,True,True,True,True
PacI,HindIII,SapI,2,-4,-3,False,False,False,False,False,True,False,False
PacI,MluI,BbsI,2,-4,-4,False,False,False,False,False,False,True,False
PacI,MluI,BseRI,2,-4,2,False,False,False,False,False,False,True,False
PacI,MluI,BsgI,2,-4,2,False,False,False,False,False,False,True,True
PacI,MluI,BsmI,2,-4,2,False,False,False,False,False,False,True,False
PacI,MluI,BspMI,2,-4,-4,False,False,False,False,False,False,True,True
PacI,NcoI,BbsI,2,-4,-4,False,False,False,False,False,False,True,False
PacI,NcoI,BsaI,2,-4,-4,False,False,False,False,True,False,False,False
PacI,NcoI,BseRI,2,-4,2,True,True,True,False,True,True,True,False
PacI,NcoI,BsgI,2,-4,2,False,False,False,False,False,False,True,False
PacI,NcoI,BsmI,2,-4,2,True,False,True,False,False,False,True,False
PacI,NcoI,BspMI,2,-4,-4,False,False,True,False,True,True,True,False
PacI,NcoI,SapI,2,-4,-3,False,False,False,False,False,True,False,False
PacI,NheI,BbsI,2,-4,-4,False,False,False,False,False,False,True,False
PacI,NheI,BsaI,2,-4,-4,False,False,False,False,True,False,False,False
PacI,NheI,BseRI,2,-4,2,True,True,True,False,True,False,True,False
PacI,NheI,BsgI,2,-4,2,False,False,False,False,False,False,True,False
PacI,NheI,BsmI,2,-4,2,True,False,True,False,False,False,True,False
PacI,NheI,BspMI,2,-4,-4,False,False,True,False,True,False,True,False
PacI,NotI,BbsI,2,-4,-4,False,False,False,False,False,False,True,False
PacI,NotI,BsaI,2,-4,-4,False,False,False,True,True,False,False,False
PacI,NotI,BseRI,2,-4,2,True,True,True,True,True,True,True,False
PacI,NotI,BsgI,2,-4,2,False,False,False,False,False,False,True,True
PacI,NotI,BsmI,2,-4,2,True,False,True,False,False,False,True,False
PacI,NotI,BspMI,2,-4,-4,False,False,True,True,True,True,True,True
PacI,NotI,SapI,2,-4,-3,False,False,False,False,False,True,False,False
PacI,PacI,BbsI,2,2,-4,False,False,False,False,False,False,True,False
PacI,PacI,BsaI,2,2,-4,False,False,False,True,True,False,False,False
PacI,PacI,BseRI,2,2,2,True,True,True,True,True,True,True,False
PacI,PacI,BsgI,2,2,2,False,False,False,False,False,False,True,True
PacI,PacI,BsmI,2,2,2,True,False,True,False,False,False,True,False
PacI,PacI,BspMI,2,2,-4,False,False,True,True,True,True,True,True
PacI,PacI,SapI,2,2,-3,False,False,False,False,False,True,False,False
PacI,PciI,BseRI,2,-4,2,False,False,False,False,False,True,False,False
PacI,PciI,BspMI,2,-4,-4,False,False,False,False,False,True,False,False
PacI,PciI,SapI,2,-4,-3,False,False,False,False,False,True,False,False
PacI,PspOMI,BbsI,2,-4,-4,False,False,False,False,False,False,True,False
PacI,PspOMI,BseRI,2,-4,2,False,False,False,False,False,False,True,False
PacI,PspOMI,BsgI,2,-4,2,False,False,False,False,False,False,True,True
PacI,PspOMI,BsmI,2,-4,2,False,False,False,False,False,False,True,False
PacI,PspOMI,BspMI,2,-4,-4,False,False,False,False,False,False,True,True
PacI,SacII,BbsI,2,2,-4,False,False,False,False,False,False,True,False
PacI,SacII,BsaI,2,2,-4,False,False,False,True,True,False,False,False
PacI,SacII,BseRI,2,2,2,True,True,True,True,True,True,True,False
PacI,SacII,BsgI,2,2,2,False,False,False,False,False,False,True,True
PacI,SacII,BsmI,2,2,2,True,False,True,False,False,False,True,False
PacI,SacII,BspMI,2,2,-4,False,False,True,True,True,True,True,True
PacI,SacII,SapI,2,2,-3,False,False,False,False,False,True,False,False
PacI,SalI,BbsI,2,-4,-4,False,False,False,False,False,False,True,False
PacI,SalI,BsaI,2,-4,-4,False,False,False,True,True,False,False,False
PacI,SalI,BseRI,2,-4,2,True,True,True,True,True,True,True,False
PacI,SalI,BsgI,2,-4,2,False,False,False,False,False,False,True,True
PacI,SalI,BsmI,2,-4,2,True,False,True,False,False,False,True,False
PacI,SalI,BspMI,2,-4,-4,False,False,True,True,True,True,True,True
PacI,SalI,SapI,2,-4,-3,False,False,False,False,False,True,False,False
PacI,SpeI,BbsI,2,-4,-4,False,False,False,False,False,False,True,False
PacI,SpeI,BsaI,2,-4,-4,False,False,False,True,True,False,False,False
PacI,SpeI,BseRI,2,-4,2,True,True,True,True,True,True,True,False
PacI,SpeI,BsgI,2,-4,2,False,False,False,False,False,False,True,True
PacI,SpeI,BsmI,2,-4,2,True,False,True,False,False,False,True,False
PacI,SpeI,BspMI,2,-4,-4,False,False,True,True,True,True,True,True
PacI,SpeI,SapI,2,-4,-3,False,False,False,False,False,True,False,False
PacI,XbaI,BbsI,2,-4,-4,False,False,False,False,False,False,True,False
PacI,XbaI,BseRI,2,-4,2,True,True,False,False,False,True,True,False
PacI,XbaI,BsgI,2,-4,2,False,False,False,False,False,False,True,False
PacI,XbaI,BsmI,2,-4,2,True,False,False,False,False,False,True,False
PacI,XbaI,BspMI,2,-4,-4,False,False,False,False,False,True,True,False
PacI,XbaI,SapI,2,-4,-3,False,False,False,False,False,True,False,False
PacI,XhoI,BbsI,2,-4,-4,False,False,False,False,False,False,True,False
PacI,XhoI,BsaI,2,-4,-4,False,False,False,True,True,False,False,False
PacI,XhoI,BseRI,2,-4,2,True,True,True,True,True,True,True,False
PacI,XhoI,BsgI,2,-4,2,False,False,False,False,False,False,True,False
PacI,XhoI,BsmI,2,-4,2,True,False,True,False,False,False,True,False
PacI,XhoI,BspMI,2,-4,-4,False,False,True,True,True,True,True,False
PacI,XhoI,SapI,2,-4,-3,False,False,False,False,False,True,False,False
PciI,AflII,BseRI,-4,-4,2,False,False,False,False,False,True,False,False
PciI,AflII,BspMI,-4,-4,-4,False,False,False,False,False,True,False,False
PciI,AflII,SapI,-4,-4,-3,False,False,False,False,False,True,False,False
PciI,AgeI,BseRI,-4,-4,2,False,False,False,False,False,True,False,False
PciI,AgeI,BspMI,-4,-4,-4,False,False,False,False,False,True,False,False
PciI,AgeI,SapI,-4,-4,-3,False,False,False,False,False,True,False,False
PciI,AscI,BseRI,-4,-4,2,False,False,False,False,False,True,False,False
PciI,AscI,BspMI,-4,-4,-4,False,False,False,False,False,True,False,False
PciI,AscI,SapI,-4,-4,-3,False,False,False,False,False,True,False,False
PciI,AvrII,BseRI,-4,-4,2,False,False,False,False,False,True,False,False
PciI,AvrII,BspMI,-4,-4,-4,False,False,False,False,False,True,False,False
PciI,AvrII,SapI,-4,-4,-3,False,False,False,False,False,True,False,False
PciI,BglII,BseRI,-4,-4,2,False,False,False,False,False,True,False,False
PciI,BglII,BspMI,-4,-4,-4,False,False,False,False,False,True,False,False
PciI,BglII,SapI,-4,-4,-3,False,False,False,False,False,True,False,False
PciI,BsiWI,BseRI,-4,-4,2,False,False,False,False,False,True,False,False
PciI,BsiWI,BspMI,-4,-4,-4,False,False,False,False,False,True,False,False
PciI,BsiWI,SapI,-4,-4,-3,False,False,False,False,False,True,False,False
PciI,BspEI,BseRI,-4,-4,2,False,False,False,False,False,True,False,False
PciI,BspEI,BspMI,-4,-4,-4,False,False,False,False,False,True,False,False
PciI,BspEI,SapI,-4,-4,-3,False,False,False,False,False,True,False,False
PciI,BsrGI,BseRI,-4,-4,2,False,False,False,False,False,True,False,False
PciI,BsrGI,BspMI,-4,-4,-4,False,False,False,False,False,True,False,False
PciI,BsrGI,SapI,-4,-4,-3,False,False,False,False,False,True,False,False
PciI,EcoRI,BseRI,-4,-4,2,False,False,False,False,False,True,False,False
PciI,EcoRI,BspMI,-4,-4,-4,False,False,False,False,False,True,False,False
PciI,EcoRI,SapI,-4,-4,-3,False,False,False,False,False,True,False,False
PciI,HindIII,BseRI,-4,-4,2,False,False,False,False,False,True,False,False
PciI,HindIII,BspMI,-4,-4,-4,False,False,False,False,False,True,False,False
PciI,HindIII,SapI,-4,-4,-3,False,False,False,False,False,True,False,False
PciI,NcoI,BseRI,-4,-4,2,False,False,False,False,False,True,False,False
PciI,NcoI,BspMI,-4,-4,-4,False,False,False,False,False,True,False,False
PciI,NcoI,SapI,-4,-4,-3,False,False,False,False,False,True,False,False
PciI,NotI,BseRI,-4,-4,2,False,False,False,False,False,True,False,False
PciI,NotI,BspMI,-4,-4,-4,False,False,False,False,False,True,False,False
PciI,NotI,SapI,-4,-4,-3,False,False,False,False,False,True,False,False
PciI,PacI,BseRI,-4,2,2,False,False,False,False,False,True,False,False
PciI,PacI,BspMI,-4,2,-4,False,False,False,False,False,True,False,False
PciI,PacI,SapI,-4,2,-3,False,False,False,False,False,True,False,False
PciI,PciI,BseRI,-4,-4,2,False,False,False,False,False,True,False,False
PciI,PciI,BspMI,-4,-4,-4,False,False,False,False,False,True,False,False
PciI,PciI,SapI,-4,-4,-3,False,False,False,False,False,True,False,False
PciI,SacII,BseRI,-4,2,2,False,False,False,False,False,True,False,False
PciI,SacII,BspMI,-4,2,-4,False,False,False,False,False,True,False,False
PciI,SacII,SapI,-4,2,-3,False,False,False,False,False,True,False,False
PciI,SalI,BseRI,-4,-4,2,False,False,False,False,False,True,False,False
PciI,SalI,BspMI,-4,-4,-4,False,False,False,False,False,True,False,False
PciI,SalI,SapI,-4,-4,-3,False,False,False,False,False,True,False,False
PciI,SpeI,BseRI,-4,-4,2,False,False,False,False,False,True,False,False
PciI,SpeI,BspMI,-4,-4,-4,False,False,False,False,False,True,False,False
PciI,SpeI,SapI,-4,-4,-3,False,False,False,False,False,True,False,False
PciI,XbaI,BseRI,-4,-4,2,False,False,False,False,False,True,False,False
PciI,XbaI,BspMI,-4,-4,-4,False,False,False,False,False,True,False,False
PciI,XbaI,SapI,-4,-4,-3,False,False,False,False,False,True,False,False
PciI,XhoI,BseRI,-4,-4,2,False,False,False,False,False,True,False,False
PciI,XhoI,BspMI,-4,-4,-4,False,False,False,False,False,True,False,False
PciI,XhoI,SapI,-4,-4,-3,False,False,False,False,False,True,False,False
PspOMI,AflII,BbsI,-4,-4,-4,False,False,False,False,False,False,True,False
PspOMI,AflII,BseRI,-4,-4,2,False,False,False,False,False,False,True,False
PspOMI,AflII,BsgI,-4,-4,2,False,False,False,False,False,False,True,True
PspOMI,AflII,BsmI,-4,-4,2,False,False,False,False,False,False,True,False
PspOMI,AflII,BspMI,-4,-4,-4,False,False,False,False,False,False,True,True
PspOMI,AgeI,BbsI,-4,-4,-4,False,False,False,False,False,False,True,False
PspOMI,AgeI,BseRI,-4,-4,2,False,False,False,False,False,False,True,False
PspOMI,AgeI,BsgI,-4,-4,2,False,False,False,False,False,False,True,True
PspOMI,AgeI,BsmI,-4,-4,2,False,False,False,False,False,False,True,False
PspOMI,AgeI,BspMI,-4,-4,-4,False,False,False,False,False,False,True,True
PspOMI,AscI,BbsI,-4,-4,-4,False,False,False,False,False,False,True,False
PspOMI,AscI,BseRI,-4,-4,2,False,False,False,False,False,False,True,False
PspOMI,AscI,BsgI,-4,-4,2,False,False,False,False,False,False,True,True
PspOMI,AscI,BsmI,-4,-4,2,False,False,False,False,False,False,True,False
PspOMI,AscI,BspMI,-4,-4,-4,False,False,False,False,False,False,True,True
PspOMI,AvrII,BbsI,-4,-4,-4,False,False,False,False,False,False,True,False
PspOMI,AvrII,BseRI,-4,-4,2,False,False,False,False,False,False,True,False
PspOMI,AvrII,BsgI,-4,-4,2,False,False,False,False,False,False,True,True
PspOMI,AvrII,BsmI,-4,-4,2,False,False,False,False,False,False,True,False
PspOMI,AvrII,BspMI,-4,-4,-4,False,False,False,False,False,False,True,True
PspOMI,BclI,BbsI,-4,-4,-4,False,False,False,False,False,False,True,False
PspOMI,BclI,BseRI,-4,-4,2,False,False,False,False,False,False,True,False
PspOMI,BclI,BsgI,-4,-4,2,False,False,False,False,False,False,True,True
PspOMI,BclI,BsmI,-4,-4,2,False,False,False,False,False,False,True,False
PspOMI,BclI,BspMI,-4,-4,-4,False,False,False,False,False,False,True,True
PspOMI,BglII,BbsI,-4,-4,-4,False,False,False,False,False,False,True,False
PspOMI,BglII,BseRI,-4,-4,2,False,False,False,False,False,False,True,False
PspOMI,BglII,BsgI,-4,-4,2,False,False,False,False,False,False,True,True
PspOMI,BglII,BsmI,-4,-4,2,False,False,False,False,False,False,True,False
PspOMI,BglII,BspMI,-4,-4,-4,False,False,False,False,False,False,True,True
PspOMI,BsiWI,BbsI,-4,-4,-4,False,False,False,False,False,False,True,False
PspOMI,BsiWI,BseRI,-4,-4,2,False,False,False,False,False,False,True,False
PspOMI,BsiWI,BsgI,-4,-4,2,False,False,False,False,False,False,True,True
PspOMI,BsiWI,BsmI,-4,-4,2,False,False,False,False,False,False,True,False
PspOMI,BsiWI,BspMI,-4,-4,-4,False,False,False,False,False,False,True,True
PspOMI,BspEI,BbsI,-4,-4,-4,False,False,False,False,False,False,True,False
PspOMI,BspEI,BseRI,-4,-4,2,False,False,False,False,False,False,True,False
PspOMI,BspEI,BsgI,-4,-4,2,False,False,False,False,False,False,True,False
PspOMI,BspEI,BsmI,-4,-4,2,False,False,False,False,False,False,True,False
PspOMI,BspEI,BspMI,-4,-4,-4,False,False,False,False,False,False,True,False
PspOMI,BsrGI,BbsI,-4,-4,-4,False,False,False,False,False,False,True,False
PspOMI,BsrGI,BseRI,-4,-4,2,False,False,False,False,False,False,True,False
PspOMI,BsrGI,BsgI,-4,-4,2,False,False,False,False,False,False,True,True
PspOMI,BsrGI,BsmI,-4,-4,2,False,False,False,False,False,False,True,False
PspOMI,BsrGI,BspMI,-4,-4,-4,False,False,False,False,False,False,True,True
PspOMI,BssHII,BbsI,-4,-4,-4,False,False,False,False,False,False,True,False
PspOMI,BssHII,BseRI,-4,-4,2,False,False,False,False,False,False,True,False
PspOMI,BssHII,BsgI,-4,-4,2,False,False,False,False,False,False,True,True
PspOMI,BssHII,BsmI,-4,-4,2,False,False,False,False,False,False,True,False
PspOMI,BssHII,BspMI,-4,-4,-4,False,False,False,False,False,False,True,True
PspOMI,EcoRI,BbsI,-4,-4,-4,False,False,False,False,False,False,True,False
PspOMI,EcoRI,BseRI,-4,-4,2,False,False,False,False,False,False,True,False
PspOMI,EcoRI,BsgI,-4,-4,2,False,False,False,False,False,False,True,False
PspOMI,EcoRI,BsmI,-4,-4,2,False,False,False,False,False,False,True,False
PspOMI,EcoRI,BspMI,-4,-4,-4,False,False,False,False,False,False,True,False
PspOMI,HindIII,BbsI,-4,-4,-4,False,False,False,False,False,False,True,False
PspOMI,HindIII,BseRI,-4,-4,2,False,False,False,False,False,False,True,False
PspOMI,HindIII,BsgI,-4,-4,2,False,False,False,False,False,False,True,True
PspOMI,HindIII,BsmI,-4,-4,2,False,False,False,False,False,False,True,False
PspOMI,HindIII,BspMI,-4,-4,-4,False,False,False,False,False,False,True,True
PspOMI,MluI,BbsI,-4,-4,-4,False,False,False,False,False,False,True,False
PspOMI,MluI,BseRI,-4,-4,2,False,False,False,False,False,False,True,False
PspOMI,MluI,BsgI,-4,-4,2,False,False,False,False,False,False,True,True
PspOMI,MluI,BsmI,-4,-4,2,False,False,False,False,False,False,True,False
PspOMI,MluI,BspMI,-4,-4,-4,False,False,False,False,False,False,True,True
PspOMI,NcoI,BbsI,-4,-4,-4,False,False,False,False,False,False,True,False
PspOMI,NcoI,BseRI,-4,-4,2,False,False,False,False,False,False,True,False
PspOMI,NcoI,BsgI,-4,-4,2,False,False,False,False,False,False,True,False
PspOMI,NcoI,BsmI,-4,-4,2,False,False,False,False,False,False,True,False
PspOMI,NcoI,BspMI,-4,-4,-4,False,False,False,False,False,False,True,False
PspOMI,NheI,BbsI,-4,-4,-4,False,False,False,False,False,False,True,False
PspOMI,NheI,BseRI,-4,-4,2,False,False,False,False,False,False,True,False
PspOMI,NheI,BsgI,-4,-4,2,False,False,False,False,False,False,True,False
PspOMI,NheI,BsmI,-4,-4,2,False,False,False,False,False,False,True,False
PspOMI,NheI,BspMI,-4,-4,-4,False,False,False,False,False,False,True,False
PspOMI,NotI,BbsI,-4,-4,-4,False,False,False,False,False,False,True,False
PspOMI,NotI,BseRI,-4,-4,2,False,False,False,False,False,False,True,False
PspOMI,NotI,BsgI,-4,-4,2,False,False,False,False,False,False,True,True
PspOMI,NotI,BsmI,-4,-4,2,False,False,False,False,False,False,True,False
PspOMI,NotI,BspMI,-4,-4,-4,False,False,False,False,False,False,True,True
PspOMI,PacI,BbsI,-4,2,-4,False,False,False,False,False,False,True,False
PspOMI,PacI,BseRI,-4,2,2,False,False,False,False,False,False,True,False
PspOMI,PacI,BsgI,-4,2,2,False,False,False,False,False,False,True,True
PspOMI,PacI,BsmI,-4,2,2,False,False,False,False,False,False,True,False
PspOMI,PacI,BspMI,-4,2,-4,False,False,False,False,False,False,True,True
PspOMI,PspOMI,BbsI,-4,-4,-4,False,False,False,False,False,False,True,False
PspOMI,PspOMI,BseRI,-4,-4,2,False,False,False,False,False,False,True,False
PspOMI,PspOMI,BsgI,-4,-4,2,False,False,False,False,False,False,True,True
PspOMI,PspOMI,BsmI,-4,-4,2,False,False,False,False,False,False,True,False
PspOMI,PspOMI,BspMI,-4,-4,-4,False,False,False,False,False,False,True,True
PspOMI,SacII,BbsI,-4,2,-4,False,False,False,False,False,False,True,False
PspOMI,SacII,BseRI,-4,2,2,False,False,False,False,False,False,True,False
PspOMI,SacII,BsgI,-4,2,2,False,False,False,False,False,False,True,True
PspOMI,SacII,BsmI,-4,2,2,False,False,False,False,False,False,True,False
PspOMI,SacII,BspMI,-4,2,-4,False,False,False,False,False,False,True,True
PspOMI,SalI,BbsI,-4,-4,-4,False,False,False,False,False,False,True,False
PspOMI,SalI,BseRI,-4,-4,2,False,False,False,False,False,False,True,False
PspOMI,SalI,BsgI,-4,-4,2,False,False,False,False,False,False,True,True
PspOMI,SalI,BsmI,-4,-4,2,False,False,False,False,False,False,True,False
PspOMI,SalI,BspMI,-4,-4,-4,False,False,False,False,False,False,True,True
PspOMI,SpeI,BbsI,-4,-4,-4,False,False,False,False,False,False,True,False
PspOMI,SpeI,BseRI,-4,-4,2,False,False,False,False,False,False,True,False
PspOMI,SpeI,BsgI,-4,-4,2,False,False,False,False,False,False,True,True
PspOMI,SpeI,BsmI,-4,-4,2,False,False,False,False,False,False,True,False
PspOMI,SpeI,BspMI,-4,-4,-4,False,False,False,False,False,False,True,True
PspOMI,XbaI,BbsI,-4,-4,-4,False,False,False,False,False,False,True,False
PspOMI,XbaI,BseRI,-4,-4,2,False,False,False,False,False,False,True,False
PspOMI,XbaI,BsgI,-4,-4,2,False,False,False,False,False,False,True,False
PspOMI,XbaI,BsmI,-4,-4,2,False,False,False,False,False,False,True,False
PspOMI,XbaI,BspMI,-4,-4,-4,False,False,False,False,False,False,True,False
PspOMI,XhoI,BbsI,-4,-4,-4,False,False,False,False,False,False,True,False
PspOMI,XhoI,BseRI,-4,-4,2,False,False,False,False,False,False,True,False
PspOMI,XhoI,BsgI,-4,-4,2,False,False,False,False,False,False,True,False
PspOMI,XhoI,BsmI,-4,-4,2,False,False,False,False,False,False,True,False
PspOMI,XhoI,BspMI,-4,-4,-4,False,False,False,False,False,False,True,False
PstI,AflII,BbsI,4,-4,-4,False,False,False,False,False,False,True,False
PstI,AflII,BsaI,4,-4,-4,False,False,False,True,True,False,False,False
PstI,AflII,BseRI,4,-4,2,False,True,False,True,True,True,True,False
PstI,AflII,BsgI,4,-4,2,False,False,False,False,False,False,True,True
PstI,AflII,BsmI,4,-4,2,False,False,False,False,False,False,True,False
PstI,AflII,BspMI,4,-4,-4,False,False,False,True,True,True,True,True
PstI,AflII,SapI,4,-4,-3,False,False,False,False,False,True,False,False
PstI,AgeI,BbsI,4,-4,-4,False,False,False,False,False,False,True,False
PstI,AgeI,BsaI,4,-4,-4,False,False,False,True,True,False,False,False
PstI,AgeI,BseRI,4,-4,2,False,True,False,True,True,True,True,False
PstI,AgeI,BsgI,4,-4,2,False,False,False,False,False,False,True,True
PstI,AgeI,BsmI,4,-4,2,False,False,False,False,False,False,True,False
PstI,AgeI,BspMI,4,-4,-4,False,False,False,True,True,True,True,True
PstI,AgeI,SapI,4,-4,-3,False,False,False,False,False,True,False,False
PstI,AscI,BbsI,4,-4,-4,False,False,False,False,False,False,True,False
PstI,AscI,BsaI,4,-4,-4,False,False,False,True,True,False,False,False
PstI,AscI,BseRI,4,-4,2,False,True,False,True,True,True,True,False
PstI,AscI,BsgI,4,-4,2,False,False,False,False,False,False,True,True
PstI,AscI,BsmI,4,-4,2,False,False,False,False,False,False,True,False
PstI,AscI,BspMI,4,-4,-4,False,False,False,True,True,True,True,True
PstI,AscI,SapI,4,-4,-3,False,False,False,False,False,True,False,False
PstI,AvrII,BbsI,4,-4,-4,False,False,False,False,False,False,True,False
PstI,AvrII,BsaI,4,-4,-4,False,False,False,True,True,False,False,False
PstI,AvrII,BseRI,4,-4,2,False,True,False,True,True,True,True,False
PstI,AvrII,BsgI,4,-4,2,False,False,False,False,False,False,True,True
PstI,AvrII,BsmI,4,-4,2,False,False,False,False,False,False,True,False
PstI,AvrII,BspMI,4,-4,-4,False,False,False,True,True,True,True,True
PstI,AvrII,SapI,4,-4,-3,False,False,False,False,False,True,False,False
PstI,BclI,BbsI,4,-4,-4,False,False,False,False,False,False,True,False
PstI,BclI,BseRI,4,-4,2,False,False,False,False,False,False,True,False
PstI,BclI,BsgI,4,-4,2,False,False,False,False,False,False,True,True
PstI,BclI,BsmI,4,-4,2,False,False,False,False,False,False,True,False
PstI,BclI,BspMI,4,-4,-4,False,False,False,False,False,False,True,True
PstI,BglII,BbsI,4,-4,-4,False,False,False,False,False,False,True,False
PstI,BglII,BseRI,4,-4,2,False,False,False,False,False,True,True,False
PstI,BglII,BsgI,4,-4,2,False,False,False,False,False,False,True,True
PstI,BglII,BsmI,4,-4,2,False,False,False,False,False,False,True,False
PstI,BglII,BspMI,4,-4,-4,False,False,False,False,False,True,True,True
PstI,BglII,SapI,4,-4,-3,False,False,False,False,False,True,False,False
PstI,BsiWI,BbsI,4,-4,-4,False,False,False,False,False,False,True,False
PstI,BsiWI,BsaI,4,-4,-4,False,False,False,True,True,False,False,False
PstI,BsiWI,BseRI,4,-4,2,False,False,False,True,True,True,True,False
PstI,BsiWI,BsgI,4,-4,2,False,False,False,False,False,False,True,True
PstI,BsiWI,BsmI,4,-4,2,False,False,False,False,False,False,True,False
PstI,BsiWI,BspMI,4,-4,-4,False,False,False,True,True,True,True,True
PstI,BsiWI,SapI,4,-4,-3,False,False,False,False,False,True,False,False
PstI,BspEI,BbsI,4,-4,-4,False,False,False,False,False,False,True,False
PstI,BspEI,BseRI,4,-4,2,False,False,False,False,False,True,True,False
PstI,BspEI,BsgI,4,-4,2,False,False,False,False,False,False,True,False
PstI,BspEI,BsmI,4,-4,2,False,False,False,False,False,False,True,False
PstI,BspEI,BspMI,4,-4,-4,False,False,False,False,False,True,True,False
PstI,BspEI,SapI,4,-4,-3,False,False,False,False,False,True,False,False
PstI,BsrGI,BbsI,4,-4,-4,False,False,False,False,False,False,True,False
PstI,BsrGI,BsaI,4,-4,-4,False,False,False,True,True,False,False,False
PstI,BsrGI,BseRI,4,-4,2,False,True,False,True,True,True,True,False
PstI,BsrGI,BsgI,4,-4,2,False,False,False,False,False,False,True,True
PstI,BsrGI,BsmI,4,-4,2,False,False,False,False,False,False,True,False
PstI,BsrGI,BspMI,4,-4,-4,False,False,False,True,True,True,True,True
PstI,BsrGI,SapI,4,-4,-3,False,False,False,False,False,True,False,False
PstI,BssHII,BbsI,4,-4,-4,False,False,False,False,False,False,True,False
PstI,BssHII,BseRI,4,-4,2,False,False,False,False,False,False,True,False
PstI,BssHII,BsgI,4,-4,2,False,False,False,False,False,False,True,True
PstI,BssHII,BsmI,4,-4,2,False,False,False,False,False,False,True,False
PstI,BssHII,BspMI,4,-4,-4,False,False,False,False,False,False,True,True
PstI,EcoRI,BbsI,4,-4,-4,False,False,False,False,False,False,True,False
PstI,EcoRI,BsaI,4,-4,-4,False,False,False,True,True,False,False,False
PstI,EcoRI,BseRI,4,-4,2,False,True,False,True,True,True,True,False
PstI,EcoRI,BsgI,4,-4,2,False,False,False,False,False,False,True,False
PstI,EcoRI,BsmI,4,-4,2,False,False,False,False,False,False,True,False
PstI,EcoRI,BspMI,4,-4,-4,False,False,False,True,True,True,True,False
PstI,EcoRI,SapI,4,-4,-3,False,False,False,False,False,True,False,False
PstI,HindIII,BbsI,4,-4,-4,False,False,False,False,False,False,True,False
PstI,HindIII,BsaI,4,-4,-4,False,False,False,True,True,False,False,False
PstI,HindIII,BseRI,4,-4,2,False,True,False,True,True,True,True,False
PstI,HindIII,BsgI,4,-4,2,False,False,False,False,False,False,True,True
PstI,HindIII,BsmI,4,-4,2,False,False,False,False,False,False,True,False
PstI,HindIII,BspMI,4,-4,-4,False,False,False,True,True,True,True,True
PstI,HindIII,SapI,4,-4,-3,False,False,False,False,False,True,False,False
PstI,MluI,BbsI,4,-4,-4,False,False,False,False,False,False,True,False
PstI,MluI,BseRI,4,-4,2,False,False,False,False,False,False,True,False
PstI,MluI,BsgI,4,-4,2,False,False,False,False,False,False,True,True
PstI,MluI,BsmI,4,-4,2,False,False,False,False,False,False,True,False
PstI,MluI,BspMI,4,-4,-4,False,False,False,False,False,False,True,True
PstI,NcoI,BbsI,4,-4,-4,False,False,False,False,False,False,True,False
PstI,NcoI,BsaI,4,-4,-4,False,False,False,False,True,False,False,False
PstI,NcoI,BseRI,4,-4,2,False,True,False,False,True,True,True,False
PstI,NcoI,BsgI,4,-4,2,False,False,False,False,False,False,True,False
PstI,NcoI,BsmI,4,-4,2,False,False,False,False,False,False,True,False
PstI,NcoI,BspMI,4,-4,-4,False,False,False,False,True,True,True,False
PstI,NcoI,SapI,4,-4,-3,False,False,False,False,False,True,False,False
PstI,NheI,BbsI,4,-4,-4,False,False,False,False,False,False,True,False
PstI,NheI,BsaI,4,-4,-4,False,False,False,False,True,False,False,False
PstI,NheI,BseRI,4,-4,2,False,True,False,False,True,False,True,False
PstI,NheI,BsgI,4,-4,2,False,False,False,False,False,False,True,False
PstI,NheI,BsmI,4,-4,2,False,False,False,False,False,False,True,False
PstI,NheI,BspMI,4,-4,-4,False,False,False,False,True,False,True,False
PstI,NotI,BbsI,4,-4,-4,False,False,False,False,False,False,True,False
PstI,NotI,BsaI,4,-4,-4,False,False,False,True,True,False,False,False
PstI,NotI,BseRI,4,-4,2,False,True,False,True,True,True,True,False
PstI,NotI,BsgI,4,-4,2,False,False,False,False,False,False,True,True
PstI,NotI,BsmI,4,-4,2,False,False,False,False,False,False,True,False
PstI,NotI,BspMI,4,-4,-4,False,False,False,True,True,True,True,True
PstI,NotI,SapI,4,-4,-3,False,False,False,False,False,True,False,False
PstI,PacI,BbsI,4,2,-4,False,False,False,False,False,False,True,False
PstI,PacI,BsaI,4,2,-4,False,False,False,True,True,False,False,False
PstI,PacI,BseRI,4,2,2,False,True,False,True,True,True,True,False
PstI,PacI,BsgI,4,2,2,False,False,False,False,False,False,True,True
PstI,PacI,BsmI,4,2,2,False,False,False,False,False,False,True,False
PstI,PacI,BspMI,4,2,-4,False,False,False,True,True,True,True,True
PstI,PacI,SapI,4,2,-3,False,False,False,False,False,True,False,False
PstI,PciI,BseRI,4,-4,2,False,False,False,False,False,True,False,False
PstI,PciI,BspMI,4,-4,-4,False,False,False,False,False,True,False,False
PstI,PciI,SapI,4,-4,-3,False,False,False,False,False,True,False,False
PstI,PspOMI,BbsI,4,-4,-4,False,False,False,False,False,False,True,False
PstI,PspOMI,BseRI,4,-4,2,False,False,False,False,False,False,True,False
PstI,PspOMI,BsgI,4,-4,2,False,False,False,False,False,False,True,True
PstI,PspOMI,BsmI,4,-4,2,False,False,False,False,False,False,True,False
PstI,PspOMI,BspMI,4,-4,-4,False,False,False,False,False,False,True,True
PstI,SacII,BbsI,4,2,-4,False,False,False,False,False,False,True,False
PstI,SacII,BsaI,4,2,-4,False,False,False,True,True,False,False,False
PstI,SacII,BseRI,4,2,2,False,True,False,True,True,True,True,False
PstI,SacII,BsgI,4,2,2,False,False,False,False,False,False,True,True
PstI,SacII,BsmI,4,2,2,False,False,False,False,False,False,True,False
PstI,SacII,BspMI,4,2,-4,False,False,False,True,True,True,True,True
PstI,SacII,SapI,4,2,-3,False,False,False,False,False,True,False,False
PstI,SalI,BbsI,4,-4,-4,False,False,False,False,False,False,True,False
PstI,SalI,BsaI,4,-4,-4,False,False,False,True,True,False,False,False
PstI,SalI,BseRI,4,-4,2,False,True,False,True,True,True,True,False
PstI,SalI,BsgI,4,-4,2,False,False,False,False,False,False,True,True
PstI,SalI,BsmI,4,-4,2,False,False,False,False,False,False,True,False
PstI,SalI,BspMI,4,-4,-4,False,False,False,True,True,True,True,True
PstI,SalI,SapI,4,-4,-3,False,False,False,False,False,True,False,False
PstI,SpeI,BbsI,4,-4,-4,False,False,False,False,False,False,True,False
PstI,SpeI,BsaI,4,-4,-4,False,False,False,True,True,False,False,False
PstI,SpeI,BseRI,4,-4,2,False,True,False,True,True,True,True,False
PstI,SpeI,BsgI,4,-4,2,False,False,False,False,False,False,True,True
PstI,SpeI,BsmI,4,-4,2,False,False,False,False,False,False,True,False
PstI,SpeI,BspMI,4,-4,-4,False,False,False,True,True,True,True,True
PstI,SpeI,SapI,4,-4,-3,False,False,False,False,False,True,False,False
PstI,XbaI,BbsI,4,-4,-4,False,False,False,False,False,False,True,False
PstI,XbaI,BseRI,4,-4,2,False,True,False,False,False,True,True,False
PstI,XbaI,BsgI,4,-4,2,False,False,False,False,False,False,True,False
PstI,XbaI,BsmI,4,-4,2,False,False,False,False,False,False,True,False
PstI,XbaI,BspMI,4,-4,-4,False,False,False,False,False,True,True,False
PstI,XbaI,SapI,4,-4,-3,False,False,False,False,False,True,False,False
PstI,XhoI,BbsI,4,-4,-4,False,False,False,False,False,False,True,False
PstI,XhoI,BsaI,4,-4,-4,False,False,False,True,True,False,False,False
PstI,XhoI,BseRI,4,-4,2,False,True,False,True,True,True,True,False
PstI,XhoI,BsgI,4,-4,2,False,False,False,False,False,False,True,False
PstI,XhoI,BsmI,4,-4,2,False,False,False,False,False,False,True,False
PstI,XhoI,BspMI,4,-4,-4,False,False,False,True,True,True,True,False
PstI,XhoI,SapI,4,-4,-3,False,False,False,False,False,True,False,False
SacI,AflII,BbsI,4,-4,-4,False,False,False,False,False,False,True,False
SacI,AflII,BsaI,4,-4,-4,False,False,False,True,True,False,False,False
SacI,AflII,BseRI,4,-4,2,True,False,True,True,True,True,True,False
SacI,AflII,BsgI,4,-4,2,False,False,False,False,False,False,True,True
SacI,AflII,BsmI,4,-4,2,True,False,True,False,False,False,True,False
SacI,AflII,BspMI,4,-4,-4,False,False,True,True,True,True,True,True
SacI,AflII,SapI,4,-4,-3,False,False,False,False,False,True,False,False
SacI,AgeI,BbsI,4,-4,-4,False,False,False,False,False,False,True,False
SacI,AgeI,BsaI,4,-4,-4,False,False,False,True,True,False,False,False
SacI,AgeI,BseRI,4,-4,2,True,False,True,True,True,True,True,False
SacI,AgeI,BsgI,4,-4,2,False,False,False,False,False,False,True,True
SacI,AgeI,BsmI,4,-4,2,True,False,True,False,False,False,True,False
SacI,AgeI,BspMI,4,-4,-4,False,False,True,True,True,True,True,True
SacI,AgeI,SapI,4,-4,-3,False,False,False,False,False,True,False,False
SacI,AscI,BbsI,4,-4,-4,False,False,False,False,False,False,True,False
SacI,AscI,BsaI,4,-4,-4,False,False,False,True,True,False,False,False
SacI,AscI,BseRI,4,-4,2,True,False,True,True,True,True,True,False
SacI,AscI,BsgI,4,-4,2,False,False,False,False,False,False,True,True
SacI,AscI,BsmI,4,-4,2,True,False,True,False,False,False,True,False
SacI,AscI,BspMI,4,-4,-4,False,False,True,True,True,True,True,True
SacI,AscI,SapI,4,-4,-3,False,False,False,False,False,True,False,False
SacI,AvrII,BbsI,4,-4,-4,False,False,False,False,False,False,True,False
SacI,AvrII,BsaI,4,-4,-4,False,False,False,True,True,False,False,False
SacI,AvrII,BseRI,4,-4,2,True,False,True,True,True,True,True,False
SacI,AvrII,BsgI,4,-4,2,False,False,False,False,False,False,True,True
SacI,AvrII,BsmI,4,-4,2,True,False,True,False,False,False,True,False
SacI,AvrII,BspMI,4,-4,-4,False,False,True,True,True,True,True,True
SacI,AvrII,SapI,4,-4,-3,False,False,False,False,False,True,False,False
SacI,BclI,BbsI,4,-4,-4,False,False,False,False,False,False,True,False
SacI,BclI,BseRI,4,-4,2,False,False,False,False,False,False,True,False
SacI,BclI,BsgI,4,-4,2,False,False,False,False,False,False,True,True
SacI,BclI,BsmI,4,-4,2,False,False,False,False,False,False,True,False
SacI,BclI,BspMI,4,-4,-4,False,False,False,False,False,False,True,True
SacI,BglII,BbsI,4,-4,-4,False,False,False,False,False,False,True,False
SacI,BglII,BseRI,4,-4,2,True,False,False,False,False,True,True,False
SacI,BglII,BsgI,4,-4,2,False,False,False,False,False,False,True,True
SacI,BglII,BsmI,4,-4,2,True,False,False,False,False,False,True,False
SacI,BglII,BspMI,4,-4,-4,False,False,False,False,False,True,True,True
SacI,BglII,SapI,4,-4,-3,False,False,False,False,False,True,False,False
SacI,BsiWI,BbsI,4,-4,-4,False,False,False,False,False,False,True,False
SacI,BsiWI,BsaI,4,-4,-4,False,False,False,True,True,False,False,False
SacI,BsiWI,BseRI,4,-4,2,True,False,True,True,True,True,True,False
SacI,BsiWI,BsgI,4,-4,2,False,False,False,False,False,False,True,True
SacI,BsiWI,BsmI,4,-4,2,True,False,True,False,False,False,True,False
SacI,BsiWI,BspMI,4,-4,-4,False,False,True,True,True,True,True,True
SacI,BsiWI,SapI,4,-4,-3,False,False,False,False,False,True,False,False
SacI,BspEI,BbsI,4,-4,-4,False,False,False,False,False,False,True,False
SacI,BspEI,BseRI,4,-4,2,True,False,False,False,False,True,True,False
SacI,BspEI,BsgI,4,-4,2,False,False,False,False,False,False,True,False
SacI,BspEI,BsmI,4,-4,2,True,False,False,False,False,False,True,False
SacI,BspEI,BspMI,4,-4,-4,False,False,False,False,False,True,True,False
SacI,BspEI,SapI,4,-4,-3,False,False,False,False,False,True,False,False
SacI,BsrGI,BbsI,4,-4,-4,False,False,False,False,False,False,True,False
SacI,BsrGI,BsaI,4,-4,-4,False,False,False,True,True,False,False,False
SacI,BsrGI,BseRI,4,-4,2,True,False,True,True,True,True,True,False
SacI,BsrGI,BsgI,4,-4,2,False,False,False,False,False,False,True,True
SacI,BsrGI,BsmI,4,-4,2,True,False,True,False,False,False,True,False
SacI,BsrGI,BspMI,4,-4,-4,False,False,True,True,True,True,True,True
SacI,BsrGI,SapI,4,-4,-3,False,False,False,False,False,True,False,False
SacI,BssHII,BbsI,4,-4,-4,False,False,False,False,False,False,True,False
SacI,BssHII,BseRI,4,-4,2,False,False,False,False,False,False,True,False
SacI,BssHII,BsgI,4,-4,2,False,False,False,False,False,False,True,True
SacI,BssHII,BsmI,4,-4,2,False,False,False,False,False,False,True,False
SacI,BssHII,BspMI,4,-4,-4,False,False,False,False,False,False,True,True
SacI,EcoRI,BbsI,4,-4,-4,False,False,False,False,False,False,True,False
SacI,EcoRI,BsaI,4,-4,-4,False,False,False,True,True,False,False,False
SacI,EcoRI,BseRI,4,-4,2,True,False,True,True,True,True,True,False
SacI,EcoRI,BsgI,4,-4,2,False,False,False,False,False,False,True,False
SacI,EcoRI,BsmI,4,-4,2,True,False,True,False,False,False,True,False
SacI,EcoRI,BspMI,4,-4,-4,False,False,True,True,True,True,True,False
SacI,EcoRI,SapI,4,-4,-3,False,False,False,False,False,True,False,False
SacI,HindIII,BbsI,4,-4,-4,False,False,False,False,False,False,True,False
SacI,HindIII,BsaI,4,-4,-4,False,False,False,True,True,False,False,False
SacI,HindIII,BseRI,4,-4,2,True,False,True,True,True,True,True,False
SacI,HindIII,BsgI,4,-4,2,False,False,False,False,False,False,True,True
SacI,HindIII,BsmI,4,-4,2,True,False,True,False,False,False,True,False
SacI,HindIII,BspMI,4,-4,-4,False,False,True,True,True,True,True,True
SacI,HindIII,SapI,4,-4,-3,False,False,False,False,False,True,False,False
SacI,MluI,BbsI,4,-4,-4,False,False,False,False,False,False,True,False
SacI,MluI,BseRI,4,-4,2,False,False,False,False,False,False,True,False
SacI,MluI,BsgI,4,-4,2,False,False,False,False,False,False,True,True
SacI,MluI,BsmI,4,-4,2,False,False,False,False,False,False,True,False
SacI,MluI,BspMI,4,-4,-4,False,False,False,False,False,False,True,True
SacI,NcoI,BbsI,4,-4,-4,False,False,False,False,False,False,True,False
SacI,NcoI,BsaI,4,-4,-4,False,False,False,False,True,False,False,False
SacI,NcoI,BseRI,4,-4,2,True,False,True,False,True,True,True,False
SacI,NcoI,BsgI,4,-4,2,False,False,False,False,False,False,True,False
SacI,NcoI,BsmI,4,-4,2,True,False,True,False,False,False,True,False
SacI,NcoI,BspMI,4,-4,-4,False,False,True,False,True,True,True,False
SacI,NcoI,SapI,4,-4,-3,False,False,False,False,False,True,False,False
SacI,NheI,BbsI,4,-4,-4,False,False,False,False,False,False,True,False
SacI,NheI,BsaI,4,-4,-4,False,False,False,False,True,False,False,False
SacI,NheI,BseRI,4,-4,2,True,False,True,False,True,False,True,False
SacI,NheI,BsgI,4,-4,2,False,False,False,False,False,False,True,False
SacI,NheI,BsmI,4,-4,2,True,False,True,False,False,False,True,False
SacI,NheI,BspMI,4,-4,-4,False,False,True,False,True,False,True,False
SacI,NotI,BbsI,4,-4,-4,False,False,False,False,False,False,True,False
SacI,NotI,BsaI,4,-4,-4,False,False,False,True,True,False,False,False
SacI,NotI,BseRI,4,-4,2,True,False,True,True,True,True,True,False
SacI,NotI,BsgI,4,-4,2,False,False,False,False,False,False,True,True
SacI,NotI,BsmI,4,-4,2,True,False,True,False,False,False,True,False
SacI,NotI,BspMI,4,-4,-4,False,False,True,True,True,True,True,True
SacI,NotI,SapI,4,-4,-3,False,False,False,False,False,True,False,False
SacI,PacI,BbsI,4,2,-4,False,False,False,False,False,False,True,False
SacI,PacI,BsaI,4,2,-4,False,False,False,True,True,False,False,False
SacI,PacI,BseRI,4,2,2,True,False,True,True,True,True,True,False
SacI,PacI,BsgI,4,2,2,False,False,False,False,False,False,True,True
SacI,PacI,BsmI,4,2,2,True,False,True,False,False,False,True,False
SacI,PacI,BspMI,4,2,-4,False,False,True,True,True,True,True,True
SacI,PacI,SapI,4,2,-3,False,False,False,False,False,True,False,False
SacI,PciI,BseRI,4,-4,2,False,False,False,False,False,True,False,False
SacI,PciI,BspMI,4,-4,-4,False,False,False,False,False,True,False,False
SacI,PciI,SapI,4,-4,-3,False,False,False,False,False,True,False,False
SacI,PspOMI,BbsI,4,-4,-4,False,False,False,False,False,False,True,False
SacI,PspOMI,BseRI,4,-4,2,False,False,False,False,False,False,True,False
SacI,PspOMI,BsgI,4,-4,2,False,False,False,False,False,False,True,True
SacI,PspOMI,BsmI,4,-4,2,False,False,False,False,False,False,True,False
SacI,PspOMI,BspMI,4,-4,-4,False,False,False,False,False,False,True,True
SacI,SacII,BbsI,4,2,-4,False,False,False,False,False,False,True,False
SacI,SacII,BsaI,4,2,-4,False,False,False,True,True,False,False,False
SacI,SacII,BseRI,4,2,2,True,False,True,True,True,True,True,False
SacI,SacII,BsgI,4,2,2,False,False,False,False,False,False,True,True
SacI,SacII,BsmI,4,2,2,True,False,True,False,False,False,True,False
SacI,SacII,BspMI,4,2,-4,False,False,True,True,True,True,True,True
SacI,SacII,SapI,4,2,-3,False,False,False,False,False,True,False,False
SacI,SalI,BbsI,4,-4,-4,False,False,False,False,False,False,True,False
SacI,SalI,BsaI,4,-4,-4,False,False,False,True,True,False,False,False
SacI,SalI,BseRI,4,-4,2,True,False,True,True,True,True,True,False
SacI,SalI,BsgI,4,-4,2,False,False,False,False,False,False,True,True
SacI,SalI,BsmI,4,-4,2,True,False,True,False,False,False,True,False
SacI,SalI,BspMI,4,-4,-4,False,False,True,True,True,True,True,True
SacI,SalI,SapI,4,-4,-3,False,False,False,False,False,True,False,False
SacI,SpeI,BbsI,4,-4,-4,False,False,False,False,False,False,True,False
SacI,SpeI,BsaI,4,-4,-4,False,False,False,True,True,False,False,False
SacI,SpeI,BseRI,4,-4,2,True,False,True,True,True,True,True,False
SacI,SpeI,BsgI,4,-4,2,False,False,False,False,False,False,True,True
SacI,SpeI,BsmI,4,-4,2,True,False,True,False,False,False,True,False
SacI,SpeI,BspMI,4,-4,-4,False,False,True,True,True,True,True,True
SacI,SpeI,SapI,4,-4,-3,False,False,False,False,False,True,False,False
SacI,XbaI,BbsI,4,-4,-4,False,False,False,False,False,False,True,False
SacI,XbaI,BseRI,4,-4,2,True,False,False,False,False,True,True,False
SacI,XbaI,BsgI,4,-4,2,False,False,False,False,False,False,True,False
SacI,XbaI,BsmI,4,-4,2,True,False,False,False,False,False,True,False
SacI,XbaI,BspMI,4,-4,-4,False,False,False,False,False,True,True,False
SacI,XbaI,SapI,4,-4,-3,False,False,False,False,False,True,False,False
SacI,XhoI,BbsI,4,-4,-4,False,False,False,False,False,False,True,False
SacI,XhoI,BsaI,4,-4,-4,False,False,False,True,True,False,False,False
SacI,XhoI,BseRI,4,-4,2,True,False,True,True,True,True,True,False
SacI,XhoI,BsgI,4,-4,2,False,False,False,False,False,False,True,False
SacI,XhoI,BsmI,4,-4,2,True,False,True,False,False,False,True,False
SacI,XhoI,BspMI,4,-4,-4,False,False,True,True,True,True,True,False
SacI,XhoI,SapI,4,-4,-3,False,False,False,False,False,True,False,False
SacII,AflII,BbsI,2,-4,-4,False,False,False,False,False,False,True,False
SacII,AflII,BsaI,2,-4,-4,False,False,False,True,True,False,False,False
SacII,AflII,BseRI,2,-4,2,True,True,True,True,True,True,True,False
SacII,AflII,BsgI,2,-4,2,False,False,False,False,False,False,True,True
SacII,AflII,BsmI,2,-4,2,True,False,True,False,False,False,True,False
SacII,AflII,BspMI,2,-4,-4,False,False,True,True,True,True,True,True
SacII,AflII,SapI,2,-4,-3,False,False,False,False,False,True,False,False
SacII,AgeI,BbsI,2,-4,-4,False,False,False,False,False,False,True,False
SacII,AgeI,BsaI,2,-4,-4,False,False,False,True,True,False,False,False
SacII,AgeI,BseRI,2,-4,2,True,True,True,True,True,True,True,False
SacII,AgeI,BsgI,2,-4,2,False,False,False,False,False,False,True,True
SacII,AgeI,BsmI,2,-4,2,True,False,True,False,False,False,True,False
SacII,AgeI,BspMI,2,-4,-4,False,False,True,True,True,True,True,True
SacII,AgeI,SapI,2,-4,-3,False,False,False,False,False,True,False,False
SacII,AscI,BbsI,2,-4,-4,False,False,False,False,False,False,True,False
SacII,AscI,BsaI,2,-4,-4,False,False,False,True,True,False,False,False
SacII,AscI,BseRI,2,-4,2,True,True,True,True,True,True,True,False
SacII,AscI,BsgI,2,-4,2,False,False,False,False,False,False,True,True
SacII,AscI,BsmI,2,-4,2,True,False,True,False,False,False,True,False
SacII,AscI,BspMI,2,-4,-4,False,False,True,True,True,True,True,True
SacII,AscI,SapI,2,-4,-3,False,False,False,False,False,True,False,False
SacII,AvrII,BbsI,2,-4,-4,False,False,False,False,False,False,True,False
SacII,AvrII,BsaI,2,-4,-4,False,False,False,True,True,False,False,False
SacII,AvrII,BseRI,2,-4,2,True,True,True,True,True,True,True,False
SacII,AvrII,BsgI,2,-4,2,False,False,False,False,False,False,True,True
SacII,AvrII,BsmI,2,-4,2,True,False,True,False,False,False,True,False
SacII,AvrII,BspMI,2,-4,-4,False,False,True,True,True,True,True,True
SacII,AvrII,SapI,2,-4,-3,False,False,False,False,False,True,False,False
SacII,BclI,BbsI,2,-4,-4,False,False,False,False,False,False,True,False
SacII,BclI,BseRI,2,-4,2,False,False,False,False,False,False,True,False
SacII,BclI,BsgI,2,-4,2,False,False,False,False,False,False,True,True
SacII,BclI,BsmI,2,-4,2,False,False,False,False,False,False,True,False
SacII,BclI,BspMI,2,-4,-4,False,False,False,False,False,False,True,True
SacII,BglII,BbsI,2,-4,-4,False,False,False,False,False,False,True,False
SacII,BglII,BseRI,2,-4,2,True,False,False,False,False,True,True,False
SacII,BglII,BsgI,2,-4,2,False,False,False,False,False,False,True,True
SacII,BglII,BsmI,2,-4,2,True,False,False,False,False,False,True,False
SacII,BglII,BspMI,2,-4,-4,False,False,False,False,False,True,True,True
SacII,BglII,SapI,2,-4,-3,False,False,False,False,False,True,False,False
SacII,BsiWI,BbsI,2,-4,-4,False,False,False,False,False,False,True,False
SacII,BsiWI,BsaI,2,-4,-4,False,False,False,True,True,False,False,False
SacII,BsiWI,BseRI,2,-4,2,True,False,True,True,True,True,True,False
SacII,BsiWI,BsgI,2,-4,2,False,False,False,False,False,False,True,True
SacII,BsiWI,BsmI,2,-4,2,True,False,True,False,False,False,True,False
SacII,BsiWI,BspMI,2,-4,-4,False,False,True,True,True,True,True,True
SacII,BsiWI,SapI,2,-4,-3,False,False,False,False,False,True,False,False
SacII,BspEI,BbsI,2,-4,-4,False,False,False,False,False,False,True,False
SacII,BspEI,BseRI,2,-4,2,True,False,False,False,False,True,True,False
SacII,BspEI,BsgI,2,-4,2,False,False,False,False,False,False,True,False
SacII,BspEI,BsmI,2,-4,2,True,False,False,False,False,False,True,False
SacII,BspEI,BspMI,2,-4,-4,False,False,False,False,False,True,True,False
SacII,BspEI,SapI,2,-4,-3,False,False,False,False,False,True,False,False
SacII,BsrGI,BbsI,2,-4,-4,False,False,False,False,False,False,True,False
SacII,BsrGI,BsaI,2,-4,-4,False,False,False,True,True,False,False,False
SacII,BsrGI,BseRI,2,-4,2,True,True,True,True,True,True,True,False
SacII,BsrGI,BsgI,2,-4,2,False,False,False,False,False,False,True,True
SacII,BsrGI,BsmI,2,-4,2,True,False,True,False,False,False,True,False
SacII,BsrGI,BspMI,2,-4,-4,False,False,True,True,True,True,True,True
SacII,BsrGI,SapI,2,-4,-3,False,False,False,False,False,True,False,False
SacII,BssHII,BbsI,2,-4,-4,False,False,False,False,False,False,True,False
SacII,BssHII,BseRI,2,-4,2,False,False,False,False,False,False,True,False
SacII,BssHII,BsgI,2,-4,2,False,False,False,False,False,False,True,True
SacII,BssHII,BsmI,2,-4,2,False,False,False,False,False,False,True,False
SacII,BssHII,BspMI,2,-4,-4,False,False,False,False,False,False,True,True
SacII,EcoRI,BbsI,2,-4,-4,False,False,False,False,False,False,True,False
SacII,EcoRI,BsaI,2,-4,-4,False,False,False,True,True,False,False,False
SacII,EcoRI,BseRI,2,-4,2,True,True,True,True,True,True,True,False
SacII,EcoRI,BsgI,2,-4,2,False,False,False,False,False,False,True,False
SacII,EcoRI,BsmI,2,-4,2,True,False,True,False,False,False,True,False
SacII,EcoRI,BspMI,2,-4,-4,False,False,True,True,True,True,True,False
SacII,EcoRI,SapI,2,-4,-3,False,False,False,False,False,True,False,False
SacII,HindIII,BbsI,2,-4,-4,False,False,False,False,False,False,True,False
SacII,HindIII,BsaI,2,-4,-4,False,False,False,True,True,False,False,False
SacII,HindIII,BseRI,2,-4,2,True,True,True,True,True,True,True,False
SacII,HindIII,BsgI,2,-4,2,False,False,False,False,False,False,True,True
SacII,HindIII,BsmI,2,-4,2,True,False,True,False,False,False,True,False
SacII,HindIII,BspMI,2,-4,-4,False,False,True,True,True,True,True,True
SacII,HindIII,SapI,2,-4,-3,False,False,False,False,False,True,False,False
SacII,MluI,BbsI,2,-4,-4,False,False,False,False,False,False,True,False
SacII,MluI,BseRI,2,-4,2,False,False,False,False,False,False,True,False
SacII,MluI,BsgI,2,-4,2,False,False,False,False,False,False,True,True
SacII,MluI,BsmI,2,-4,2,False,False,False,False,False,False,True,False
SacII,MluI,BspMI,2,-4,-4,False,False,False,False,False,False,True,True
SacII,NcoI,BbsI,2,-4,-4,False,False,False,False,False,False,True,False
SacII,NcoI,BsaI,2,-4,-4,False,False,False,False,True,False,False,False
SacII,NcoI,BseRI,2,-4,2,True,True,True,False,True,True,True,False
SacII,NcoI,BsgI,2,-4,2,False,False,False,False,False,False,True,False
SacII,NcoI,BsmI,2,-4,2,True,False,True,False,False,False,True,False
SacII,NcoI,BspMI,2,-4,-4,False,False,True,False,True,True,True,False
SacII,NcoI,SapI,2,-4,-3,False,False,False,False,False,True,False,False
SacII,NheI,BbsI,2,-4,-4,False,False,False,False,False,False,True,False
SacII,NheI,BsaI,2,-4,-4,False,False,False,False,True,False,False,False
SacII,NheI,BseRI,2,-4,2,True,True,True,False,True,False,True,False
SacII,NheI,BsgI,2,-4,2,False,False,False,False,False,False,True,False
SacII,NheI,BsmI,2,-4,2,True,False,True,False,False,False,True,False
SacII,NheI,BspMI,2,-4,-4,False,False,True,False,True,False,True,False
SacII,NotI,BbsI,2,-4,-4,False,False,False,False,False,False,True,False
SacII,NotI,BsaI,2,-4,-4,False,False,False,True,True,False,False,False
SacII,NotI,BseRI,2,-4,2,True,True,True,True,True,True,True,False
SacII,NotI,BsgI,2,-4,2,False,False,False,False,False,False,True,True
SacII,NotI,BsmI,2,-4,2,True,False,True,False,False,False,True,False
SacII,NotI,BspMI,2,-4,-4,False,False,True,True,True,True,True,True
SacII,NotI,SapI,2,-4,-3,False,False,False,False,False,True,False,False
SacII,PacI,BbsI,2,2,-4,False,False,False,False,False,False,True,False
SacII,PacI,BsaI,2,2,-4,False,False,False,True,True,False,False,False
SacII,PacI,BseRI,2,2,2,True,True,True,True,True,True,True,False
SacII,PacI,BsgI,2,2,2,False,False,False,False,False,False,True,True
SacII,PacI,BsmI,2,2,2,True,False,True,False,False,False,True,False
SacII,PacI,BspMI,2,2,-4,False,False,True,True,True,True,True,True
SacII,PacI,SapI,2,2,-3,False,False,False,False,False,True,False,False
SacII,PciI,BseRI,2,-4,2,False,False,False,False,False,True,False,False
SacII,PciI,BspMI,2,-4,-4,False,False,False,False,False,True,False,False
SacII,PciI,SapI,2,-4,-3,False,False,False,False,False,True,False,False
SacII,PspOMI,BbsI,2,-4,-4,False,False,False,False,False,False,True,False
SacII,PspOMI,BseRI,2,-4,2,False,False,False,False,False,False,True,False
SacII,PspOMI,BsgI,2,-4,2,False,False,False,False,False,False,True,True
SacII,PspOMI,BsmI,2,-4,2,False,False,False,False,False,False,True,False
SacII,PspOMI,BspMI,2,-4,-4,False,False,False,False,False,False,True,True
SacII,SacII,BbsI,2,2,-4,False,False,False,False,False,False,True,False
SacII,SacII,BsaI,2,2,-4,False,False,False,True,True,False,False,False
SacII,SacII,BseRI,2,2,2,True,True,True,True,True,True,True,False
SacII,SacII,BsgI,2,2,2,False,False,False,False,False,False,True,True
SacII,SacII,BsmI,2,2,2,True,False,True,False,False,False,True,False
SacII,SacII,BspMI,2,2,-4,False,False,True,True,True,True,True,True
SacII,SacII,SapI,2,2,-3,False,False,False,False,False,True,False,False
SacII,SalI,BbsI,2,-4,-4,False,False,False,False,False,False,True,False
SacII,SalI,BsaI,2,-4,-4,False,False,False,True,True,False,False,False
SacII,SalI,BseRI,2,-4,2,True,True,True,True,True,True,True,False
SacII,SalI,BsgI,2,-4,2,False,False,False,False,False,False,True,True
SacII,SalI,BsmI,2,-4,2,True,False,True,False,False,False,True,False
SacII,SalI,BspMI,2,-4,-4,False,False,True,True,True,True,True,True
SacII,SalI,SapI,2,-4,-3,False,False,False,False,False,True,False,False
SacII,SpeI,BbsI,2,-4,-4,False,False,False,False,False,False,True,False
SacII,SpeI,BsaI,2,-4,-4,False,False,False,True,True,False,False,False
SacII,SpeI,BseRI,2,-4,2,True,True,True,True,True,True,True,False
SacII,SpeI,BsgI,2,-4,2,False,False,False,False,False,False,True,True
SacII,SpeI,BsmI,2,-4,2,True,False,True,False,False,False,True,False
SacII,SpeI,BspMI,2,-4,-4,False,False,True,True,True,True,True,True
SacII,SpeI,SapI,2,-4,-3,False,False,False,False,False,True,False,False
SacII,XbaI,BbsI,2,-4,-4,False,False,False,False,False,False,True,False
SacII,XbaI,BseRI,2,-4,2,True,True,False,False,False,True,True,False
SacII,XbaI,BsgI,2,-4,2,False,False,False,False,False,False,True,False
SacII,XbaI,BsmI,2,-4,2,True,False,False,False,False,False,True,False
SacII,XbaI,BspMI,2,-4,-4,False,False,False,False,False,True,True,False
SacII,XbaI,SapI,2,-4,-3,False,False,False,False,False,True,False,False
SacII,XhoI,BbsI,2,-4,-4,False,False,False,False,False,False,True,False
SacII,XhoI,BsaI,2,-4,-4,False,False,False,True,True,False,False,False
SacII,XhoI,BseRI,2,-4,2,True,True,True,True,True,True,True,False
SacII,XhoI,BsgI,2,-4,2,False,False,False,False,False,False,True,False
SacII,XhoI,BsmI,2,-4,2,True,False,True,False,False,False,True,False
SacII,XhoI,BspMI,2,-4,-4,False,False,True,True,True,True,True,False
SacII,XhoI,SapI,2,-4,-3,False,False,False,False,False,True,False,False
SalI,AflII,BbsI,-4,-4,-4,False,False,False,False,False,False,True,False
SalI,AflII,BsaI,-4,-4,-4,False,False,False,True,True,False,False,False
SalI,AflII,BseRI,-4,-4,2,True,True,True,True,True,True,True,False
SalI,AflII,BsgI,-4,-4,2,False,False,False,False,False,False,True,True
SalI,AflII,BsmI,-4,-4,2,True,False,True,False,False,False,True,False
SalI,AflII,BspMI,-4,-4,-4,False,False,True,True,True,True,True,True
SalI,AflII,SapI,-4,-4,-3,False,False,False,False,False,True,False,False
SalI,AgeI,BbsI,-4,-4,-4,False,False,False,False,False,False,True,False
SalI,AgeI,BsaI,-4,-4,-4,False,False,False,True,True,False,False,False
SalI,AgeI,BseRI,-4,-4,2,True,True,True,True,True,True,True,False
SalI,AgeI,BsgI,-4,-4,2,False,False,False,False,False,False,True,True
SalI,AgeI,BsmI,-4,-4,2,True,False,True,False,False,False,True,False
SalI,AgeI,BspMI,-4,-4,-4,False,False,True,True,True,True,True,True
SalI,AgeI,SapI,-4,-4,-3,False,False,False,False,False,True,False,False
SalI,AscI,BbsI,-4,-4,-4,False,False,False,False,False,False,True,False
SalI,AscI,BsaI,-4,-4,-4,False,False,False,True,True,False,False,False
SalI,AscI,BseRI,-4,-4,2,True,True,True,True,True,True,True,False
SalI,AscI,BsgI,-4,-4,2,False,False,False,False,False,False,True,True
SalI,AscI,BsmI,-4,-4,2,True,False,True,False,False,False,True,False
SalI,AscI,BspMI,-4,-4,-4,False,False,True,True,True,True,True,True
SalI,AscI,SapI,-4,-4,-3,False,False,False,False,False,True,False,False
SalI,AvrII,BbsI,-4,-4,-4,False,False,False,False,False,False,True,False
SalI,AvrII,BsaI,-4,-4,-4,False,False,False,True,True,False,False,False
SalI,AvrII,BseRI,-4,-4,2,True,True,True,True,True,True,True,False
SalI,AvrII,BsgI,-4,-4,2,False,False,False,False,False,False,True,True
SalI,AvrII,BsmI,-4,-4,2,True,False,True,False,False,False,True,False
SalI,AvrII,BspMI,-4,-4,-4,False,False,True,True,True,True,True,True
SalI,AvrII,SapI,-4,-4,-3,False,False,False,False,False,True,False,False
SalI,BclI,BbsI,-4,-4,-4,False,False,False,False,False,False,True,False
SalI,BclI,BseRI,-4,-4,2,False,False,False,False,False,False,True,False
SalI,BclI,BsgI,-4,-4,2,False,False,False,False,False,False,True,True
SalI,BclI,BsmI,-4,-4,2,False,False,False,False,False,False,True,False
SalI,BclI,BspMI,-4,-4,-4,False,False,False,False,False,False,True,True
SalI,BglII,BbsI,-4,-4,-4,False,False,False,False,False,False,True,False
SalI,BglII,BseRI,-4,-4,2,True,False,False,False,False,True,True,False
SalI,BglII,BsgI,-4,-4,2,False,False,False,False,False,False,True,True
SalI,BglII,BsmI,-4,-4,2,True,False,False,False,False,False,True,False
SalI,BglII,BspMI,-4,-4,-4,False,False,False,False,False,True,True,True
SalI,BglII,SapI,-4,-4,-3,False,False,False,False,False,True,False,False
SalI,BsiWI,BbsI,-4,-4,-4,False,False,False,False,False,False,True,False
SalI,BsiWI,BsaI,-4,-4,-4,False,False,False,True,True,False,False,False
SalI,BsiWI,BseRI,-4,-4,2,True,False,True,True,True,True,True,False
SalI,BsiWI,BsgI,-4,-4,2,False,False,False,False,False,False,True,True
SalI,BsiWI,BsmI,-4,-4,2,True,False,True,False,False,False,True,False
SalI,BsiWI,BspMI,-4,-4,-4,False,False,True,True,True,True,True,True
SalI,BsiWI,SapI,-4,-4,-3,False,False,False,False,False,True,False,False
SalI,BspEI,BbsI,-4,-4,-4,False,False,False,False,False,False,True,False
SalI,BspEI,BseRI,-4,-4,2,True,False,False,False,False,True,True,False
SalI,BspEI,BsgI,-4,-4,2,False,False,False,False,False,False,True,False
SalI,BspEI,BsmI,-4,-4,2,True,False,False,False,False,False,True,False
SalI,BspEI,BspMI,-4,-4,-4,False,False,False,False,False,True,True,False
SalI,BspEI,SapI,-4,-4,-3,False,False,False,False,False,True,False,False
SalI,BsrGI,BbsI,-4,-4,-4,False,False,False,False,False,False,True,False
SalI,BsrGI,BsaI,-4,-4,-4,False,False,False,True,True,False,False,False
SalI,BsrGI,BseRI,-4,-4,2,True,True,True,True,True,True,True,False
SalI,BsrGI,BsgI,-4,-4,2,False,False,False,False,False,False,True,True
SalI,BsrGI,BsmI,-4,-4,2,True,False,True,False,False,False,True,False
SalI,BsrGI,BspMI,-4,-4,-4,False,False,True,True,True,True,True,True
SalI,BsrGI,SapI,-4,-4,-3,False,False,False,False,False,True,False,False
SalI,BssHII,BbsI,-4,-4,-4,False,False,False,False,False,False,True,False
SalI,BssHII,BseRI,-4,-4,2,False,False,False,False,False,False,True,False
SalI,BssHII,BsgI,-4,-4,2,False,False,False,False,False,False,True,True
SalI,BssHII,BsmI,-4,-4,2,False,False,False,False,False,False,True,False
SalI,BssHII,BspMI,-4,-4,-4,False,False,False,False,False,False,True,True
SalI,EcoRI,BbsI,-4,-4,-4,False,False,False,False,False,False,True,False
SalI,EcoRI,BsaI,-4,-4,-4,False,False,False,True,True,False,False,False
SalI,EcoRI,BseRI,-4,-4,2,True,True,True,True,True,True,True,False
SalI,EcoRI,BsgI,-4,-4,2,False,False,False,False,False,False,True,False
SalI,EcoRI,BsmI,-4,-4,2,True,False,True,False,False,False,True,False
SalI,EcoRI,BspMI,-4,-4,-4,False,False,True,True,True,True,True,False
SalI,EcoRI,SapI,-4,-4,-3,False,False,False,False,False,True,False,False
SalI,HindIII,BbsI,-4,-4,-4,False,False,False,False,False,False,True,False
SalI,HindIII,BsaI,-4,-4,-4,False,False,False,True,True,False,False,False
SalI,HindIII,BseRI,-4,-4,2,True,True,True,True,True,True,True,False
SalI,HindIII,BsgI,-4,-4,2,False,False,False,False,False,False,True,True
SalI,HindIII,BsmI,-4,-4,2,True,False,True,False,False,False,True,False
SalI,HindIII,BspMI,-4,-4,-4,False,False,True,True,True,True,True,True
SalI,HindIII,SapI,-4,-4,-3,False,False,False,False,False,True,False,False
SalI,MluI,BbsI,-4,-4,-4,False,False,False,False,False,False,True,False
SalI,MluI,BseRI,-4,-4,2,False,False,False,False,False,False,True,False
SalI,MluI,BsgI,-4,-4,2,False,False,False,False,False,False,True,True
SalI,MluI,BsmI,-4,-4,2,False,False,False,False,False,False,True,False
SalI,MluI,BspMI,-4,-4,-4,False,False,False,False,False,False,True,True
SalI,NcoI,BbsI,-4,-4,-4,False,False,False,False,False,False,True,False
SalI,NcoI,BsaI,-4,-4,-4,False,False,False,False,True,False,False,False
SalI,NcoI,BseRI,-4,-4,2,True,True,True,False,True,True,True,False
SalI,NcoI,BsgI,-4,-4,2,False,False,False,False,False,False,True,False
SalI,NcoI,BsmI,-4,-4,2,True,False,True,False,False,False,True,False
SalI,NcoI,BspMI,-4,-4,-4,False,False,True,False,True,True,True,False
SalI,NcoI,SapI,-4,-4,-3,False,False,False,False,False,True,False,False
SalI,NheI,BbsI,-4,-4,-4,False,False,False,False,False,False,True,False
SalI,NheI,BsaI,-4,-4,-4,False,False,False,False,True,False,False,False
SalI,NheI,BseRI,-4,-4,2,True,True,True,False,True,False,True,False
SalI,NheI,BsgI,-4,-4,2,False,False,False,False,False,False,True,False
SalI,NheI,BsmI,-4,-4,2,True,False,True,False,False,False,True,False
SalI,NheI,BspMI,-4,-4,-4,False,False,True,False,True,False,True,False
SalI,NotI,BbsI,-4,-4,-4,False,False,False,False,False,False,True,False
SalI,NotI,BsaI,-4,-4,-4,False,False,False,True,True,False,False,False
SalI,NotI,BseRI,-4,-4,2,True,True,True,True,True,True,True,False
SalI,NotI,BsgI,-4,-4,2,False,False,False,False,False,False,True,True
SalI,NotI,BsmI,-4,-4,2,True,False,True,False,False,False,True,False
SalI,NotI,BspMI,-4,-4,-4,False,False,True,True,True,True,True,True
SalI,NotI,SapI,-4,-4,-3,False,False,False,False,False,True,False,False
SalI,PacI,BbsI,-4,2,-4,False,False,False,False,False,False,True,False
SalI,PacI,BsaI,-4,2,-4,False,False,False,True,True,False,False,False
SalI,PacI,BseRI,-4,2,2,True,True,True,True,True,True,True,False
SalI,PacI,BsgI,-4,2,2,False,False,False,False,False,False,True,True
SalI,PacI,BsmI,-4,2,2,True,False,True,False,False,False,True,False
SalI,PacI,BspMI,-4,2,-4,False,False,True,True,True,True,True,True
SalI,PacI,SapI,-4,2,-3,False,False,False,False,False,True,False,False
SalI,PciI,BseRI,-4,-4,2,False,False,False,False,False,True,False,False
SalI,PciI,BspMI,-4,-4,-4,False,False,False,False,False,True,False,False
SalI,PciI,SapI,-4,-4,-3,False,False,False,False,False,True,False,False
SalI,PspOMI,BbsI,-4,-4,-4,False,False,False,False,False,False,True,False
SalI,PspOMI,BseRI,-4,-4,2,False,False,False,False,False,False,True,False
SalI,PspOMI,BsgI,-4,-4,2,False,False,False,False,False,False,True,True
SalI,PspOMI,BsmI,-4,-4,2,False,False,False,False,False,False,True,False
SalI,PspOMI,BspMI,-4,-4,-4,False,False,False,False,False,False,True,True
SalI,SacII,BbsI,-4,2,-4,False,False,False,False,False,False,True,False
SalI,SacII,BsaI,-4,2,-4,False,False,False,True,True,False,False,False
SalI,SacII,BseRI,-4,2,2,True,True,True,True,True,True,True,False
SalI,SacII,BsgI,-4,2,2,False,False,False,False,False,False,True,True
SalI,SacII,BsmI,-4,2,2,True,False,True,False,False,False,True,False
SalI,SacII,BspMI,-4,2,-4,False,False,True,True,True,True,True,True
SalI,SacII,SapI,-4,2,-3,False,False,False,False,False,True,False,False
SalI,SalI,BbsI,-4,-4,-4,False,False,False,False,False,False,True,False
SalI,SalI,BsaI,-4,-4,-4,False,False,False,True,True,False,False,False
SalI,SalI,BseRI,-4,-4,2,True,True,True,True,True,True,True,False
SalI,SalI,BsgI,-4,-4,2,False,False,False,False,False,False,True,True
SalI,SalI,BsmI,-4,-4,2,True,False,True,False,False,False,True,False
SalI,SalI,BspMI,-4,-4,-4,False,False,True,True,True,True,True,True
SalI,SalI,SapI,-4,-4,-3,False,False,False,False,False,True,False,False
SalI,SpeI,BbsI,-4,-4,-4,False,False,False,False,False,False,True,False
SalI,SpeI,BsaI,-4,-4,-4,False,False,False,True,True,False,False,False
SalI,SpeI,BseRI,-4,-4,2,True,True,True,True,True,True,True,False
SalI,SpeI,BsgI,-4,-4,2,False,False,False,False,False,False,True,True
SalI,SpeI,BsmI,-4,-4,2,True,False,True,False,False,False,True,False
SalI,SpeI,BspMI,-4,-4,-4,False,False,True,True,True,True,True,True
SalI,SpeI,SapI,-4,-4,-3,False,False,False,False,False,True,False,False
SalI,XbaI,BbsI,-4,-4,-4,False,False,False,False,False,False,True,False
SalI,XbaI,BseRI,-4,-4,2,True,True,False,False,False,True,True,False
SalI,XbaI,BsgI,-4,-4,2,False,False,False,False,False,False,True,False
SalI,XbaI,BsmI,-4,-4,2,True,False,False,False,False,False,True,False
SalI,XbaI,BspMI,-4,-4,-4,False,False,False,False,False,True,True,False
SalI,XbaI,SapI,-4,-4,-3,False,False,False,False,False,True,False,False
SalI,XhoI,BbsI,-4,-4,-4,False,False,False,False,False,False,True,False
SalI,XhoI,BsaI,-4,-4,-4,False,False,False,True,True,False,False,False
SalI,XhoI,BseRI,-4,-4,2,True,True,True,True,True,True,True,False
SalI,XhoI,BsgI,-4,-4,2,False,False,False,False,False,False,True,False
SalI,XhoI,BsmI,-4,-4,2,True,False,True,False,False,False,True,False
SalI,XhoI,BspMI,-4,-4,-4,False,False,True,True,True,True,True,False
SalI,XhoI,SapI,-4,-4,-3,False,False,False,False,False,True,False,False
SpeI,AflII,BbsI,-4,-4,-4,False,False,False,False,False,False,True,False
SpeI,AflII,BsaI,-4,-4,-4,False,False,False,True,True,False,False,False
SpeI,AflII,BseRI,-4,-4,2,True,True,True,True,True,True,True,False
SpeI,AflII,BsgI,-4,-4,2,False,False,False,False,False,False,True,True
SpeI,AflII,BsmI,-4,-4,2,True,False,True,False,False,False,True,False
SpeI,AflII,BspMI,-4,-4,-4,False,False,True,True,True,True,True,True
SpeI,AflII,SapI,-4,-4,-3,False,False,False,False,False,True,False,False
SpeI,AgeI,BbsI,-4,-4,-4,False,False,False,False,False,False,True,False
SpeI,AgeI,BsaI,-4,-4,-4,False,False,False,True,True,False,False,False
SpeI,AgeI,BseRI,-4,-4,2,True,True,True,True,True,True,True,False
SpeI,AgeI,BsgI,-4,-4,2,False,False,False,False,False,False,True,True
SpeI,AgeI,BsmI,-4,-4,2,True,False,True,False,False,False,True,False
SpeI,AgeI,BspMI,-4,-4,-4,False,False,True,True,True,True,True,True
SpeI,AgeI,SapI,-4,-4,-3,False,False,False,False,False,True,False,False
SpeI,AscI,BbsI,-4,-4,-4,False,False,False,False,False,False,True,False
SpeI,AscI,BsaI,-4,-4,-4,False,False,False,True,True,False,False,False
SpeI,AscI,BseRI,-4,-4,2,True,True,True,True,True,True,True,False
SpeI,AscI,BsgI,-4,-4,2,False,False,False,False,False,False,True,True
SpeI,AscI,BsmI,-4,-4,2,True,False,True,False,False,False,True,False
SpeI,AscI,BspMI,-4,-4,-4,False,False,True,True,True,True,True,True
SpeI,AscI,SapI,-4,-4,-3,False,False,False,False,False,True,False,False
SpeI,AvrII,BbsI,-4,-4,-4,False,False,False,False,False,False,True,False
SpeI,AvrII,BsaI,-4,-4,-4,False,False,False,True,True,False,False,False
SpeI,AvrII,BseRI,-4,-4,2,True,True,True,True,True,True,True,False
SpeI,AvrII,BsgI,-4,-4,2,False,False,False,False,False,False,True,True
SpeI,AvrII,BsmI,-4,-4,2,True,False,True,False,False,False,True,False
SpeI,AvrII,BspMI,-4,-4,-4,False,False,True,True,True,True,True,True
SpeI,AvrII,SapI,-4,-4,-3,False,False,False,False,False,True,False,False
SpeI,BclI,BbsI,-4,-4,-4,False,False,False,False,False,False,True,False
SpeI,BclI,BseRI,-4,-4,2,False,False,False,False,False,False,True,False
SpeI,BclI,BsgI,-4,-4,2,False,False,False,False,False,False,True,True
SpeI,BclI,BsmI,-4,-4,2,False,False,False,False,False,False,True,False
SpeI,BclI,BspMI,-4,-4,-4,False,False,False,False,False,False,True,True
SpeI,BglII,BbsI,-4,-4,-4,False,False,False,False,False,False,True,False
SpeI,BglII,BseRI,-4,-4,2,True,False,False,False,False,True,True,False
SpeI,BglII,BsgI,-4,-4,2,False,False,False,False,False,False,True,True
SpeI,BglII,BsmI,-4,-4,2,True,False,False,False,False,False,True,False
SpeI,BglII,BspMI,-4,-4,-4,False,False,False,False,False,True,True,True
SpeI,BglII,SapI,-4,-4,-3,False,False,False,False,False,True,False,False
SpeI,BsiWI,BbsI,-4,-4,-4,False,False,False,False,False,False,True,False
SpeI,BsiWI,BsaI,-4,-4,-4,False,False,False,True,True,False,False,False
SpeI,BsiWI,BseRI,-4,-4,2,True,False,True,True,True,True,True,False
SpeI,BsiWI,BsgI,-4,-4,2,False,False,False,False,False,False,True,True
SpeI,BsiWI,BsmI,-4,-4,2,True,False,True,False,False,False,True,False
SpeI,BsiWI,BspMI,-4,-4,-4,False,False,True,True,True,True,True,True
SpeI,BsiWI,SapI,-4,-4,-3,False,False,False,False,False,True,False,False
SpeI,BspEI,BbsI,-4,-4,-4,False,False,False,False,False,False,True,False
SpeI,BspEI,BseRI,-4,-4,2,True,False,False,False,False,True,True,False
SpeI,BspEI,BsgI,-4,-4,2,False,False,False,False,False,False,True,False
SpeI,BspEI,BsmI,-4,-4,2,True,False,False,False,False,False,True,False
SpeI,BspEI,BspMI,-4,-4,-4,False,False,False,False,False,True,True,False
SpeI,BspEI,SapI,-4,-4,-3,False,False,False,False,False,True,False,False
SpeI,BsrGI,BbsI,-4,-4,-4,False,False,False,False,False,False,True,False
SpeI,BsrGI,BsaI,-4,-4,-4,False,False,False,True,True,False,False,False
SpeI,BsrGI,BseRI,-4,-4,2,True,True,True,True,True,True,True,False
SpeI,BsrGI,BsgI,-4,-4,2,False,False,False,False,False,False,True,True
SpeI,BsrGI,BsmI,-4,-4,2,True,False,True,False,False,False,True,False
SpeI,BsrGI,BspMI,-4,-4,-4,False,False,True,True,True,True,True,True
SpeI,BsrGI,SapI,-4,-4,-3,False,False,False,False,False,True,False,False
SpeI,BssHII,BbsI,-4,-4,-4,False,False,False,False,False,False,True,False
SpeI,BssHII,BseRI,-4,-4,2,False,False,False,False,False,False,True,False
SpeI,BssHII,BsgI,-4,-4,2,False,False,False,False,False,False,True,True
SpeI,BssHII,BsmI,-4,-4,2,False,False,False,False,False,False,True,False
SpeI,BssHII,BspMI,-4,-4,-4,False,False,False,False,False,False,True,True
SpeI,EcoRI,BbsI,-4,-4,-4,False,False,False,False,False,False,True,False
SpeI,EcoRI,BsaI,-4,-4,-4,False,False,False,True,True,False,False,False
SpeI,EcoRI,BseRI,-4,-4,2,True,True,True,True,True,True,True,False
SpeI,EcoRI,BsgI,-4,-4,2,False,False,False,False,False,False,True,False
SpeI,EcoRI,BsmI,-4,-4,2,True,False,True,False,False,False,True,False
SpeI,EcoRI,BspMI,-4,-4,-4,False,False,True,True,True,True,True,False
SpeI,EcoRI,SapI,-4,-4,-3,False,False,False,False,False,True,False,False
SpeI,HindIII,BbsI,-4,-4,-4,False,False,False,False,False,False,True,False
SpeI,HindIII,BsaI,-4,-4,-4,False,False,False,True,True,False,False,False
SpeI,HindIII,BseRI,-4,-4,2,True,True,True,True,True,True,True,False
SpeI,HindIII,BsgI,-4,-4,2,False,False,False,False,False,False,True,True
SpeI,HindIII,BsmI,-4,-4,2,True,False,True,False,False,False,True,False
SpeI,HindIII,BspMI,-4,-4,-4,False,False,True,True,True,True,True,True
SpeI,HindIII,SapI,-4,-4,-3,False,False,False,False,False,True,False,False
SpeI,MluI,BbsI,-4,-4,-4,False,False,False,False,False,False,True,False
SpeI,MluI,BseRI,-4,-4,2,False,False,False,False,False,False,True,False
SpeI,MluI,BsgI,-4,-4,2,False,False,False,False,False,False,True,True
SpeI,MluI,BsmI,-4,-4,2,False,False,False,False,False,False,True,False
SpeI,MluI,BspMI,-4,-4,-4,False,False,False,False,False,False,True,True
SpeI,NcoI,BbsI,-4,-4,-4,False,False,False,False,False,False,True,False
SpeI,NcoI,BsaI,-4,-4,-4,False,False,False,False,True,False,False,False
SpeI,NcoI,BseRI,-4,-4,2,True,True,True,False,True,True,True,False
SpeI,NcoI,BsgI,-4,-4,2,False,False,False,False,False,False,True,False
SpeI,NcoI,BsmI,-4,-4,2,True,False,True,False,False,False,True,False
SpeI,NcoI,BspMI,-4,-4,-4,False,False,True,False,True,True,True,False
SpeI,NcoI,SapI,-4,-4,-3,False,False,False,False,False,True,False,False
SpeI,NheI,BbsI,-4,-4,-4,False,False,False,False,False,False,True,False
SpeI,NheI,BsaI,-4,-4,-4,False,False,False,False,True,False,False,False
SpeI,NheI,BseRI,-4,-4,2,True,True,True,False,True,False,True,False
SpeI,NheI,BsgI,-4,-4,2,False,False,False,False,False,False,True,False
SpeI,NheI,BsmI,-4,-4,2,True,False,True,False,False,False,True,False
SpeI,NheI,BspMI,-4,-4,-4,False,False,True,False,True,False,True,False
SpeI,NotI,BbsI,-4,-4,-4,False,False,False,False,False,False,True,False
SpeI,NotI,BsaI,-4,-4,-4,False,False,False,True,True,False,False,False
SpeI,NotI,BseRI,-4,-4,2,True,True,True,True,True,True,True,False
SpeI,NotI,BsgI,-4,-4,2,False,False,False,False,False,False,True,True
SpeI,NotI,BsmI,-4,-4,2,True,False,True,False,False,False,True,False
SpeI,NotI,BspMI,-4,-4,-4,False,False,True,True,True,True,True,True
SpeI,NotI,SapI,-4,-4,-3,False,False,False,False,False,True,False,False
SpeI,PacI,BbsI,-4,2,-4,False,False,False,False,False,False,True,False
SpeI,PacI,BsaI,-4,2,-4,False,False,False,True,True,False,False,False
SpeI,PacI,BseRI,-4,2,2,True,True,True,True,True,True,True,False
SpeI,PacI,BsgI,-4,2,2,False,False,False,False,False,False,True,True
SpeI,PacI,BsmI,-4,2,2,True,False,True,False,False,False,True,False
SpeI,PacI,BspMI,-4,2,-4,False,False,True,True,True,True,True,True
SpeI,PacI,SapI,-4,2,-3,False,False,False,False,False,True,False,False
SpeI,PciI,BseRI,-4,-4,2,False,False,False,False,False,True,False,False
SpeI,PciI,BspMI,-4,-4,-4,False,False,False,False,False,True,False,False
SpeI,PciI,SapI,-4,-4,-3,False,False,False,False,False,True,False,False
SpeI,PspOMI,BbsI,-4,-4,-4,False,False,False,False,False,False,True,False
SpeI,PspOMI,BseRI,-4,-4,2,False,False,False,False,False,False,True,False
SpeI,PspOMI,BsgI,-4,-4,2,False,False,False,False,False,False,True,True
SpeI,PspOMI,BsmI,-4,-4,2,False,False,False,False,False,False,True,False
SpeI,PspOMI,BspMI,-4,-4,-4,False,False,False,False,False,False,True,True
SpeI,SacII,BbsI,-4,2,-4,False,False,False,False,False,False,True,False
SpeI,SacII,BsaI,-4,2,-4,False,False,False,True,True,False,False,False
SpeI,SacII,BseRI,-4,2,2,True,True,True,True,True,True,True,False
SpeI,SacII,BsgI,-4,2,2,False,False,False,False,False,False,True,True
SpeI,SacII,BsmI,-4,2,2,True,False,True,False,False,False,True,False
SpeI,SacII,BspMI,-4,2,-4,False,False,True,True,True,True,True,True
SpeI,SacII,SapI,-4,2,-3,False,False,False,False,False,True,False,False
SpeI,SalI,BbsI,-4,-4,-4,False,False,False,False,False,False,True,False
SpeI,SalI,BsaI,-4,-4,-4,False,False,False,True,True,False,False,False
SpeI,SalI,BseRI,-4,-4,2,True,True,True,True,True,True,True,False
SpeI,SalI,BsgI,-4,-4,2,False,False,False,False,False,False,True,True
SpeI,SalI,BsmI,-4,-4,2,True,False,True,False,False,False,True,False
SpeI,SalI,BspMI,-4,-4,-4,False,False,True,True,True,True,True,True
SpeI,SalI,SapI,-4,-4,-3,False,False,False,False,False,True,False,False
SpeI,SpeI,BbsI,-4,-4,-4,False,False,False,False,False,False,True,False
SpeI,SpeI,BsaI,-4,-4,-4,False,False,False,True,True,False,False,False
SpeI,SpeI,BseRI,-4,-4,2,True,True,True,True,True,True,True,False
SpeI,SpeI,BsgI,-4,-4,2,False,False,False,False,False,False,True,True
SpeI,SpeI,BsmI,-4,-4,2,True,False,True,False,False,False,True,False
SpeI,SpeI,BspMI,-4,-4,-4,False,False,True,True,True,True,True,True
SpeI,SpeI,SapI,-4,-4,-3,False,False,False,False,False,True,False,False
SpeI,XbaI,BbsI,-4,-4,-4,False,False,False,False,False,False,True,False
SpeI,XbaI,BseRI,-4,-4,2,True,True,False,False,False,True,True,False
SpeI,XbaI,BsgI,-4,-4,2,False,False,False,False,False,False,True,False
SpeI,XbaI,BsmI,-4,-4,2,True,False,False,False,False,False,True,False
SpeI,XbaI,BspMI,-4,-4,-4,False,False,False,False,False,True,True,False
SpeI,XbaI,SapI,-4,-4,-3,False,False,False,False,False,True,False,False
SpeI,XhoI,BbsI,-4,-4,-4,False,False,False,False,False,False,True,False
SpeI,XhoI,BsaI,-4,-4,-4,False,False,False,True,True,False,False,False
SpeI,XhoI,BseRI,-4,-4,2,True,True,True,True,True,True,True,False
SpeI,XhoI,BsgI,-4,-4,2,False,False,False,False,False,False,True,False
SpeI,XhoI,BsmI,-4,-4,2,True,False,True,False,False,False,True,False
SpeI,XhoI,BspMI,-4,-4,-4,False,False,True,True,True,True,True,False
SpeI,XhoI,SapI,-4,-4,-3,False,False,False,False,False,True,False,False
XbaI,AflII,BbsI,-4,-4,-4,False,False,False,False,False,False,True,False
XbaI,AflII,BseRI,-4,-4,2,True,True,False,False,False,True,True,False
XbaI,AflII,BsgI,-4,-4,2,False,False,False,False,False,False,True,False
XbaI,AflII,BsmI,-4,-4,2,True,False,False,False,False,False,True,False
XbaI,AflII,BspMI,-4,-4,-4,False,False,False,False,False,True,True,False
XbaI,AflII,SapI,-4,-4,-3,False,False,False,False,False,True,False,False
XbaI,AgeI,BbsI,-4,-4,-4,False,False,False,False,False,False,True,False
XbaI,AgeI,BseRI,-4,-4,2,True,True,False,False,False,True,True,False
XbaI,AgeI,BsgI,-4,-4,2,False,False,False,False,False,False,True,False
XbaI,AgeI,BsmI,-4,-4,2,True,False,False,False,False,False,True,False
XbaI,AgeI,BspMI,-4,-4,-4,False,False,False,False,False,True,True,False
XbaI,AgeI,SapI,-4,-4,-3,False,False,False,False,False,True,False,False
XbaI,AscI,BbsI,-4,-4,-4,False,False,False,False,False,False,True,False
XbaI,AscI,BseRI,-4,-4,2,True,True,False,False,False,True,True,False
XbaI,AscI,BsgI,-4,-4,2,False,False,False,False,False,False,True,False
XbaI,AscI,BsmI,-4,-4,2,True,False,False,False,False,False,True,False
XbaI,AscI,BspMI,-4,-4,-4,False,False,False,False,False,True,True,False
XbaI,AscI,SapI,-4,-4,-3,False,False,False,False,False,True,False,False
XbaI,AvrII,BbsI,-4,-4,-4,False,False,False,False,False,False,True,False
XbaI,AvrII,BseRI,-4,-4,2,True,True,False,False,False,True,True,False
XbaI,AvrII,BsgI,-4,-4,2,False,False,False,False,False,False,True,False
XbaI,AvrII,BsmI,-4,-4,2,True,False,False,False,False,False,True,False
XbaI,AvrII,BspMI,-4,-4,-4,False,False,False,False,False,True,True,False
XbaI,AvrII,SapI,-4,-4,-3,False,False,False,False,False,True,False,False
XbaI,BclI,BbsI,-4,-4,-4,False,False,False,False,False,False,True,False
XbaI,BclI,BseRI,-4,-4,2,False,False,False,False,False,False,True,False
XbaI,BclI,BsgI,-4,-4,2,False,False,False,False,False,False,True,False
XbaI,BclI,BsmI,-4,-4,2,False,False,False,False,False,False,True,False
XbaI,BclI,BspMI,-4,-4,-4,False,False,False,False,False,False,True,False
XbaI,BglII,BbsI,-4,-4,-4,False,False,False,False,False,False,True,False
XbaI,BglII,BseRI,-4,-4,2,True,False,False,False,False,True,True,False
XbaI,BglII,BsgI,-4,-4,2,False,False,False,False,False,False,True,False
XbaI,BglII,BsmI,-4,-4,2,True,False,False,False,False,False,True,False
XbaI,BglII,BspMI,-4,-4,-4,False,False,False,False,False,True,True,False
XbaI,BglII,SapI,-4,-4,-3,False,False,False,False,False,True,False,False
XbaI,BsiWI,BbsI,-4,-4,-4,False,False,False,False,False,False,True,False
XbaI,BsiWI,BseRI,-4,-4,2,True,False,False,False,False,True,True,False
XbaI,BsiWI,BsgI,-4,-4,2,False,False,False,False,False,False,True,False
XbaI,BsiWI,BsmI,-4,-4,2,True,False,False,False,False,False,True,False
XbaI,BsiWI,BspMI,-4,-4,-4,False,False,False,False,False,True,True,False
XbaI,BsiWI,SapI,-4,-4,-3,False,False,False,False,False,True,False,False
XbaI,BspEI,BbsI,-4,-4,-4,False,False,False,False,False,False,True,False
XbaI,BspEI,BseRI,-4,-4,2,True,False,False,False,False,True,True,False
XbaI,BspEI,BsgI,-4,-4,2,False,False,False,False,False,False,True,False
XbaI,BspEI,BsmI,-4,-4,2,True,False,False,False,False,False,True,False
XbaI,BspEI,BspMI,-4,-4,-4,False,False,False,False,False,True,True,False
XbaI,BspEI,SapI,-4,-4,-3,False,False,False,False,False,True,False,False
XbaI,BsrGI,BbsI,-4,-4,-4,False,False,False,False,False,False,True,False
XbaI,BsrGI,BseRI,-4,-4,2,True,True,False,False,False,True,True,False
XbaI,BsrGI,BsgI,-4,-4,2,False,False,False,False,False,False,True,False
XbaI,BsrGI,BsmI,-4,-4,2,True,False,False,False,False,False,True,False
XbaI,BsrGI,BspMI,-4,-4,-4,False,False,False,False,False,True,True,False
XbaI,BsrGI,SapI,-4,-4,-3,False,False,False,False,False,True,False,False
XbaI,BssHII,BbsI,-4,-4,-4,False,False,False,False,False,False,True,False
XbaI,BssHII,BseRI,-4,-4,2,False,False,False,False,False,False,True,False
XbaI,BssHII,BsgI,-4,-4,2,False,False,False,False,False,False,True,False
XbaI,BssHII,BsmI,-4,-4,2,False,False,False,False,False,False,True,False
XbaI,BssHII,BspMI,-4,-4,-4,False,False,False,False,False,False,True,False
XbaI,EcoRI,BbsI,-4,-4,-4,False,False,False,False,False,False,True,False
XbaI,EcoRI,BseRI,-4,-4,2,True,True,False,False,False,True,True,False
XbaI,EcoRI,BsgI,-4,-4,2,False,False,False,False,False,False,True,False
XbaI,EcoRI,BsmI,-4,-4,2,True,False,False,False,False,False,True,False
XbaI,EcoRI,BspMI,-4,-4,-4,False,False,False,False,False,True,True,False
XbaI,EcoRI,SapI,-4,-4,-3,False,False,False,False,False,True,False,False
XbaI,HindIII,BbsI,-4,-4,-4,False,False,False,False,False,False,True,False
XbaI,HindIII,BseRI,-4,-4,2,True,True,False,False,False,True,True,False
XbaI,HindIII,BsgI,-4,-4,2,False,False,False,False,False,False,True,False
XbaI,HindIII,BsmI,-4,-4,2,True,False,False,False,False,False,True,False
XbaI,HindIII,BspMI,-4,-4,-4,False,False,False,False,False,True,True,False
XbaI,HindIII,SapI,-4,-4,-3,False,False,False,False,False,True,False,False
XbaI,MluI,BbsI,-4,-4,-4,False,False,False,False,False,False,True,False
XbaI,MluI,BseRI,-4,-4,2,False,False,False,False,False,False,True,False
XbaI,MluI,BsgI,-4,-4,2,False,False,False,False,False,False,True,False
XbaI,MluI,BsmI,-4,-4,2,False,False,False,False,False,False,True,False
XbaI,MluI,BspMI,-4,-4,-4,False,False,False,False,False,False,True,False
XbaI,NcoI,BbsI,-4,-4,-4,False,False,False,False,False,False,True,False
XbaI,NcoI,BseRI,-4,-4,2,True,True,False,False,False,True,True,False
XbaI,NcoI,BsgI,-4,-4,2,False,False,False,False,False,False,True,False
XbaI,NcoI,BsmI,-4,-4,2,True,False,False,False,False,False,True,False
XbaI,NcoI,BspMI,-4,-4,-4,False,False,False,False,False,True,True,False
XbaI,NcoI,SapI,-4,-4,-3,False,False,False,False,False,True,False,False
XbaI,NheI,BbsI,-4,-4,-4,False,False,False,False,False,False,True,False
XbaI,NheI,BseRI,-4,-4,2,True,True,False,False,False,False,True,False
XbaI,NheI,BsgI,-4,-4,2,False,False,False,False,False,False,True,False
XbaI,NheI,BsmI,-4,-4,2,True,False,False,False,False,False,True,False
XbaI,NheI,BspMI,-4,-4,-4,False,False,False,False,False,False,True,False
XbaI,NotI,BbsI,-4,-4,-4,False,False,False,False,False,False,True,False
XbaI,NotI,BseRI,-4,-4,2,True,True,False,False,False,True,True,False
XbaI,NotI,BsgI,-4,-4,2,False,False,False,False,False,False,True,False
XbaI,NotI,BsmI,-4,-4,2,True,False,False,False,False,False,True,False
XbaI,NotI,BspMI,-4,-4,-4,False,False,False,False,False,True,True,False
XbaI,NotI,SapI,-4,-4,-3,False,False,False,False,False,True,False,False
XbaI,PacI,BbsI,-4,2,-4,False,False,False,False,False,False,True,False
XbaI,PacI,BseRI,-4,2,2,True,True,False,False,False,True,True,False
XbaI,PacI,BsgI,-4,2,2,False,False,False,False,False,False,True,False
XbaI,PacI,BsmI,-4,2,2,True,False,False,False,False,False,True,False
XbaI,PacI,BspMI,-4,2,-4,False,False,False,False,False,True,True,False
XbaI,PacI,SapI,-4,2,-3,False,False,False,False,False,True,False,False
XbaI,PciI,BseRI,-4,-4,2,False,False,False,False,False,True,False,False
XbaI,PciI,BspMI,-4,-4,-4,False,False,False,False,False,True,False,False
XbaI,PciI,SapI,-4,-4,-3,False,False,False,False,False,True,False,False
XbaI,PspOMI,BbsI,-4,-4,-4,False,False,False,False,False,False,True,False
XbaI,PspOMI,BseRI,-4,-4,2,False,False,False,False,False,False,True,False
XbaI,PspOMI,BsgI,-4,-4,2,False,False,False,False,False,False,True,False
XbaI,PspOMI,BsmI,-4,-4,2,False,False,False,False,False,False,True,False
XbaI,PspOMI,BspMI,-4,-4,-4,False,False,False,False,False,False,True,False
XbaI,SacII,BbsI,-4,2,-4,False,False,False,False,False,False,True,False
XbaI,SacII,BseRI,-4,2,2,True,True,False,False,False,True,True,False
XbaI,SacII,BsgI,-4,2,2,False,False,False,False,False,False,True,False
XbaI,SacII,BsmI,-4,2,2,True,False,False,False,False,False,True,False
XbaI,SacII,BspMI,-4,2,-4,False,False,False,False,False,True,True,False
XbaI,SacII,SapI,-4,2,-3,False,False,False,False,False,True,False,False
XbaI,SalI,BbsI,-4,-4,-4,False,False,False,False,False,False,True,False
XbaI,SalI,BseRI,-4,-4,2,True,True,False,False,False,True,True,False
XbaI,SalI,BsgI,-4,-4,2,False,False,False,False,False,False,True,False
XbaI,SalI,BsmI,-4,-4,2,True,False,False,False,False,False,True,False
XbaI,SalI,BspMI,-4,-4,-4,False,False,False,False,False,True,True,False
XbaI,SalI,SapI,-4,-4,-3,False,False,False,False,False,True,False,False
XbaI,SpeI,BbsI,-4,-4,-4,False,False,False,False,False,False,True,False
XbaI,SpeI,BseRI,-4,-4,2,True,True,False,False,False,True,True,False
XbaI,SpeI,BsgI,-4,-4,2,False,False,False,False,False,False,True,False
XbaI,SpeI,BsmI,-4,-4,2,True,False,False,False,False,False,True,False
XbaI,SpeI,BspMI,-4,-4,-4,False,False,False,False,False,True,True,False
XbaI,SpeI,SapI,-4,-4,-3,False,False,False,False,False,True,False,False
XbaI,XbaI,BbsI,-4,-4,-4,False,False,False,False,False,False,True,False
XbaI,XbaI,BseRI,-4,-4,2,True,True,False,False,False,True,True,False
XbaI,XbaI,BsgI,-4,-4,2,False,False,False,False,False,False,True,False
XbaI,XbaI,BsmI,-4,-4,2,True,False,False,False,False,False,True,False
XbaI,XbaI,BspMI,-4,-4,-4,False,False,False,False,False,True,True,False
XbaI,XbaI,SapI,-4,-4,-3,False,False,False,False,False,True,False,False
XbaI,XhoI,BbsI,-4,-4,-4,False,False,False,False,False,False,True,False
XbaI,XhoI,BseRI,-4,-4,2,True,True,False,False,False,True,True,False
XbaI,XhoI,BsgI,-4,-4,2,False,False,False,False,False,False,True,False
XbaI,XhoI,BsmI,-4,-4,2,True,False,False,False,False,False,True,False
XbaI,XhoI,BspMI,-4,-4,-4,False,False,False,False,False,True,True,False
XbaI,XhoI,SapI,-4,-4,-3,False,False,False,False,False,True,False,False
XhoI,AflII,BbsI,-4,-4,-4,False,False,False,False,False,False,True,False
XhoI,AflII,BsaI,-4,-4,-4,False,False,False,True,True,False,False,False
XhoI,AflII,BseRI,-4,-4,2,True,True,True,True,True,True,True,False
XhoI,AflII,BsgI,-4,-4,2,False,False,False,False,False,False,True,False
XhoI,AflII,BsmI,-4,-4,2,True,False,True,False,False,False,True,False
XhoI,AflII,BspMI,-4,-4,-4,False,False,True,True,True,True,True,False
XhoI,AflII,SapI,-4,-4,-3,False,False,False,False,False,True,False,False
XhoI,AgeI,BbsI,-4,-4,-4,False,False,False,False,False,False,True,False
XhoI,AgeI,BsaI,-4,-4,-4,False,False,False,True,True,False,False,False
XhoI,AgeI,BseRI,-4,-4,2,True,True,True,True,True,True,True,False
XhoI,AgeI,BsgI,-4,-4,2,False,False,False,False,False,False,True,False
XhoI,AgeI,BsmI,-4,-4,2,True,False,True,False,False,False,True,False
XhoI,AgeI,BspMI,-4,-4,-4,False,False,True,True,True,True,True,False
XhoI,AgeI,SapI,-4,-4,-3,False,False,False,False,False,True,False,False
XhoI,AscI,BbsI,-4,-4,-4,False,False,False,False,False,False,True,False
XhoI,AscI,BsaI,-4,-4,-4,False,False,False,True,True,False,False,False
XhoI,AscI,BseRI,-4,-4,2,True,True,True,True,True,True,True,False
XhoI,AscI,BsgI,-4,-4,2,False,False,False,False,False,False,True,False
XhoI,AscI,BsmI,-4,-4,2,True,False,True,False,False,False,True,False
XhoI,AscI,BspMI,-4,-4,-4,False,False,True,True,True,True,True,False
XhoI,AscI,SapI,-4,-4,-3,False,False,False,False,False,True,False,False
XhoI,AvrII,BbsI,-4,-4,-4,False,False,False,False,False,False,True,False
XhoI,AvrII,BsaI,-4,-4,-4,False,False,False,True,True,False,False,False
XhoI,AvrII,BseRI,-4,-4,2,True,True,True,True,True,True,True,False
XhoI,AvrII,BsgI,-4,-4,2,False,False,False,False,False,False,True,False
XhoI,AvrII,BsmI,-4,-4,2,True,False,True,False,False,False,True,False
XhoI,AvrII,BspMI,-4,-4,-4,False,False,True,True,True,True,True,False
XhoI,AvrII,SapI,-4,-4,-3,False,False,False,False,False,True,False,False
XhoI,BclI,BbsI,-4,-4,-4,False,False,False,False,False,False,True,False
XhoI,BclI,BseRI,-4,-4,2,False,False,False,False,False,False,True,False
XhoI,BclI,BsgI,-4,-4,2,False,False,False,False,False,False,True,False
XhoI,BclI,BsmI,-4,-4,2,False,False,False,False,False,False,True,False
XhoI,BclI,BspMI,-4,-4,-4,False,False,False,False,False,False,True,False
XhoI,BglII,BbsI,-4,-4,-4,False,False,False,False,False,False,True,False
XhoI,BglII,BseRI,-4,-4,2,True,False,False,False,False,True,True,False
XhoI,BglII,BsgI,-4,-4,2,False,False,False,False,False,False,True,False
XhoI,BglII,BsmI,-4,-4,2,True,False,False,False,False,False,True,False
XhoI,BglII,BspMI,-4,-4,-4,False,False,False,False,False,True,True,False
XhoI,BglII,SapI,-4,-4,-3,False,False,False,False,False,True,False,False
XhoI,BsiWI,BbsI,-4,-4,-4,False,False,False,False,False,False,True,False
XhoI,BsiWI,BsaI,-4,-4,-4,False,False,False,True,True,False,False,False
XhoI,BsiWI,BseRI,-4,-4,2,True,False,True,True,True,True,True,False
XhoI,BsiWI,BsgI,-4,-4,2,False,False,False,False,False,False,True,False
XhoI,BsiWI,BsmI,-4,-4,2,True,False,True,False,False,False,True,False
XhoI,BsiWI,BspMI,-4,-4,-4,False,False,True,True,True,True,True,False
XhoI,BsiWI,SapI,-4,-4,-3,False,False,False,False,False,True,False,False
XhoI,BspEI,BbsI,-4,-4,-4,False,False,False,False,False,False,True,False
XhoI,BspEI,BseRI,-4,-4,2,True,False,False,False,False,True,True,False
XhoI,BspEI,BsgI,-4,-4,2,False,False,False,False,False,False,True,False
XhoI,BspEI,BsmI,-4,-4,2,True,False,False,False,False,False,True,False
XhoI,BspEI,BspMI,-4,-4,-4,False,False,False,False,False,True,True,False
XhoI,BspEI,SapI,-4,-4,-3,False,False,False,False,False,True,False,False
XhoI,BsrGI,BbsI,-4,-4,-4,False,False,False,False,False,False,True,False
XhoI,BsrGI,BsaI,-4,-4,-4,False,False,False,True,True,False,False,False
XhoI,BsrGI,BseRI,-4,-4,2,True,True,True,True,True,True,True,False
XhoI,BsrGI,BsgI,-4,-4,2,False,False,False,False,False,False,True,False
XhoI,BsrGI,BsmI,-4,-4,2,True,False,True,False,False,False,True,False
XhoI,BsrGI,BspMI,-4,-4,-4,False,False,True,True,True,True,True,False
XhoI,BsrGI,SapI,-4,-4,-3,False,False,False,False,False,True,False,False
XhoI,BssHII,BbsI,-4,-4,-4,False,False,False,False,False,False,True,False
XhoI,BssHII,BseRI,-4,-4,2,False,False,False,False,False,False,True,False
XhoI,BssHII,BsgI,-4,-4,2,False,False,False,False,False,False,True,False
XhoI,BssHII,BsmI,-4,-4,2,False,False,False,False,False,False,True,False
XhoI,BssHII,BspMI,-4,-4,-4,False,False,False,False,False,False,True,False
XhoI,EcoRI,BbsI,-4,-4,-4,False,False,False,False,False,False,True,False
XhoI,EcoRI,BsaI,-4,-4,-4,False,False,False,True,True,False,False,False
XhoI,EcoRI,BseRI,-4,-4,2,True,True,True,True,True,True,True,False
XhoI,EcoRI,BsgI,-4,-4,2,False,False,False,False,False,False,True,False
XhoI,EcoRI,BsmI,-4,-4,2,True,False,True,False,False,False,True,False
XhoI,EcoRI,BspMI,-4,-4,-4,False,False,True,True,True,True,True,False
XhoI,EcoRI,SapI,-4,-4,-3,False,False,False,False,False,True,False,False
XhoI,HindIII,BbsI,-4,-4,-4,False,False,False,False,False,False,True,False
XhoI,HindIII,BsaI,-4,-4,-4,False,False,False,True,True,False,False,False
XhoI,HindIII,BseRI,-4,-4,2,True,True,True,True,True,True,True,False
XhoI,HindIII,BsgI,-4,-4,2,False,False,False,False,False,False,True,False
XhoI,HindIII,BsmI,-4,-4,2,True,False,True,False,False,False,True,False
XhoI,HindIII,BspMI,-4,-4,-4,False,False,True,True,True,True,True,False
XhoI,HindIII,SapI,-4,-4,-3,False,False,False,False,False,True,False,False
XhoI,MluI,BbsI,-4,-4,-4,False,False,False,False,False,False,True,False
XhoI,MluI,BseRI,-4,-4,2,False,False,False,False,False,False,True,False
XhoI,MluI,BsgI,-4,-4,2,False,False,False,False,False,False,True,False
XhoI,MluI,BsmI,-4,-4,2,False,False,False,False,False,False,True,False
XhoI,MluI,BspMI,-4,-4,-4,False,False,False,False,False,False,True,False
XhoI,NcoI,BbsI,-4,-4,-4,False,False,False,False,False,False,True,False
XhoI,NcoI,BsaI,-4,-4,-4,False,False,False,False,True,False,False,False
XhoI,NcoI,BseRI,-4,-4,2,True,True,True,False,True,True,True,False
XhoI,NcoI,BsgI,-4,-4,2,False,False,False,False,False,False,True,False
XhoI,NcoI,BsmI,-4,-4,2,True,False,True,False,False,False,True,False
XhoI,NcoI,BspMI,-4,-4,-4,False,False,True,False,True,True,True,False
XhoI,NcoI,SapI,-4,-4,-3,False,False,False,False,False,True,False,False
XhoI,NheI,BbsI,-4,-4,-4,False,False,False,False,False,False,True,False
XhoI,NheI,BsaI,-4,-4,-4,False,False,False,False,True,False,False,False
XhoI,NheI,BseRI,-4,-4,2,True,True,True,False,True,False,True,False
XhoI,NheI,BsgI,-4,-4,2,False,False,False,False,False,False,True,False
XhoI,NheI,BsmI,-4,-4,2,True,False,True,False,False,False,True,False
XhoI,NheI,BspMI,-4,-4,-4,False,False,True,False,True,False,True,False
XhoI,NotI,BbsI,-4,-4,-4,False,False,False,False,False,False,True,False
XhoI,NotI,BsaI,-4,-4,-4,False,False,False,True,True,False,False,False
XhoI,NotI,BseRI,-4,-4,2,True,True,True,True,True,True,True,False
XhoI,NotI,BsgI,-4,-4,2,False,False,False,False,False,False,True,False
XhoI,NotI,BsmI,-4,-4,2,True,False,True,False,False,False,True,False
XhoI,NotI,BspMI,-4,-4,-4,False,False,True,True,True,True,True,False
XhoI,NotI,SapI,-4,-4,-3,False,False,False,False,False,True,False,False
XhoI,PacI,BbsI,-4,2,-4,False,False,False,False,False,False,True,False
XhoI,PacI,BsaI,-4,2,-4,False,False,False,True,True,False,False,False
XhoI,PacI,BseRI,-4,2,2,True,True,True,True,True,True,True,False
XhoI,PacI,BsgI,-4,2,2,False,False,False,False,False,False,True,False
XhoI,PacI,BsmI,-4,2,2,True,False,True,False,False,False,True,False
XhoI,PacI,BspMI,-4,2,-4,False,False,True,True,True,True,True,False
XhoI,PacI,SapI,-4,2,-3,False,False,False,False,False,True,False,False
XhoI,PciI,BseRI,-4,-4,2,False,False,False,False,False,True,False,False
XhoI,PciI,BspMI,-4,-4,-4,False,False,False,False,False,True,False,False
XhoI,PciI,SapI,-4,-4,-3,False,False,False,False,False,True,False,False
XhoI,PspOMI,BbsI,-4,-4,-4,False,False,False,False,False,False,True,False
XhoI,PspOMI,BseRI,-4,-4,2,False,False,False,False,False,False,True,False
XhoI,PspOMI,BsgI,-4,-4,2,False,False,False,False,False,False,True,False
XhoI,PspOMI,BsmI,-4,-4,2,False,False,False,False,False,False,True,False
XhoI,PspOMI,BspMI,-4,-4,-4,False,False,False,False,False,False,True,False
XhoI,SacII,BbsI,-4,2,-4,False,False,False,False,False,False,True,False
XhoI,SacII,BsaI,-4,2,-4,False,False,False,True,True,False,False,False
XhoI,SacII,BseRI,-4,2,2,True,True,True,True,True,True,True,False
XhoI,SacII,BsgI,-4,2,2,False,False,False,False,False,False,True,False
XhoI,SacII,BsmI,-4,2,2,True,False,True,False,False,False,True,False
XhoI,SacII,BspMI,-4,2,-4,False,False,True,True,True,True,True,False
XhoI,SacII,SapI,-4,2,-3,False,False,False,False,False,True,False,False
XhoI,SalI,BbsI,-4,-4,-4,False,False,False,False,False,False,True,False
XhoI,SalI,BsaI,-4,-4,-4,False,False,False,True,True,False,False,False
XhoI,SalI,BseRI,-4,-4,2,True,True,True,True,True,True,True,False
XhoI,SalI,BsgI,-4,-4,2,False,False,False,False,False,False,True,False
XhoI,SalI,BsmI,-4,-4,2,True,False,True,False,False,False,True,False
XhoI,SalI,BspMI,-4,-4,-4,False,False,True,True,True,True,True,False
XhoI,SalI,SapI,-4,-4,-3,False,False,False,False,False,True,False,False
XhoI,SpeI,BbsI,-4,-4,-4,False,False,False,False,False,False,True,False
XhoI,SpeI,BsaI,-4,-4,-4,False,False,False,True,True,False,False,False
XhoI,SpeI,BseRI,-4,-4,2,True,True,True,True,True,True,True,False
XhoI,SpeI,BsgI,-4,-4,2,False,False,False,False,False,False,True,False
XhoI,SpeI,BsmI,-4,-4,2,True,False,True,False,False,False,True,False
XhoI,SpeI,BspMI,-4,-4,-4,False,False,True,True,True,True,True,False
XhoI,SpeI,SapI,-4,-4,-3,False,False,False,False,False,True,False,False
XhoI,XbaI,BbsI,-4,-4,-4,False,False,False,False,False,False,True,False
XhoI,XbaI,BseRI,-4,-4,2,True,True,False,False,False,True,True,False
XhoI,XbaI,BsgI,-4,-4,2,False,False,False,False,False,False,True,False
XhoI,XbaI,BsmI,-4,-4,2,True,False,False,False,False,False,True,False
XhoI,XbaI,BspMI,-4,-4,-4,False,False,False,False,False,True,True,False
XhoI,XbaI,SapI,-4,-4,-3,False,False,False,False,False,True,False,False
XhoI,XhoI,BbsI,-4,-4,-4,False,False,False,False,False,False,True,False
XhoI,XhoI,BsaI,-4,-4,-4,False,False,False,True,True,False,False,False
XhoI,XhoI,BseRI,-4,-4,2,True,True,True,True,True,True,True,False
XhoI,XhoI,BsgI,-4,-4,2,False,False,False,False,False,False,True,False
XhoI,XhoI,BsmI,-4,-4,2,True,False,True,False,False,False,True,False
XhoI,XhoI,BspMI,-4,-4,-4,False,False,True,True,True,True,True,False
XhoI,XhoI,SapI,-4,-4,-3,False,False,False,False,False,True,False,False
