enzyme,prototype,organism,source,recognition_seq,methylation,supplier
,XmaIII,Acetobacter aceti ss aceti,M. Fukaya,C^GGCCG,,
,BamHI,Acetobacter aceti sub. liquefaciens,IFO 12388,GGATCC,,
,BamHI,Acetobacter aceti sub. liquefaciens,M. Van Montagu,GGATCC,,
,ClaI,Achromobacter agile,N.N. Sokolov,AT^CGAT,,
,,Azospirillum amazonense,G. Schwabe,?,,
,HinfI,Aminobacter aminovorans NCTC10684,S. Doyle,GANTC,2(6),
,M.SspLM7II,Aminobacter aminovorans NCTC10684,S. Doyle,ACCGAG,5(6),
,HinfI,Aminobacter aminovorans DMFA1,B. Chi,GANTC,2(6),
,PsiI,Arthrobacter aurescens RFL2,Fermentas G324,TTA^TAA,,B
,MboI,Aggregatibacter aphrophilus FDAARGOS_248,B. Goldberg,GATC,2(6),
,MboI,Aggregatibacter aphrophilus ATCC 33389 NCTC5906,P. Informatics,GATC,2(6),
,MboI,Aggregatibacter aphrophilus NCTC5908,S. Doyle,GATC,2(6),
,MboI,Aggregatibacter aphrophilus W10433,M.E. Holder,GATC,2(6),
,ApaLI,Alcaligenes aquamarinus 559,V.E. Repin,GTGCAC,,
,,Arthrobacter aurescens SS2-322,A. Janulaitis,CACCTGC(4/8),,B
,DrdI,Arthrobacter aurescens RFL3,V. Butkus,GACNNNN^NNGTC,,
,StuI,Acetobacter aceti IFO 3281,IFO 3281,AGG^CCT,,
,,Acetobacter aceti IFO 3281,IFO 3281,GACGT^C,2(6),BINV
,Bsp1407I,Arthrobacter aurescens,S.K. Degtyarev,T^GTACA,,
,MboI,Avibacterium avium NCTC 11297,NCTC 11297,GATC,2(6),
,BclI,Azospirillum brasilense UQ 1796,N.I. Matvienko,T^GATCA,,
,,Acinetobacter baumannii XH1056,X.T. Hua,CACRAC,5(6),
,AspDUT2V,Acinetobacter baumannii 7804,A. Perez-Oseguera,GNGCAAC,6(6),
,AbaCIII,Acinetobacter baumannii NCTC12156,S. Doyle,CTATCAV,6(6),
,,Acinetobacter baumannii NCTC13301,S. Doyle,GCAAAC,5(6),
,PvuRts1I,Acinetobacter baumannii AB900,M.D. Adams,C(11/9),,
,,Acinetobacter baumannii B8342,S. Vijaykumar,CATTAG,5(6),
,PvuRts1I,Acinetobacter baumannii,ATCC 17978,C(11/9),,
,PvuRts1I,Acinetobacter baumannii ATCC 19606,ATCC 19606,C(11/9),,
,,Acinetobacter baumannii ATCC 19606,ATCC 19606,CTATCAV,6(6),
,PvuRts1I,Acinetobacter baumannii D1279779,D. Farrugia,C(11/9),,
,PvuRts1I,Acinetobacter baumannii AB210,R. Zarrilli,C(10/9),,
,,Alphaproteobacteria bacterium isolate PB-A3_LS01-2011-a,E.G. Wilbanks,CAYGAC,5(6),
,PvuRts1I,Acinetobacter baumannii SDF,D. Vallenet,C(11/9),,
,PvuRts1I,Acinetobacter baumannii MDR-TJ,F. Gao,C(11/9),,
,PvuRts1I,Acinetobacter baumannii UMB003,D. Rasko,C(11/9),,
,,Acinetobacter baumannii UMB002,D. Rasko,YCCGSS,,
,BbvCI,Azotobacter beijerinckii Slo 54-028,V. Butkus,CCTCAGC(-5/-2),,
,XhoI,Azospirillum brasilense,ATCC 29711,C^TCGAG,,
,,Azospirillum brasilense MTCC4036,C. Singh,GRTYGACC,6(6),
,BalI,Azospirillum brasilense MTCC4039,C. Singh,TGGCCA,6(6),
,,Arthrobacter species 7M06,S.K. Degtyarev,CC^TCGAGG,,I
,AsuII,Anabaena catenula,CCAP 1403/1,TTCGAA,,
,BamHI,Anabaena catenula,CCAP 1403/1,GGATCC,,
,MstI,Anabaena catenula,CCAP 1403/1,TGCGCA,,
,HaeIII,Anabaena catenula,CCAP 1403/1,GGCC,,
,MboI,Aeromonas caviae FDAARGOS_72,H. Sichtig,GATC,2(6),
,MboI,Aeromonas caviae FDAARGOS_75,M. Bawn,GATC,2(6),
,MboI,Aeromonas caviae T25-39,Y. Shi,GATC,2(6),
,PvuRts1I,Acinetobacter calcoaceticus PHEA-2,Y. Zhan,C(11/9),,
,MboI,Aeromonas caviae R25-2,Y. Shi,GATC,2(6),
,,Acinetobacter calcoaceticus,ATCC 49823,GT^MKAC,5(6),JNQVX
,FnuDII,Acinetobacter calcoaceticus,ATCC 49823,CG^CG,1(5),J
,BspMII,Acinetobacter calcoaceticus,ATCC 49823,T^CCGGA,6(6),J
,Eco57I,Acinetobacter calcoaceticus,ATCC 49823,CTGAAG,"5(6),-5(6)",
,,Acinetobacter calcoaceticus,ATCC 49823,GACRAC,5(6),
,,Acinetobacter calcoaceticus,ATCC 49823,GGARCA,6(6),
,MstI,Acinetobacter calcoaceticus 16,S.K. Degtyarev,TGC^GCA,,IV
,BspMI,Acinetobacter calcoaceticus 36,S.K. Degtyarev,ACCTGC(4/8),,I
,EcoRII,Acinetobacter calcoaceticus 38,S.K. Degtyarev,CCWGG,,
,KpnI,Acinetobacter calcoaceticus 65,S.K. Degtyarev,G^GTACC,4(6),BINV
,,Acinetobacter calcoaceticus 65,S.K. Degtyarev,GACGCA,6(6),
,ScaI,Acinetobacter calcoaceticus 113,S.K. Degtyarev,AGT^ACT,,
,HgiCI,Acinetobacter calcoaceticus B1,S.K. Degtyarev,G^GYRCC,,IV
,HaeII,Acinetobacter calcoaceticus B2,S.K. Degtyarev,RGCGC^Y,,
,PflMI,Acinetobacter calcoaceticus B7,S.K. Degtyarev,CCANNNN^NTGG,,IV
,BsrBI,Acinetobacter calcoaceticus BS,S.K. Degtyarev,CCGCTC(-3/-3),,IV
,BamHI,Acinetobacter calcoaceticus EBF 65/65,A. Vivian,G^GATCC,,
,TseI,Anabaena cedrorum,M.M. Wijdenbosch,G^CWGC,,
,NheI,Anabaena cedrorum,M.M. Wijdenbosch,GCTAG^C,,
,,Anabaena cedrorum,M.M. Wijdenbosch,CAGCTC(7/11),,
,,Apis cerana cerana,T.T. Liu,?,?(5),
,,Arthrobacter chlorophenolicus A6,ATCC 700700D-5,AGCCAG,5(6),
,,Arthrobacter citreus,NEB 577,CCGC(-3/-1),"1(5),-2(5)",N
,,Acinetobacter calcoaceticus M4,S.K. Degtyarev,AA^CGTT,3(5),INV
,SpeI,Acinetobacter calcoaceticus N20,S.K. Degtyarev,A^CTAGT,,
,BinI,Acinetobacter calcoaceticus W2131,S.K. Degtyarev,GGATC(4/5),,I
,CfrI,Acinetobacter calcoaceticus,S.K. Degtyarev,Y^GGCCR,,I
,,Aminobacterium colombiense DSM 12261,DSM 12261,CCRGAG,5(6),
,,Azoarcus communis TSPY31,J.-H. Woo,TAGCRAB,6(6),
,AsuII,Acidiphilium cryptum 25H,K. Inagaki,TT^CGAA,,
,PflMI,Acidiphilium cryptum 25H,K. Inagaki,CCANNNN^NTGG,,
,AvaI,Anabaenopsis circularis,ATCC 27895,CYCGRG,,
,BstEII,Anabaenopsis circularis,ATCC 27895,G^GTNACC,,
,MboI,Alysiella crassa NCTC10283,S. Doyle,GATC,2(6),
,ApoI,Arthrobacter citreus 310,S.K. Degtyarev,R^AATTY,,IV
,SalI,Acidobacterium capsulatum 1371,K. Inagaki,GTCGAC,,
,SalI,Acidobacterium capsulatum 1372,K. Inagaki,GTCGAC,,
,SalI,Acidobacterium capsulatum 1373,K. Inagaki,GTCGAC,,
,SalI,Acidobacterium capsulatum 1421,K. Inagaki,GTCGAC,,
,SalI,Acidobacterium capsulatum 1422,K. Inagaki,GTCGAC,,
,Eco57I,Acinetobacter calcoaceticus SRW4,S.K. Degtyarev,CTGAAG(16/14),?(6),IN
,EcoRII,Acinetobacter calcoaceticus SRW4,S.K. Degtyarev,CCWGG,,
,PmaCI,Aeromonas caviae,P.M. Skowron,CAC^GTG,,QX
,,Anabaena cylindrica,CCAP 1403/2a,GR^CGYC,,JV
,,Anabaena cylindrica,CCAP 1403/2a,?,,
,DraIII,Alcaligenes denitrificans Ss 3-028,A. Janulaitis,CACNNN^GTG,,B
,XhoI,Aeromonas hydrophila Nile,B. Furmanek-Blaszk,CTCGAG,,
,StuI,Aeromonas hydrophila Nile,B. Furmanek-Blaszk,AGGCCT,,
,MboI,Aeromonas encheleia NCTC12917,P. Informatics,GATC,2(6),
,XhoI,Aeromonas hydrophila AH63,K. Mise,CTCGAG,,
,EcoRII,Achromobacter eurydice,ATCC 39312,CC^WGG,,
,RsaI,Acidiphilium facilis 28H,D. Dou,GT^AC,,
,PvuI,Acidocella facilis,K. Inagaki,CGAT^CG,?(5),
,PvuI,Acidiphilium species 16R,K. Inagaki,CGAT^CG,,
,NaeI,Acidiphilium facilis 24R,K. Inagaki,GCCGGC,,
,Eco47III,Alcaligenes faecalis T2774,NEB 1775,AGC^GCT,,IN
,BsiYI,Anoxybacillus flavithermus,Vivantis 24,CCNNNNN^NNGG,,V
,AvaII,Anabaena flos-aquae,CCAP 1403/13f,G^GWCC,,
,,Anabaena flos-aquae,CCAP 1403/13f,C^TTAAG,5(6),JN
,,Anabaena flos-aquae,CCAP 1403/13f,A^CRYGT,2(4),NS
,ScaI,Anabaena flos-aquae,CCAP 1403/13f,AGTACT,,
,AsuII,Anabaena flos-aquae NIVA-CYA83,K. Sivonen,TTCGAA,,
,HaeIII,Anabaena flos-aquae NIVA-CYA83,K. Sivonen,GGCC,,
,MboI,Avibacterium gallinarum NCTC11188,S. Doyle,GATC,2(6),
,,Agrobacterium gelatinovorum,IAM 12617,A^CCGGT,3(5),JNRV
,EcoRII,Arthrobacter globiformis,N.N. Sokolov,CC^WGG,,
,,Agrococcus species 25,S.K. Degtyarev,TTS^AA,5(6),I
,CauII,Aphanothece halophytica,ATCC 29534,CC^SGG,,
,AcyI,Aphanothece halophytica,ATCC 29534,GR^CGYC,,
,,Aphanothece halophytica,ATCC 29534,TTT^AAA,,
,AsuI,Alteromonas haloplanktis B1,S.K. Degtyarev,GGNCC,,
,KpnI,Alteromonas haloplanktis B8,S.K. Degtyarev,G^GTACC,,
,Eam1105I,Aeromonas hydrophila,NEB 724,GACNNN^NNGTC,2(6),NV
,MboI,Aeromonas hydrophila,NEB 724,GATC,2(6),
,SpeI,Alteromonas haloplanktis SP,S.K. Degtyarev,A^CTAGT,,IV
,SmaI,Aeromonas hydrophila,NEB 503,C^CCGGG,,
,,Aeromonas hydrophila,A.M. Kulba,?,,
,AspNIH4III,Aeromonas hydrophila FDAARGOS_78,H. Sichtig,AAGAACB,5(6),
,XhoI,Aeromonas hydrophila AH63,T. Shimada,CTCGAG,,
,MboI,Aeromonas hydrophila LP0103,K.J.C. Bureros,GATC,2(6),
,MboI,Aeromonas hydrophila NCTC8049,S. Doyle,GATC,2(6),
,,Aeromonas hydrophila RB-AH,K.G. Chan,GCYYGAC,6(6),
,MboI,Aeromonas hydrophila RB-AH,K.G. Chan,GATC,2(6),
,MboI,Aeromonas hydrophila KN-Mc-1R2,S.R. Lim,GATC,2(6),
,MboI,Aeromonas hydrophila SSU,T.E. Erova,GATC,2(6),
,,Aeromonas hydrophila YL17,Y.-L. Lim,YAAMGAG,6(6),
,,Achromobacter immobilis,ATCC 15934,?,,
,,Ascobolus immersus,J. Walter,?,?(5),
,,Ascobolus immersus,J. Walter,?,?(5),
,PstI,Anabaena inequalis,CCAP 1446/1a,CTGCAG,,
,BamHI,Anabaena inequalis,CCAP 1446/1a,GGATCC,,
,Eco47III,Aquaspirillum itersonii,NEB 443,AGC^GCT,,
,XhoII,Aquaspirillum itersonii,NEB 443,RGATCY,,
,XhoII,Aquaspirillum itersonii,ATCC 12639,RGATCY,,
,BtrI,Acinetobacter johnsonii RFL47,Fermentas G303,CACGTC(-3/-3),,B
,EcoRII,Acinetobacter johnsonii R2,S.K. Degtyarev,^CCWGG,1(5),I
,PstI,Acinetobacter johnsonii 350,E. Gospodarek,CTGCA^G,,
,,Acinetobacter junii RFL46,A. Janulaitis,(7/12)GAANNNNNNNTTGG(11/6),,B
,Acc65V,Acinetobacter junii NCTC10307,S. Doyle,GACGCA,6(6),
,Acc65V,Acinetobacter junii NCTC12153,S. Doyle,GACGCA,6(6),
,NhoI,Agrococcus lahaulensis,DSM 17612,GCWGC,,
,OliI,Aureobacterium liquefaciens,NEB 1374,CACNN^NNGTG,2(6),IN
,,Acinetobacter lwoffi BH 32.,A. Janulaitis,(10/12)GCANNNNNNTGC(12/10),,
,BamHI,Acetobacter liquefaciens,IFO 12388,G^GATCC,,
,PstI,Acetobacter liquefaciens,K. Komagata,CTGCAG,,
,BamHI,Acetobacter liquefaciens,IFO 12257,GGATCC,,
,BamHI,Acetobacter liquefaciens,IFO 12258,GGATCC,,
,PstI,Acetobacter liquefaciens AJ 2881,K. Komagata,CTGCA^G,,
,,Acinetobacter lwoffi Ks 4-8,V. Butkus,(7/12)GAACNNNNNNTCC(12/7),"3(6),-3(6)",B
,,Arthrobacter luteus,ATCC 21606,AG^CT,3(5),BCIJNOQSVX
,AluI,Arthrobacter luteus B,S.K. Degtyarev,AG^CT,1(6),I
,BinI,Acinetobacter lwoffi,NEB 402,GGATC(4/5),"3(6),-2(6)",N
,HgiAI,Acinetobacter lwoffi RFL21,A. Janulaitis,GWGCW^C,,BV
,BsmAI,Acinetobacter lwoffi RFL26,A. Janulaitis,GTCTC(1/5),"3(5),-4(6)",BV
,ApaLI,Acinetobacter lwoffi RFL44,A. Janulaitis,G^TGCAC,,BJV
,,Acinetobacter lwoffii RFL45,A. Janulaitis,GAAAYNNNNNRTG,,
,XhoI,Acinetobacter lwoffii RFL45,A. Janulaitis,CTCGAG,,
,,Acinetobacter lwoffi,NEB 419,CAGNNN^CTG,,N
,BbvI,Acinetobacter lwoffi X,NEB 413,GCAGC(8/12),,
,AvaI,Alteromonas macleodii 87,S.K. Degtyarev,C^YCGRG,,IV
,,Arthrospira maxima CS-328,D.A. Bryant,GCTCCA(11/9),?(6),
,NruI,Actinomadura madurae,ATCC 15904,TCGCGA,,
,ApaLI,Aquaspirillum metamorphum,ATCC 15280,GTGCAC,,
,NaeI,Aquaspirillum metamorphum,ATCC 15280,GCCGGC,,
,,Anacystis nidulans,PCC 6301,?,,
,NaeI,Arthrobacter nicotianae,ATCC 15236,GCCGGC,,
,,Anacystis nidulans R2,L. Sherman,?,,
,SauI,Anabaena species,CCAP 1403/9,CC^TNAGG,,
,SduI,Anabaena species,CCAP 1403/9,GDGCH^C,,
,,Actinomyces odontolyticus subsp. actinosynbacter XH001,F. Dewhirst,GATCNAC,6(6),
,EcoRII,Acetobacter aceti sub. orleanensis,NCIB 8622,CC^WGG,,
,BspMII,Acidiphilium organovorum 13H,K. Inagaki,T^CCGGA,,V
,Eco47III,Acidiphilium organovorum 51H,Takara,AGC^GCT,,
,MstI,Anabaena oscillarioides,CCAP 1403/11,TGC^GCA,,
,AcyI,Anabaena oscillarioides,CCAP 1403/11,GR^CGYC,,
,SacII,Anabaena oscillarioides,CCAP 1403/11,CCGCGG,,
,,Arthrobacter oxydans 25K,S.K. Degtyarev,^GGCC,,
,,Acetobacter pasteurianus sub. pasteurianus,NCIB 7215,GGGCC^C,4(5),BIJNQVX
,,Acetobacter pasteurianus B,J. Grones,GCANNNNN^TGC,,
,BamHI,Acetobacter pasteurianus C,J. Grones,G^GATCC,,
,,Acetobacter pasteurianus D,J. Grones,?,,
,,Acetobacter pasteurianus,IFO 13753,G^TGCAC,4(5),CNV
,EcoRII,Acetobacter pasteurianus,IFO 13752,CC^WGG,,
,,Aphanizomenon species 202,K. Sivonen,?,,
,MstI,Aphanizomenon species TR183,K. Sivonen,TGCGCA,,
,MluI,Achromobacter pestifer,ATCC 15445,ACGCGT,,
,NaeI,Aquaspirillum peregrinum,ATCC 15387,GCCGGC,,
,TseI,Aeropyrum pernix K1,ATCC 700893,G^CWGC,2(5),N
,MboI,Aggregatibacter aphrophilus NCTC11096,S. Doyle,GATC,2(6),
,PstI,Arthrobacter picolinophilus,CAMB 2604,CTGCA^G,,
,PstI,Arthrospira platensis NIES-39,T. Fujisawa,CTGCA^G,4(5),
,MboI,Actinobacillus pleuropneumoniae NCTC10976,P. Informatics,GATC,2(6),
,,Arthrobacter protophormiae,NEB 723,R^AATTY,3(6),NV
,NaeI,Actinosynnema pretiosum,ATCC 31281,GCCGGC,,
,AsuI,Alteromonas putrefaciens,M. Sargent,GGNCC,,
,ClaI,Aeromonas punctata 16,S.K. Degtyarev,ATCGAT,,
,EcoRII,Arthrobacter pyridinolis,ATCC 49829,CC^WGG,,
,,Arcanobacterium pyogenes,S.J. Billington,ATCGAC(20/18),?(6),
,AvaI,Agmenellum quadruplicatum PR-6,PCC 7002,C^YCGRG,1(5),
,,Agmenellum quadruplicatum PR-6,PCC 7002,GCCGNAC(20/18),6(6),
,BseRI,Agmenellum quadruplicatum PR-6,PCC 7002,GAGGAG(20/18),5(6),
,,Agmenellum quadruplicatum PR-6,PCC 7002,GRGGAAG(19/17),6(6),
,MboI,Agmenellum quadruplicatum PR-6,PCC 7002,GATC,2(6),
,MboI,Aeromonas rivipollensis KN-Mc-11N1,S.R. Lim,GATC,2(6),
,,Arthrobacter species NTS,S.K. Degtyarev,(8/13)GACNNNNNNTTYG(11/6),,I
,MboI,Aeromonas salmonicida NCTC10402,S. Doyle,GATC,2(6),
,,Arthrobacter species,NEB 688,GG^CGCGCC,?(5),N
,VspI,Aquaspirillum serpens,NEB 448,AT^TAAT,?(6),JNV
,CauII,Aquaspirillum serpens,NEB 448,CC^SGG,,
,BamHI,Azotobacter species,N.N. Sokolov,G^GATCC,,
,MboI,Arthrobacter species strain Ck256,V.E. Repin,G^ATC,,
,AvaIII,Arthrobacter species Mn372,V.E. Repin,ATGCA^T,,
,AgeI,Arthrobacter species A7359,S.K. Degtyarev,A^CCGGT,,
,AgeI,Arthrobacter species G,S.K. Degtyarev,A^CCGGT,,IV
,SgfI,Arthrobacter species S,S.K. Degtyarev,GCGAT^CGC,2(5),IN
,,Actinomyces slackii NCTC11923,P. Informatics,GGGABCC,4(6),
,VspI,Arthrobacter species strain N-CM,C. Kessler,AT^TAAT,,
,Tth111I,Achromobacter species 699,U. Mayr,GACN^NNGTC,,
,CauII,Arthrobacter species RFL1,A. Janulaitis,CCSGG,,
,,Aeromonas species,A.M. Kulba,?,,
,ClaI,Anabaena species 14,K. Sivonen,ATCGAT,,
,XhoI,Acidiphilium species 15,K. Inagaki,CTCGAG,,
,XhoII,Acidiphilium species 17,K. Inagaki,RGATCY,,
,XhoII,Acidiphilium species 22,K. Inagaki,RGATCY,,
,,Aeromonas species strain 28,A.M. Kulba,?,,
,PstI,Alcaligenes species RFL36,A. Janulaitis,CTGCAG,,
,ClaI,Anabaena species 37,K. Sivonen,ATCGAT,,
,XhoI,Alcaligenes species 47,C. Kessler,CTCGAG,,
,HindIII,Alcaligenes species 52,C. Kessler,AAGCTT,,
,,Anabaena species 54,K. Sivonen,?,,
,StuI,Alcaligenes species 78,C. Kessler,AGGCCT,,
,ClaI,Anabaena species 86,K. Sivonen,ATCGAT,,
,,Anabaena species 86,K. Sivonen,?,,
,AflIII,Anabaena species 90,K. Sivonen,ACRYGT,,
,,Anabaena species 90,K. Sivonen,?,,
,,Amycolatopsis species BJA-103,X. Ke,CGRAGGC,4(6),
,ClaI,Anabaena species 123,K. Sivonen,ATCGAT,,
,,Anabaena species 123,K. Sivonen,?,,
,ClaI,Anabaena species 130,K. Sivonen,ATCGAT,,
,MboI,Alteromonas sp. ALT199,B. Pedler,GATC,2(6),
,,Actinomyces species oral taxon 171 str. F0337,G. Weinstock,CARABGG,4(6),
,MboI,Aggregatibacter species oral taxon 513 W11186,C.D. Johnston,GATC,2(6),
,AvaII,Achromobacter species 697,C. Kessler,GGWCC,,
,XmnI,Achromobacter species 700,C. Kessler,GAANN^NNTTC,,
,XhoI,Achromobacter species 703,C. Kessler,CTCGAG,,
,ClaI,Achromobacter species 707,C. Kessler,ATCGAT,,
,PstI,Achromobacter species 708,C. Kessler,CTGCAG,,
,PstI,Achromobacter species 713,U. Mayr,CTGCA^G,,
,KpnI,Achromobacter species 718,DSM 2969,G^GTACC,,S
,HaeIII,Achromobacter species 742,C. Kessler,GGCC,,
,AvaII,Achromobacter species 745,U. Mayr,G^GWCC,,
,HpaII,Achromobacter species 748,C. Kessler,CCGG,,
,ScaI,Achromobacter species 763,C. Kessler,AGTACT,,
,HindIII,Alcaligenes species 3065,U. Mayr,AAGCTT,,
,BstEII,Alcaligenes species,N.L. Brown,G^GTNACC,,
,AvrII,Arthrobacter species A2,S.K. Degtyarev,C^CTAGG,,IV
,,Anabaena species 202A1,K. Sivonen,?,,
,,Anabaena species 202A135I,K. Sivonen,?,,
,,Acidithiobacillus species AMD consortium,J. Chen,ACCCAC,5(6),
,AvaI,Anabaena species,ATCC 29151,CYCGRG,,
,AvaII,Anabaena species,ATCC 29151,GGWCC,,
,,Azoarcus species BH72,A. Krause,YSCNS(8/12),,
,PpuMI,Azoarcus species BH72,A. Krause,RG^GWCCY,,
,NgoAVII,Acinetobacter species 1690,NEB 1318,GCCGC,?(5),
,AvaI,Anabaena species,ATCC 27898,CYCGRG,,
,AvaII,Anabaena species,ATCC 27898,GGWCC,,
,,Acinetobacter species DUT-2,H. Zhou,GNGCAAC,6(6),
,Eam1105I,Aureobacterium species,K. Kaluza,GACNNN^NNGTC,,V
,HgiAI,Achromobacter species H,U. Mayr,GWGCW^C,,
,XhoII,Acidiphilium species 1H,K. Inagaki,RGATCY,,
,EcoRII,Acidiphilium species 2H,K. Inagaki,CCWGG,,
,SphI,Acidiphilium species 5H,K. Inagaki,GCATGC,,
,XhoII,Acidiphilium species 6H,K. Inagaki,RGATCY,,
,XhoII,Acidiphilium species 8H,K. Inagaki,RGATCY,,
,AsuII,Acidiphilium species 10H,K. Inagaki,TT^CGAA,,
,PflMI,Acidiphilium species 10H,K. Inagaki,CCANNNN^NTGG,,
,XhoII,Acidiphilium species 14H,K. Inagaki,RGATCY,,
,RsaI,Acidiphilium species 16H,K. Inagaki,GTAC,,
,RsaI,Acidiphilium species 17H,K. Inagaki,GTAC,,
,RsaI,Acidiphilium species 18H,K. Inagaki,GTAC,,
,XhoII,Acidiphilium species 21H,K. Inagaki,RGATCY,,
,BsmI,Acidiphilium species 26H,K. Inagaki,GAATGC(1/-1),,
,BsmI,Acidiphilium species 27H,K. Inagaki,GAATGC(1/-1),,
,RsaI,Acidiphilium species 29H,K. Inagaki,GTAC,,
,SacII,Acidiphilium species 32H,K. Inagaki,CCGCGG,,
,BsmI,Acidiphilium species 35H,K. Inagaki,GAATGC(1/-1),,
,BsmI,Acidiphilium species 36H,K. Inagaki,GAATGC(1/-1),,
,BsmI,Acidiphilium species 40H,K. Inagaki,GAATGC(1/-1),,
,BsmI,Acidiphilium species 50H,K. Inagaki,GAATGC(1/-1),,
,AatII,Alcaligenes species J-482,J.-T. Lee,GACGTC,,
,,Acidovorax sp. JHL-3,E. Roden,CGCCCAG,6(6),
,HhaI,Arthrobacter species LE3860,S.K. Degtyarev,GCG^C,,IV
,StuI,Acinetobacter species M,N.I. Matvienko,AGG^CCT,,
,MboI,Alcaligenes species MD1,H.X. Chiura,^GATC,,
,NlaIV,Anabaena species J3,U. Mayr,GGN^NCC,,
,,Aeromonas species ASNIH4,J.A. Segre,AAGAACB,5(6),
,MboI,Aeromonas species ASNIH3,J.A. Segre,GATC,2(6),
,MboI,Aeromonas species ASNIH4,J.A. Segre,GATC,2(6),
,MboI,Aeromonas species ASNIH7,J.A. Segre,GATC,2(6),
,HinfI,Agrobacterium species RAC06,K.R. Fixen,GANTC,2(6),
,AsuI,Arthrobacter species S9,S.K. Degtyarev,G^GNCC,4(5),IV
,,Acetobacter species SLV-7,C.O. Jeon,GTCTCA,6(6),
,PstI,Anabaena species TA 1,C.P. Wolk,CTGCAG,,
,BamHI,Anabaena species TA 1,C.P. Wolk,GGATCC,,
,HaeIII,Anabaena species TA 1,C.P. Wolk,GGCC,,
,NhoI,Arthrobacter species TB 23,M. Fondi,GCWGC,,
,,Actinomyces species pika_114,X.-l. Meng,AGCABCC,4(6),
,ScaI,Arthrobacter species,P. Babu,AGT^ACT,,
,AcyI,Anabaena species,ATCC 29208,GR^CGYC,,
,,Anabaena subcylindrica,CCAP 1403/4b,G^GNCC,,
,,Anabaena subcylindrica,CCAP 1403/4b,TT^CGAA,,CV
,AcyI,Anabaena subcylindrica,CCAP 1403/4b,GR^CGYC,,
,S.Asu14238II,Aequorivita sublithincola,DSM 14238,GCCNNNNNNTCC,2(4),
,,Aequorivita sublithincola,DSM 14238,CGTRAC,5(6),
,CauII,Actinobacillus suis C2,S.K. Degtyarev,CC^SGG,,I
,HphI,Actinobacillus suis HP,S.K. Degtyarev,GGTGA(8/7),,IV
,MboI,Actinobacillus suis MB,S.K. Degtyarev,GATC,,
,NheI,Actinobacillus suis NH,S.K. Degtyarev,G^CTAGC,,IV
,SauI,Actinobacillus suis SA,S.K. Degtyarev,CCTNAGG,,
,NcoI,Actinoplanes teochomyceticus,Glaxo 2523C,CCATGG,,
,,Anaerococcus tetradius,ATCC 35098,GGGRAG,?(6),
,,Arabidopsis thaliana,A. Graessmann,?,?(5),
,,Arabidopsis thaliana,A. Graessmann,?,?(5),
,,Arabidopsis thaliana,A. Graessmann,?,?(5),
,,Arabidopsis thaliana,A. Graessmann,?,?(5),
,,Arabidopsis thaliana,A. Graessmann,?,?(5),
,,Arabidopsis thaliana,A. Graessmann,?,?(5),
,,Arabidopsis thaliana,A. Graessmann,?,?(5),
,,Arabidopsis thaliana,A. Graessmann,?,?(5),
,Tth111I,Aureobacterium testaceum 4842,S.K. Degtyarev,GACN^NNGTC,,
,EcoRII,Agrobacterium tumefaciens ID 135,C.I. Kado,CCWGG,,
,EcoRII,Agrobacterium tumefaciens RFL1,A. Janulaitis,CCWGG,,
,BamHI,Agrobacterium tumefaciens RFL1,A. Janulaitis,GGATCC,,
,HinfI,Agrobacterium tumefaciens NCTC13543,S. Doyle,GANTC,2(6),
,,Agrobacterium tumefaciens,ATCC 15955,?,,
,EcoRII,Agrobacterium tumefaciens B6806,E. Nester,CCWGG,,
,,Agrobacterium tumefaciens IIBV7,G. Roizes,?,,
,HinfI,Agrobacterium tumefaciens str. C58,E. Nester,GANTC,2(6),
,,Agrobacterium tumefaciens,IAM B-26-1,?,,
,BclI,"Agrobacterium tumefaciens, Nester",E. Nester,TGATCA,,
,,Anabaena variabilis ATCC 27893,ATCC 27893,C^YCGRG,1(4),JNQVX
,,Anabaena variabilis ATCC 27893,ATCC 27893,G^GWCC,4(5),JNVX
,,Anabaena variabilis ATCC 27893,ATCC 27893,ATGCAT,5(6),
,CfrI,Anabaena variabilis CALU 458,M.I. Mendzhul,YGGCCR,,
,AsuI,Actinomyces violaceoniger cristalomycini,A.J. Podhajska,G^GNCC,,
,AsuII,Anabaena variabilis (halle),CCAP 1403/12,TTCGAA,,
,MstI,Anabaena variabilis (halle),CCAP 1403/12,TGC^GCA,,V
,,Aerococcus viridans FDAARGOS_249,B. Goldberg,CTGCA,"?(6),-4(6)",
,NspI,Anoxybacillus voinovskiensi,Vivantis 224,RCATG^Y,,
,MboI,Avibacterium volantium NCTC3438,P. Informatics,GATC,2(6),
,AvaI,Anabaena variabilis uw,E.C. Rosenvold,CYCGRG,,
,,Anabaena variabilis uw,E.C. Rosenvold,C^CTAGG,,NVX
,HaeIII,Arthrobacter variabilis,M.M. Wijdenbosch,GGCC,,
,AvrII,Arthrobacter variabilis,M.M. Wijdenbosch,C^CTAGG,,
,,Acetobacterium woodii DSM 1030,DSM 1030,GCCRAG,5(6),
,SauI,Acetobacter xylinus,IFO 3288,CC^TNAGG,,J
,HinfI,Brucella abortus strain 2308,L. Shapiro,GANTC,2(6),
,HinfI,Brucella abortus NCTC624,S. Doyle,GANTC,2(6),
,HinfI,Brucella abortus NCTC1478,S. Doyle,GANTC,2(6),
,HinfI,Brucella abortus NCTC3605,S. Doyle,GANTC,2(6),
,HinfI,Brucella abortus NCTC7471,S. Doyle,GANTC,2(6),
,HinfI,Brucella abortus NCTC8038,S. Doyle,GANTC,2(6),
,HinfI,Brucella abortus NCTC10093,S. Doyle,GANTC,2(6),
,SacII,Bacillus acidocaldarius,ATCC 27009,CCGCGG,,
,AsuI,Bacillus alcalophilus 36,M.V. Jones,G^GNCC,,
,SacII,Bacillus acidocaldarius 465,U. Mayr,CCGCGG,,
,XhoI,Bifidobacterium adolescentis LVA1,G.N. Gabrichevsky,CTCGAG,,
,,Bacillus sphaericus,NEB 659,(10/15)ACNNNNGTAYC(12/7),"1(6),-4(6)",N
,BseSI,Bacillus aestuarii GG790,NEB 1902,GKGCM^C,6(5),N
,,Bryobacter aggregatus MPL3,DSM 18758,CCCGAG,5(6),
,,Brevibacterium albidum,ATCC 15831,TGG^CCA,?(4),JQVX
,AsuI,Bacillus alcalophilus 228,U. Mayr,G^GNCC,,
,HaeIII,Bacillus alvei 475,U. Mayr,GGCC,,
,HaeIII,Bacillus alvei 3006,U. Mayr,GGCC,,
,BamHI,Bacillus amyloliquefaciens F,ATCC 23350,GGATCC,,
,PvuII,Bacillus acetylicum KSG,Vivantis 52,CAG^CTG,,
,,Bacillus amyloliquefaciens H,ATCC 49763,G^GATCC,5(4),BCIJNOQRSVX
,BamHI,Bacillus amyloliquefaciens H,ATCC 49763,GGATCC,,
,BamHI,Bacillus amyloliquefaciens K,T. Kaneko,GGATCC,,
,BamHI,Bacillus amyloliquefaciens N,T. Ando,GGATCC,,
,AvaII,Bacillus amyloliquefaciens N,T. Ando,G^GWCC,,
,HgiCI,Bacillus aneurinolyticus,IAM 1077,G^GYRCC,5(5),NV
,HgiJII,Bacillus aneurinolyticus,IAM 1077,GRGCY^C,4(5),NVX
,ClaI,Bacillus aneurinolyticus,IAM 1077,AT^CGAT,,
,PcaII,Bifidobacterium animalis subsp. animalis CNCM I-4602,CNCM I-4602,GACGAG,5(6),
,HaeIII,Bacillus anthracis,J.M. Chies,GG^CC,,
,,Bifidobacterium animalis subsp. lactis CNCM I-2494,CNCM I-2494,RTCAGG,4(6),
,,Bacillus sphaericus Bar,S.K. Degtyarev,(7/12)GAAGNNNNNNTAC(12/7),,I
,PflMI,Bacillus species,V. Nagaraja,CCANNNN^NTGG,,
,BsiI,Bacillus aquaemaris RFL1,Fermentas G268,CACGAG(-5/-1),,B
,,Brevibacterium aurantiacum SMQ-1417,S. Levesque,GTTCAG,5(6),
,SurP32aII,Brevibacterium aurantiacum SMQ-1419,S. Levesque,ACRGAG,5(6),
,PvuII,Bacillus alvei,ATCC 6348,CAG^CTG,,
,PvuII,Bacillus alvei A,N.N. Sokolov,CAG^CTG,,
,AsuI,Bacillus alvei A,N.N. Sokolov,G^GNCC,,
,PvuII,Bacillus alvei B,N.N. Sokolov,CAG^CTG,,
,AsuI,Bacillus alvei B,N.N. Sokolov,G^GNCC,,
,ClaI,Bacillus alvei C,N.N. Sokolov,AT^CGAT,,
,ClaI,Bacillus azotoformans,ATCC 29788,ATCGAT,,
,,Bacillus badius 1458,MTCC 1458,?,,
,BetI,Bacillus badius BKPM B-6616,S.K. Degtyarev,WCCGGW,,
,NarI,Bifidobacterium breve YIT4006,H. Takahashi,GGCGC^C,,
,,Bifidobacterium breve YIT4006,H. Takahashi,?,,
,NarI,Bifidobacterium breve S50,ATCC 15698,GGCGCC,,
,,Bifidobacterium breve S50,ATCC 15698,?,,
,,Bifidobacterium breve S1,ATCC 15700,?,,
,XhoI,Bifidobacterium bifidum LVA3,G.N. Gabrichevsky,CTCGAG,,
,BspMII,Bifidobacterium bifidum 7411,G.N. Gabrichevsky,TCCGGA,,
,PstI,Bifidobacterium bifidum YIT4007,T. Khosaka,CTGCAG,,
,AcyI,Bifidobacterium bifidum YIT4007,T. Khosaka,GR^CGYC,,
,XhoI,Bifidobacterium bifidum YIT4007,T. Khosaka,CTCGAG,,
,,Bifidobacterium bifidum YIT4007,T. Khosaka,?,,
,MluI,Bifidobacterium bifidum S-24,T. Kanematsu,A^CGCGT,,
,PvuRts1I,Bifidobacterium bifidum,NCIMB 41171,C(10/9),,
,,Brevibacillus borstelensis,NEB 1047,?,,
,HindIII,Bordetella bronchiseptica 4994,T.I. Tikchonenko,A^AGCTT,,
,MboI,Bifidobacterium breve NRBB02,D. van Sinderen,GATC,2(6),
,BbvII,Bacillus brevis 7,V.E. Repin,GAAGAC(2/6),,
,XhoII,Bifidobacterium breve NRBB09,D. van Sinderen,RGATCY,3(6),
,Bbr7017III,Bifidobacterium breve NRBB11,D. van Sinderen,GGRCAG,5(6),
,Bbr52II,Bifidobacterium breve NRBB51,D. van Sinderen,GGCGAG,5(6),
,XhoII,Bifidobacterium breve NRBB52,D. van Sinderen,RGATCY,3(6),
,,Bifidobacterium breve NRBB52,D. van Sinderen,GGCGAG,5(6),
,BloAII,Bifidobacterium breve NRBB57,F. Bottacini,GAGGAC,5(6),
,,Bifidobacterium breve NRBB57,F. Bottacini,GTRAAYG,5(6),
,Bbr52II,Bifidobacterium breve BB215W447A,D. van Sinderen,GGCGAG,5(6),
,BloAII,Bifidobacterium breve BB215W447A,D. van Sinderen,GAGGAC,5(6),
,,Bifidobacterium breve JCM 7017,D. van Sinderen,CGGGAG,5(6),
,,Bifidobacterium breve JCM 7017,D. van Sinderen,GGRCAG,5(6),
,HindIII,Bordetella bronchiseptica,ATCC 19395,AAGCTT,,
,PmaCI,Bacillus brevis,U. Mayr,CAC^GTG,,V
,NarI,Bifidobacterium breve UCC2003,D. van Sinderen,GGCGCC,3(5),
,SalI,Bifidobacterium breve UCC2003,D. van Sinderen,GTCGAC,?(5),
,PstI,Bifidobacterium breve UCC2003,D. van Sinderen,CTGCAG,5(6),
,BbvII,Bacillus brevis,NEB 573,GAAGAC(2/6),,NV
,HhaI,Bacillus bataviensis,Vivantis 384,G^CGC,,
,SphI,Bacillus circulans,J. Davies,GCATG^C,,
,EcoRII,Borrelia burgdorferi 297,R.C. Johnson,CCWGG,?(5),
,,Borrelia burgdorferi B31,ATCC 35210,GNAAYG,4(6),
,,Borrelia burgdorferi B31,ATCC 35210,CGRKA,5(6),
,BbuB31II,Borreliella burgdorferi B31_NRZ,G. Margos,CGRKA,5(6),
,,Bacillus brevis,ATCC 9999,GCAGC(8/12),"2(5),-2(5)",N
,,Bacillus brevis 80,V.M. Kramarov,GAAGAC(2/6),,
,HgiAI,Bacillus brevis 12,S.K. Degtyarev,GWGCW^C,,IV
,BbvII,Bacillus brevis 16,S.K. Degtyarev,GAAGAC(2/6),,
,XmnI,Bacillus brevis A,N.N. Sokolov,GAANN^NNTTC,,
,ClaI,Bacillus brevis A,N.N. Sokolov,AT^CGAT,,
,BspMII,Bacillus brevis A,N.N. Sokolov,T^CCGGA,,
,HgiCI,Bacillus brevis B,N.N. Sokolov,G^GYRCC,,
,,Bacillus brevis,NEB 1030,CCTCAGC(-5/-2),?(5),N
,TseI,Bacillus brevis S,A.P. Zarubina,GCWGC,2(5),
,HhaI,Branhamella catarrhalis,ATCC 25240,GCGC,,
,BetI,Bacillus caldolyticus,Promega 77,W^CCGGW,,
,HinfI,Brucella canis FDAARGOS_420,T. Minogue,GANTC,2(6),
,BamHI,Bacillus caldotenax 1259,U. Mayr,GGATCC,,
,,Bacteroides caccae,NEB 669,CCATC(4/5),3(6),N
,MwoI,Bacillus cereus B4,S.K. Degtyarev,GCNNNNN^NNGC,,
,AsuI,Bacillus cereus 22,S.K. Degtyarev,G^GNCC,,
,HaeIII,Bacillus cereus 71,S.Y. Ye,GGCC,,
,,Bacillus cereus 83,N.I. Matvienko,CTTGAG(16/14),,
,BisI,Bacillus cereus 95/8201,T.D. Read,GCNGC,,
,PstI,Bacillus cereus,T. Ando,CTGCAG,,
,MboI,Bacillus cereus,IOC 243,^GATC,,
,BamHI,Bacillus cereus 751,N.I. Matvienko,G^GATCC,,
,,Bacillus cereus,IAM 1229,?,,
,MwoI,Bacillus cereus RFL1247,A. Janulaitis,GCNNNNNNNGC,,
,BisI,Bacillus cereus AH1273,T.D. Read,GCNGC,,
,,Bacillus cereus H3081.97,R.J. Dodson,TAGGAG,5(6),
,,Burkholderia cepacia NCTC10661,S. Doyle,TATCNAG,6(6),
,TseI,Bacillus cereus ATCC 14579,ATCC 14579,GCWGC,?(5),
,FnuDII,Bacillus cereus,ATCC 31293,CGCG,,
,BcefI,Bacillus cereus 1315,NEB 1288,ACGGC(12/14),?(4),N
,FnuDII,Bacillus cereus 1323,NEB 1289,CG^CG,,
,MwoI,Bacillus cereus 1195,NEB 1290,GCNNNNN^NNGC,,
,BclI,Bacillus cereus 2323,NEB 1401,TGATCA,,
,M.BceJI,Burkholderia cenocepacia J2315,BCCM LMG 16656,CACAG,4(6),
,BisI,Bacillus cereus LCT-BC244,D. Li,GCNGC,,
,FnuDII,Bacillus cereus Rf sm st,T. Ando,CGCG,,
,M.BceSI,Bacillus cereus ATCC 10987,ATCC 10987,CGAAG(27/29),4(6),
,AvaII,Bacillus cereus ATCC 10987,ATCC 10987,GGWCC,5(5),
,BcefI,Bacillus cereus ATCC 10987,ATCC 10987,ACGGC(12/14),"2(4),-2(4)",
,BbvI,Bacillus cereus ATCC 10987,ATCC 10987,(7/5)GCAGC(9/11),"2(5),-2(5)",
,HaeIII,Bacillus cereus ATCC 10987,ATCC 10987,"GGCC,GCNGC,CCGG,GGNCC",?(5),
,BisI,Bacillus cereus VD078,M. Feldgarden,GCNGC,,
,,Bacillus cereus sub. fluorescens,P. Venetianer,ACGGC(12/13),,
,,Bacillus coagulans,NEB 566,(10/12)CGANNNNNNTGC(12/10),"3(6),-3(6)",N
,BbvI,Bacillus chitinosporus,NEB 955,GCAGC,?(5),
,ClaI,Bacillus circulans 29,V.E. Repin,AT^CGAT,,
,EcoRI,Bacillus circulans 528,S.-R. Ra,G^AATTC,,
,,Bacillus circulans A,N.N. Sokolov,?,,
,ClaI,Bacillus circulans B,N.N. Sokolov,AT^CGAT,,
,EcoRII,Bacillus circulans B,N.N. Sokolov,CC^WGG,,
,EcoRII,Bacillus circulans,Takara T130,CC^WGG,,
,,Bacillus circulans,NEB 1000,GTATCC(6/5),,N
,,Bacillus caldolyticus,A. Atkinson,T^GATCA,3(6),BCJNORSV
,ClaI,Bacillus species,N.V. Tsvetkova,AT^CGAT,,
,CauII,Bacillus centrosporus RFL1,A. Janulaitis,CC^SGG,2(4),B
,AvaI,Bacillus coagulans SM 1,P.C. Shaw,C^YCGRG,,
,Ksp632I,Bacillus coagulans 5,V.E. Repin,CTCTTC(1/4),,
,MstI,Bacillus coagulans 6,V.E. Repin,TGCGCA,,
,HpaII,Bacillus coagulans 27,V.E. Repin,C^CGG,,
,HaeIII,Bacillus coagulans RFL33,A. Janulaitis,GGCC,,
,GsuI,Bacillus coagulans RFL35,A. Janulaitis,CTGGAG,,
,BsaBI,Bacillus coagulans 63,V.E. Repin,GATNNNNATC,,
,ClaI,Bacillus coagulans 79,V.E. Repin,ATCGAT,,
,BclI,Bacillus coagulans 102,V.E. Repin,TGATCA,,
,BbvII,Bacillus coagulans 102,V.E. Repin,GAAGAC,,
,Ksp632I,Bacillus coagulans 116,V.E. Repin,CTCTTC(1/4),,
,Cfr10I,Bacillus coagulans 118,V.E. Repin,R^CCGGY,,
,SfeI,Bacillus coagulans 163,V.E. Repin,CTRYAG,,
,BsaBI,Bacillus coagulans 631,V.E. Repin,GATNNNNATC,,
,BamHI,Bacillus coagulans,NCIB 10278,GGATCC,,
,,Blautia coccoides NCTC11035,S. Doyle,GAAGCY,3(6),
,PmaCI,Bacillus coagulans AUCM B-732,N.N. Sokolov,CAC^GTG,,
,BsmAI,Bacteroides coprocola DSM 17136,DSM 17136,GTCTC(1/5),?(5),N
,Ksp632I,Bacillus coagulans,N.I. Matvienko,CTCTTC(1/4),-2(6),
,Ksp632I,Bacillus coagulans S,V.E. Repin,CTCTTC,,
,NlaIV,Bacillus cereus,NEB 442,GGNNCC,,
,Ksp632I,Bacillus cremoris,A. Piekarowicz,CTCTTC,,
,BcefI,Bacillus cereus,FZ 852,ACGGC,,
,SpeI,Bacillus coagulans Vs 29-022,A. Janulaitis,A^CTAGT,,B
,AvaII,Bacillus cereus BKM B-814,N.N. Sokolov,G^GWCC,,
,,Brevundimonas diminuta RFL2,A. Janulaitis,(10/12)TGANNNNNNTCA(12/10),,
,ClaI,Brevibacterium divaricatum,H.M. Rho,AT^CGAT,,
,SfeI,Bacteroides distasonis,T. Kanematsu,C^TRYAG,,
,HinfI,Bartonella doshiae NCTC12862,S. Doyle,GANTC,2(6),
,,Brevibacterium species A,N.N. Sokolov,?,,
,HaeIII,Brevibacterium species A,N.N. Sokolov,GG^CC,,
,HinfI,Bartonella elizabethae NCTC12898,P. Informatics,GANTC,2(6),
,FnuDII,Brevibacterium epidermidis,P. Venetianer,CG^CG,1(5),
,,Brevibacterium acetyliticum,NEB 678,W^CCGGW,,
,MaeI,Bacteroides fragilis,NEB 1140,C^TAG,,N
,,Bacteroides fragilis ATCC 25285,ATCC 25285,GANGGAG,6(6),
,,Bacillus firmus S8120,A. Janulaitis,ACTGGG(5/4),2(4),
,MboI,Butyrivibrio fibrisolvens OB157,R.M. Teather,^GATC,,
,CfrI,Butyrivibrio fibrisolvens OB189,R.M. Teather,Y^GGCCR,,
,AsuI,Bacillus firmus 105,V.E. Repin,GGNCC,,
,HaeIII,Bacillus firmus 458,U. Mayr,GGCC,,
,,Bacillus firmus 2411,A.R. Reddy,?,,
,MboI,Butyrivibrio fibrisolvens SH-1,P. Pristas,GATC,,
,BsiYI,Bacillus flavothermus,P. Sharma,CCNNNNN^NNGG,,
,SfeI,Bacillus firmus S8-336,V. Butkus,C^TRYAG,,B
,HaeII,Bacillus fusiformis RFL1,Fermentas G345,RGCGC^Y,,
,AflII,Bacteroides fragilis,U. Mayr,C^TTAAG,,S
,BfaSII,Bacteroides fragilis NCTC9343,S. Doyle,GANGGAG,6(6),
,ClaI,Bacteroides fragilis,NCTC 11155,ATCGAT,,
,AvaIII,Bacteroides fragilis BE3,H. Azeddoug,ATGCA^T,,
,AvaIII,Bacteroides fragilis AIP10006,NCTC 9383,ATGCAT,,
,BfaSII,Bacillus fragilis NCTC 9343 DD,NCTC 9343,GANGGAG,6(6),
,BciVI,Bacillus firmus Auk 22-m21,V. Butkus,GTATCC(6/5),,B
,HgiAI,Bacillus fusiformis 1570,NEB 1301,GWGCWC,,
,BspMI,Bacillus fusiformis 1083,NEB 1292,ACCTGC(4/8),2(5),N
,SphI,Bacillus fusiformis 1083,NEB 1292,GCATG^C,3(6),
,MboI,Bacillus fusiformis 1226,NEB 1441,^GATC,4(5),
,,Bifidobacterium gallinarum CACC 514,M. Jung,GTRAAG,5(6),
,Tth111I,Brevibacillus agri,Vivantis 187,GACN^NNGTC,,
,,Bacillus globigii,ATCC 49760,GCCNNNN^NGGC,2(4),BCIJNOQRVX
,,Bacillus globigii,ATCC 49760,A^GATCT,5(4),BCIJNOQSVX
,Csp2014I,Burkholderia glumae FDAARGOS_346,T. Minogue,GGAGGC,3(6),
,Csp2014I,Burkholderia glumae LMG 2196,ATCC 33617,GGAGGC,3(6),
,SfaNI,Bacillus halodurans C-125,JCM 9153,GCATC,-2(6),
,HaeIII,Bacillus halodurans C-125,JCM 9153,GGCC,3(5),
,NaeI,Brevibacterium helvolum,ATCC 11822,GCCGGC,,
,,Bartonella henselae Houston-1 FDAARGOS_175,ATCC 49882D-5,GCCCNA,6(6),
,AsuII,Brevibacterium immotum,G.G. Prikhodko,TT^CGAA,,
,AsuII,Brevibacterium immotum 19,S.K. Degtyarev,TT^CGAA,,
,HaeIII,Brevibacterium immotum 19,S.K. Degtyarev,GG^CC,,
,,Bifidobacterium infantis 659,ATCC 25962,GGATC(4/5),,
,EcoRII,Bifidobacterium infantis S76e,ATCC 15702,CCWGG,,
,NarI,Bifidobacterium infantis S76e,ATCC 15702,GGCGC^C,,
,,Bacillus subtilis T30,S.K. Degtyarev,GC^NGC,,
,SduI,Bacillus kaustophilus 1125,U. Mayr,GDGCHC,,
,,Bacillus krulwichiae AM31D,T.A. Krulwich,RTTAAATM,6(6),
,BspMII,Bifidobacterium lactentis 7920,G.N. Gabrichevsky,TCCGGA,,
,,Bacillus lentus 1689,MTCC 1689,?,,
,Ble402II,Beggiatoa leptomitoformis species nov. D-401,M. Grabovich,GRAGCAG,6(6),
,,Beggiatoa leptomitiformis D-402,A. Fomenkov,GRAGCAG,6(6),
,BspMII,Bacillus licheniformis,P. Babu,T^CCGGA,,
,HaeIII,Bacillus licheniformis,P.L. Manachini,GGCC,,
,ClaI,Bacillus licheniformis 41,S.K. Degtyarev,AT^CGAT,,
,Eco31I,Bacillus licheniformis 49,N.I. Matvienko,GGTCTC,,
,ClaI,Bacillus licheniformis 86,N.I. Matvienko,AT^CGAT,,
,Eco31I,Bacillus licheniformis 16.1,C. Parini,GGTCTC,,
,ClaI,Bacillus licheniformis 576,C. Parini,ATCGAT,,
,Eco31I,Bacillus licheniformis 576,C. Parini,GGTCTC,,
,ClaI,Bacillus licheniformis 58.5,C. Parini,ATCGAT,,
,SauI,Bacillus licheniformis 64.3,C. Parini,CCTNAGG,,
,Eco31I,Bacillus licheniformis 736,N.I. Matvienko,GGTCTC(1/5),,
,Fnu4HI,Bacillus licheniformis SJ1904,M. Rey,GCNGC,?(5),
,Eco31I,Bacillus licheniformis B-5508,V.V. Lukyanchuk,GGTCTC,,
,,Bacillus licheniformis,IAM 11054,?,,
,ClaI,Bacillus licheniformis,J.M. Chies,AT^CGAT,,
,,Bacillus licheniformis DSM 13,DSM 13,?,?(6),
,,Bacillus licheniformis DSM 13,DSM 13,?,?(6),
,SauI,Bacillus licheniformis HK,P.C. Shaw,CC^TNAGG,,
,ClaI,Bacillus licheniformis,ATCC 6634,AT^CGAT,,
,AvrII,Brevibacterium linens,IAM 1902,C^CTAGG,,KS
,,Bifidobacterium longum E194b,ATCC 15707,?,,
,BloAII,Bifidobacterium longum subsp. infantis NCTC11817,P. Informatics,GAGGAC,5(6),
,BloAII,Bifidobacterium longum NCTC11818,P. Informatics,GAGGAC,5(6),
,BloAII,Bifidobacterium longum subsp. infantis NCTC13219,S. Doyle,GAGGAC,5(6),
,,Bifidobacterium longum subsp. infantis ATCC 15697,ATCC 15697,GAGGAC,5(6),
,XhoII,Bifidobacterium longum E194b (BloH),ATCC 15707,R^GATCY,,
,PstI,Bifidobacterium longum E194b (BloH),ATCC 15707,CTGCA^G,,
,PstI,Bifidobacterium longum E194b (BloH),ATCC 15707,CTGCAG,,
,SacII,Bifidobacterium longum MG1,G.E. Ji,CCGCGG,,
,EspI,Bacillus species lp,NEB 819,GC^TNAGC,?(5),NV
,BisI,Bacillus simplex 23,S.K. Degtyarev,GCN^GC,,
,XhoI,Brevibacterium luteum,ATCC 15830,C^TCGAG,,
,HaeIII,Brevibacterium luteum,ATCC 15830,GGCC,,
,PvuI,Bacillus macerans,ATCC 8244,CGATCG,,
,PvuI,Bacillus macerans,ATCC 8513,CGATCG,,
,PvuI,Bacillus macerans,ATCC 8510,CGATCG,,
,PvuI,Bacillus macerans,ATCC 7069,CGATCG,,
,PvuI,Bacillus macerans,ATCC 8509,CGATCG,,
,BsmI,Bacillus megaterium,Vivantis 12,GAATGC(1/-1),,
,ScaI,Bacillus macroides,Vivantis 181,AGT^ACT,,V
,,Bacillus megaterium,J. Upcroft,?,,
,HgiCI,Bacillus megaterium 5,V.E. Repin,GGYRCC,,
,MboI,Bacillus megaterium 12,S.K. Degtyarev,^GATC,,
,AvaII,Bacillus megaterium 18,S.K. Degtyarev,G^GWCC,,IV
,HaeIII,Bacillus megaterium 46,V.E. Repin,GGCC,,
,HaeIII,Bacillus megaterium 74,V.E. Repin,GGCC,,
,HaeII,Bacillus megaterium 142,N.I. Matvienko,RGC^GCY,,
,,Bacillus megaterium B205-3,T. Kaneko,?,,
,AvaII,Bacillus megaterium 216,V.M. Kramarov,G^GWCC,,
,HaeIII,Bacillus megaterium 361,V.E. Repin,GG^CC,,
,FauI,Bacillus mesentericus 585,J. Ziberovski,CCCGC(4/6),,
,,Bacillus megaterium 899,IPP 899,?,,
,ScrFI,Bacillus megaterium RFL1390,A. Janulaitis,CC^NGG,,B
,BseSI,Bacillus megaterium 1580,NEB 1302,GKGCM^C,?(5),
,EcoRII,Bacillus megaterium 2095,NEB 1361,CCWGG,,
,MboI,Bacillus megaterium 2494,NEB 1399,GATC,,
,HinfI,Brucella melitensis NCTC8223,S. Doyle,GANTC,2(6),
,HinfI,Brucella melitensis NCTC8334,S. Doyle,GANTC,2(6),
,HinfI,Brucella melitensis NCTC10508,S. Doyle,GANTC,2(6),
,HinfI,Brucella melitensis NCTC10509,S. Doyle,GANTC,2(6),
,PstI,Bacillus megaterium B78,Z. Chen,CTGCAG,,
,PvuRts1I,Bacillus megaterium,DSM 319,C(2/0),,
,Eam1105I,Bacillus megaterium,Vivantis 32,GACNNN^NNGTC,,V
,BclI,Bacillus methanolicus,ATCC 53907,TGATCA,3(6),
,AvaI,Bacillus megaterium T110,Takara T110,C^YCGRG,,
,HaeIII,Bacillus megaterium,NEB 1594,GGCC,,
,,Bacillus megaterium E11-132,A. Janulaitis,GKGCCC,,
,BseSI,Bacillus megaterium,NEB 1355,GKGCMC,,
,BtrI,Bacillus thermoglucosidasius BmgB,NEB 1353,CACGTC(-3/-3),,N
,AsuI,Bacillus megalosporus T120,Takara T120,G^GNCC,,
,NlaIV,Bacillus megaterium,Vivantis 62,GGN^NCC,,V
,AvaII,Bacillus megaterium,Vivantis 42,G^GWCC,,
,BfiI,Bacillus megaterium GC subgroup A,NEB 1067,ACTGGG(5/4),?(4),N
,ScrFI,Bacillus megaterium F,Vivantis 91,CC^NGG,,V
,SfaNI,Bacillus massiliensis RFL101,Fermentas G358,GCATC(5/9),,
,NheI,Bacillus megaterium S2,NEB 1776,GCTAG^C,2(5),INV
,BfiI,Bacillus megaterium S87,S.K. Degtyarev,ACTGGG(5/4),,I
,SduI,Bacillus mycoides,U. Mayr,GDGCH^C,,V
,BamHI,Bacillus natto B3364,E.L. Kim,G^GATCC,5(5),
,HinfI,Brucella neotomae NCTC10070,S. Doyle,GANTC,2(6),
,HinfI,Brucella neotomae NCTC10071,S. Doyle,GANTC,2(6),
,HinfI,Brucella neotomae NCTC10084,S. Doyle,GANTC,2(6),
,Cac8I,Bacillus niacini RFL102,Fermentas G361,GCNNGC,,
,HinfI,Brucella ovis NCTC10512,S. Doyle,GANTC,2(6),
,PshAI,Brevibacterium oxydans Iti 12-025,V. Butkus,GACNN^NNGTC,,BV
,,Bacillus pasteurii strain 1761,A.R. Reddy,?,,
,ScaI,Bacillus pallidus,NEB 1562,AGT^ACT,,
,HaeIII,Bacillus pallidus,NEB 1564,GGCC,,
,DdeI,Bacillus pallidus,NEB 1564,CTNAG,,
,SfeI,Bacillus sphaericus,P. Babu,C^TRYAG,,
,HindIII,Bordetella pertussis,P. Novotny,AAGCTT,,
,HindIII,Bordetella pertussis H640,M.R. Weigand,AAGCTT,4(4),
,BbvII,Bacillus pumilus sw 4-3,A. Janulaitis,GAAGAC(2/6),,B
,,Bacillus pumilus,V. Butkus,(8/13)GAGNNNNNCTC(13/8),,B
,GsuI,Bacillus pumilus,NEB 711,CTGGAG(16/14),?(6),IN
,,Bacillus pantothenticus strain 1639,A.R. Reddy,?,,
,VspI,Bacillus polymyxa,N.N. Sokolov,AT^TAAT,,
,,Brevibacterium protophormiae,IFO 12128,?,,
,AsuI,Bacillus species,P. Babu,GGNCC,,
,ClaI,Bacillus species,P. Babu,ATCGAT,,
,,Burkholderia pseudomallei NCTC6700,S. Doyle,TACCNAG,6(6),
,EcoRII,Bacillus pantothenticus,P. Babu,CC^WGG,,
,HgiJII,Bacillus pumilus AHU1387A,T. Ando,GRGCY^C,,
,,Bacillus pumilus 10,NEB 1777,CCTNAGC(-5/-2),?(5),BINV
,AsuII,Bacillus pumilus 14,S.K. Degtyarev,TT^CGAA,,IV
,BglI,Bacillus pumilis 86,V.E. Repin,GCCNNNNNGGC,,
,FnuDII,Bacillus pumilus 95,S.K. Degtyarev,CG^CG,,
,EspI,Bacillus pumilus RFL1102,A. Janulaitis,GC^TNAGC,,B
,EcoNI,Bacillus pumilus RFL1268,A. Janulaitis,CCTNNNNNAGG,,
,Fnu4HI,Bacillus pumilus 1811,NEB 1325,GCNGC,,
,SnaBI,Bacillus pumilus 1831,NEB 1357,TACGTA,,
,BbvII,Bacillus pumilus,G. Schmitz,GAAGAC(2/6),,
,SacI,Bacillus pumilus,J.M. Chies,GAG^CTC,,
,SplI,Bacillus pumilus,P.C. Shaw,C^GTACG,,
,EciI,Bacillus pumilus,NEB 1220,GGCGGA,,
,Bpu10I,Bacillus pumilus 1117,NEB 1287,CCTNAGC(-5/-2),,
,Bce83I,Bacillus pumilus 2187a,NEB 1378,CTTGAG(16/14),5(6),N
,BinI,Bacillus pumilus 1567,NEB 1358,GGATC,,
,XhoII,Bacillus pumilus 980,NEB 1359,RGATCY,,
,EspI,Bacillus pumilis GC subgroup 8,NEB 1034,GCTNAGC,,
,AsuII,Bacillus pumilus 1520,NEB 1360,TTCGAA,,
,BscGI,Bacillus pumilus RFL1458,A. Janulaitis,CCCGT,,
,,Bacillus pumilus Jo2,S. Handtke,?,?(6),
,CauII,Bacillus pumilus,Vivantis 371,CC^SGG,,V
,FinI,Bacillus pumilus 1703,NEB 1316,GGGAC,,
,FinI,Bacillus pumilus,NEB 1539,GGGAC(10/14),?(6),
,PvuI,Bacillus pumilus VU,Vivantis 14,CGAT^CG,,
,HinfI,Bartonella quintana NCTC12899,S. Doyle,GANTC,2(6),
,Eco31I,Bacillus stearothermophilus 6-55,Z. Chen,GGTCTC(1/5),-4(6),NV
,ClaI,Bacillus species 29,S.K. Degtyarev,AT^CGAT,,I
,,Bacillus stearothermophilus G668,Z. Chen,YAC^GTR,3(5),NV
,,Bacillus stearothermophilus B674,NEB 537,GATNN^NNATC,,NV
,ScrFI,Bacillus stearothermophilus C34,Z. Chen,CCNGG,,
,BamHI,Bacillus stearothermophilus D144,Z. Chen,GGATCC,,
,NlaIV,Bacillus stearothermophilus EJ04,Z. Chen,GGNNCC,,
,AflII,Bacillus stearothermophilus F272,Z. Chen,CTTAAG,,
,HgiAI,Bacillus stearothermophilus G426,Z. Chen,GWGCWC,,
,AcyI,Bacillus stearothermophilus CPW11,Z. Chen,GR^CGYC,?(5),NV
,SecI,Bacillus stearothermophilus J695,Z. Chen,C^CNNGG,?(4),N
,HpaI,Bacillus stearothermophilus K524,Z. Chen,GTTAAC,,
,AluI,Bacillus stearothermophilus L170,Z. Chen,AGCT,,
,BsmI,Bacillus stearothermophilus M293,Z. Chen,GAATGC(1/-1),,V
,EcoRII,Bacillus stearothermophilus CPW1,Z. Chen,CCWGG,,
,PstI,Bacillus stearothermophilus CPW1,Z. Chen,CTGCAG,,
,McrI,Bacillus stearothermophilus O-122,Z. Chen,CGRY^CG,,
,MboI,Bacillus stearothermophilus P8,N. Welker,GATC,,
,PstI,Bacillus stearothermophilus CPW59,Z. Chen,CTGCAG,,
,HaeIII,Bacillus stearothermophilus CPW8,Z. Chen,GGCC,,
,,Bacillus stearothermophilus CPW8,Z. Chen,?,,
,AsuI,Bacillus stearothermophilus D47,Z. Chen,GGNCC,,
,MstI,Bacillus stearothermophilus T1544,Z. Chen,TGCGCA,,
,BbvI,Bacillus stearothermophilus SR65,Z. Chen,GCAGC,,
,BbvII,Bacillus stearothermophilus V018,Z. Chen,GAAGAC,,
,BetI,Bacillus stearothermophilus W1718,Z. Chen,W^CCGGW,1(5),N
,,Bacillus stearothermophilus Cpw230,Z. Chen,(9/12)ACNNNNNCTCC(10/7),,N
,HpaII,Bacillus stearothermophilus Cpw514,Z. Chen,CCGG,,
,,Bacillus species,NEB 686,CAACAC(21/19),5(6),
,ClaI,Bacillus species,P. Eastlake,AT^CGAT,,
,BsiYI,Bacillus schlegelii 4,V.E. Repin,CCNNNNN^NNGG,2(4),IV
,BbvII,Bacillus species,T. Schoenfeld,GAAGAC(2/6),,
,BsiYI,Bacillus schlegelii 107,V.E. Repin,CCNNNNN^NNGG,,
,EcoRV,Bacillus species HK217,D. Clark,GATATC,,
,SfaNI,Bacillus schlegelii S3,CAMB 2585,GCATC(4/6),"3(6),-2(6)",
,NlaIV,Bacillus species A11,D. Clark,GGN^NCC,,
,BsmI,Bacillus species 2G,D. Clark,GAATGC(1/-1),,
,PstI,Bacillus species E13,D. Clark,CTGCAG,,
,BsePI,Bacillus species APR91,D. Clark,GCGCGC,,
,MboI,Bacillus species JY391,D. Clark,^GATC,,
,,Bacillus smithii,NEB 771,CCCGT,-2(5),
,BsrI,Bacillus species A,D. Clark,ACTGG,,
,BstXI,Bacillus species 9A,D. Clark,CCANNNNNNTGG,,
,BbvII,Bacillus species 217,D. Clark,GAAGAC,,
,AflII,Bacillus species 1302,D. Clark,CTTAAG,,
,HgiJII,Bacillus species 4231,D. Clark,GRGCYC,,
,McrI,Bacillus species 4515,D. Clark,CGRYCG,,
,SphI,Bacillus species 4319,D. Clark,GCATGC,,
,DdeI,Bacillus species 9006,D. Clark,CTNAG,,
,HaeIII,Bacillus species 4304,D. Clark,GGCC,,
,BsmAI,Bacillus species 4304,D. Clark,GTCTC,,
,Cfr10I,Bacillus species 4709,D. Clark,RCCGGY,,
,XhoII,Bacillus species 508,D. Clark,RGATCY,,
,SacII,Bacillus species 106,D. Clark,CCGCGG,,
,SfaNI,Bacillus species SA506a,D. Clark,GCATC,,
,FinI,Bacillus species 2142,NEB 1395,GGGAC,,
,,Bacillus species N3536,NEB 1707,GCAGGC(-1/-5),2(5),
,MboI,Bacillus species N3536,NEB 1707,^GATC,4(5),
,HaeIII,Bacillus stearothermophilus strain 822,T. Oshima,GGCC,,
,HpaI,Bacillus stearothermophilus strain 822,T. Oshima,GTTAAC,,
,BsrI,Bacillus stearothermophilus 1,S.K. Degtyarev,ACTGG(1/-1),,IV
,BsaBI,Bacillus species 8,V.E. Repin,GATNN^NNATC,,IV
,HaeIII,Bacillus species 9,V.E. Repin,GGCC,,
,AvaI,Bacillus species 15,V.E. Repin,C^YCGRG,,
,EcoRII,Bacillus species 16,V.E. Repin,CC^WGG,,
,EcoRII,Bacillus species 17,V.E. Repin,CC^WGG,,
,NcoI,Bacillus species 19,V.E. Repin,CCATGG,,
,SauI,Bacillus species 21,S.K. Degtyarev,CC^TNAGG,,IV
,BsiYI,Bacillus species 23,V.E. Repin,CCNNNNNNNGG,,
,EcoRII,Bacillus species 24,V.E. Repin,CC^WGG,,
,AsuI,Bacillus species 54,V.E. Repin,GGNCC,,
,BstEII,Bacillus species 59,V.E. Repin,GGTNACC,,
,BstEII,Bacillus species 64,V.E. Repin,G^GTNACC,,
,Cfr10I,Bacillus species 118,V.E. Repin,R^CCGGY,,IV
,HaeIII,Bacillus species 12-6,V.E. Repin,GGCC,,
,BsaBI,Bacillus species 631,V.E. Repin,GATNNNNATC,,
,Cfr10I,Bacillus species 634,V.E. Repin,R^CCGGY,?(5),
,BspMII,Bacillus sphaericus BseA,V. Bouriotis,T^CCGGA,,C
,EcoRII,Bacillus stearothermophilus,V. Bouriotis,CC^WGG,,CV
,BglI,Bacillus species 6-3-1,V.E. Repin,GCCNNNNNGGC,,
,BglII,Bacillus species 6-3-1,V.E. Repin,AGATCT,,
,ClaI,Bacillus species,V. Bouriotis,AT^CGAT,5(6),C
,SecI,Bacillus stearothermophilus RFL1434,A. Janulaitis,C^CNNGG,,B
,BsrDI,Bacillus stearothermophilus 3D,S.K. Degtyarev,GCAATG(2/0),,IV
,,Bacillus stearothermophilus D88,Z. Chen,?,,
,,Bacillus stearothermophilus F245,Z. Chen,?,,
,FokI,Bacillus stearothermophilus Vs 34-031,A. Janulaitis,GGATG(2/0),,B
,SauI,Bacillus species G-7-3,V.E. Repin,CCTNAGG,,
,HindIII,Bacillus stearothermophilus CPW5,Z. Chen,AAGCTT,,
,BsaBI,Bacillus stearothermophilus Tsp5,V. Butkus,GATNN^NNATC,,B
,BbvI,Bacillus stearothermophilus Ra3-212,V. Butkus,GCAGC(8/12),,
,BsiYI,Bacillus stearothermophilus LK3-551,A. Janulaitis,CCNNNNN^NNGG,,B
,BsrDI,Bacillus stearothermophilus Isl 15-111,A. Janulaitis,GCAATG(2/0),,B
,,Bacillus stearothermophilus Isl 15-111,A. Janulaitis,CTCAG(10/8),4(6),B
,BsrI,Bacillus species N,A. Janulaitis,ACTGG(1/-1),,B
,,Bacillus stearothermophilus P6,N. Welker,G^CGCGC,,IV
,HaeIII,Bacillus species Q,V.E. Repin,GG^CC,,
,,Bacillus species R,CAMB 2669,GAGGAG(10/8),"5(6),-4(4)",N
,,Bacillus stearothermophilus Jo-553,V. Butkus,GKGCM^C,,B
,,Bacillus stearothermophilus T889,Z. Chen,?,,
,BstEII,Bacillus species T9,V.E. Repin,G^GTNACC,,
,BstEII,Bacillus species T10,V.E. Repin,G^GTNACC,,
,,Bacillus stearothermophilus 30T,Z. Chen,?,,
,BbvI,Bacillus stearothermophilus Ra 3-212,V. Butkus,GCAGC(8/12),,B
,XmaIII,Bacillus stearothermophilus X3,S.K. Degtyarev,C^GGCCG,,IV
,,Bacillus species 2521,NEB 1396,CCCAGC(-5/-1),,N
,Ksp632I,Bacillus species Z,V.E. Repin,CTCTTC(1/4),,
,,Bacillus sphaericus GC subgroup,NEB 581,GTGCAG(16/14),?(6),NV
,HaeIII,Bacillus sphaericus,WHO/CCBC 1593,GG^CC,,
,HgiAI,Bacillus sphaericus 45,V.E. Repin,GWGCW^C,,
,FnuDII,Bacillus sphaericus RFL1236,A. Janulaitis,CG^CG,,B
,McrI,Bacillus sphaericus RFL1285,A. Janulaitis,CGRY^CG,,B
,BsaBI,Bacillus sphaericus RFL1365,A. Janulaitis,GATNN^NNATC,,
,HaeIII,Bacillus sphaericus,WHO/CCBC 1691,GGCC,,
,ClaI,Bacillus sphaericus 108A,V.E. Repin,ATCGAT,,
,HaeIII,Bacillus sphaericus,WHO/CCBC 1881,GGCC,,
,HaeIII,Bacillus sphaericus,WHO/CCBC 2013-6,GGCC,,
,HaeIII,Bacillus sphaericus,WHO/CCBC 2117-2,GGCC,,
,HaeIII,Bacillus sphaericus,WHO/CCBC 2362,GGCC,,
,HaeIII,Bacillus sphaericus,WHO/CCBC 2500,GG^CC,,C
,EcoRII,Bacillus sphaericus BshG,V. Bouriotis,CC^WGG,,
,ScaI,Bacillus sphaericus DC1,D. Clark,AGTACT,,
,AsuI,Bacillus sphaericus BshK,V. Bouriotis,G^GNCC,,
,EcoRV,Bacillus sphaericus DC2,D. Clark,GATATC,,
,HpaII,Bacillus sphaericus DC3,D. Clark,CCGG,,
,HgiCI,Bacillus sphaericus TK-45,A. Janulaitis,G^GYRCC,,B
,AgeI,Bacillus sphaericus Jo22-024,V. Butkus,A^CCGGT,,B
,ClaI,Bacillus sphaericus CKJ18,Vivantis 182,AT^CGAT,,V
,,Bacillus sphaericus Bsi,S.K. Degtyarev,CACGAG(-5/-1),,
,HaeIII,Bacillus species BsiA,D. Clark,GGCC,,
,BsaBI,Bacillus species BsiB,D. Clark,GATNN^NNATC,,
,AsuII,Bacillus species BsiC,D. Clark,TT^CGAA,,
,HaeIII,Bacillus species BsiD,D. Clark,GGCC,,
,McrI,Bacillus species BsiE,D. Clark,CGRY^CG,,NV
,,Bacillus species BsiF,D. Clark,?,,
,BspMII,Bacillus species BsiG,D. Clark,TCCGGA,,
,HaeIII,Bacillus species BsiH,D. Clark,GGCC,,
,HgiAI,Bacillus stearothermophilus,P.C. Shaw,GWGCW^C,,NV
,AvaI,Bacillus species HKC,P.M. Skowron,C^YCGRG,,QX
,,Bacillus species BsiJ,D. Clark,?,,
,BstEII,Bacillus species BsiK,D. Clark,G^GTNACC,,
,EcoRII,Bacillus species BsiL,D. Clark,CC^WGG,,
,BspMII,Bacillus species BsiM,D. Clark,T^CCGGA,,
,,Bacillus species BsiNI,D. Clark,?,,
,BspMII,Bacillus species BsiO,D. Clark,TCCGGA,,
,,Bacillus species BsiP,D. Clark,?,,
,BclI,Bacillus species BspQ,D. Clark,T^GATCA,,
,,Bacillus species BsiR,D. Clark,?,,
,HpaII,Bacillus species BsiS,D. Clark,C^CGG,,C
,,Bacillus species BsiT,D. Clark,?,,
,EcoRII,Bacillus species BsiU,D. Clark,CCWGG,,
,EcoRII,Bacillus species BsiV,D. Clark,CCWGG,,
,SplI,Bacillus species BsiW,D. Clark,C^GTACG,5(4),N
,ClaI,Bacillus species X,D. Clark,AT^CGAT,,
,,Bacillus species BsiY,D. Clark,CCNNNNN^NNGG,,
,AsuI,Bacillus species BsiZ,D. Clark,G^GNCC,,
,BsiYI,Bacillus species,NEB 606,CCNNNNN^NNGG,2(4),NV
,FinI,Bacillus stearothermophilus FI,S.K. Degtyarev,GGGAC(10/14),,I
,,Bacillus stearothermophilus NUB36,N. Welker,GAATGC(1/-1),,JNSV
,HgiAI,Bacillus sp,Vivantis 61,GWGCW^C,,
,,Bacillus stearothermophilus A664,Z. Chen,GTCTC(1/5),?(5),NV
,Esp3I,Bacillus stearothermophilus B61,NEB 857,CGTCTC(1/5),"4(5),-4(6)",N
,BsaXI,Bacillus stearothermophilus 21P,Z. Chen,ACNNNNNCTCC,,
,BsaXI,Bacillus stearothermophilus 25B,Z. Chen,ACNNNNNCTCC,,
,PleI,Bacillus stearothermophilus E505,Z. Chen,GAGTC,,
,FinI,Bacillus stearothermophilus F,Z. Chen,GGGAC(10/14),?(6),N
,Bsp1407I,Bacillus stearothermophilus G170,Z. Chen,TGTACA,,
,HindIII,Bacillus stearothermophilus G170,Z. Chen,AAGCTT,,
,HaeII,Bacillus stearothermophilus H426,Z. Chen,RGCGCY,,
,SfaNI,Bacillus stearothermophilus N365,Z. Chen,GCATC,,
,HgiAI,Bacillus stearothermophilus CPW548,Z. Chen,GWGCWC,,
,Bsp1407I,Bacillus species FRIM,Vivantis 224,T^GTACA,,
,StyI,Bacillus stearothermophilus CP114,Z. Chen,C^CWWGG,,
,SplI,Bacillus stearothermophilus N658,X.S. Pan,CGTACG,,
,BsaXI,Bacillus stearothermophilus GY,Z. Chen,ACNNNNNCTCC,,
,MboI,Bacillus stearothermophilus GY,Z. Chen,GATC,,
,BsiYI,Bacillus stearothermophilus Y36,Z. Chen,CCNNNNNNNGG,,
,HaeIII,Bacillus species SJN7,Vivantis 78,GG^CC,,V
,ScrFI,Bacillus stearothermophilus JN791,D. Clark,CCNGG,,
,Eco31I,Bacillus stearothermophilus E31,S.K. Degtyarev,GGTCTC(1/5),,IV
,EcoRV,Bacillus stearothermophilus JN1891,D. Clark,GATATC,,
,AvaI,Bacillus stearothermophilus JN2091,D. Clark,C^YCGRG,1(4),N
,SduI,Bacillus stearothermophilus AU891,D. Clark,GDGCH^C,,
,XmaIII,Bacillus stearothermophilus SE2091,D. Clark,CGGCCG,,
,EcoNI,Bacillus stearothermophilus OC391,D. Clark,CCTNNNNNAGG,,
,Fnu4HI,Bacillus stearothermophilus F66,Z. Chen,GC^NGC,,
,EcoRII,Bacillus stearothermophilus Lipari 29,D. Clark,CCWGG,,
,,Bacillus stearothermophilus Lipari 29,D. Clark,?,,
,BsrI,Bacillus stearothermophilus Lipari 28,D. Clark,ACTGG,,
,BglI,Bacillus stearothermophilus Azores9582A,D. Clark,GCCNNNNNGGC,,
,SecI,Bacillus stearothermophilus SA124-20,D. Clark,CCNNGG,,
,BsmAI,Bacillus stearothermophilus MA (BosMAI),S.K. Degtyarev,GTCTC(1/5),,
,BsePI,Bacillus stearothermophilus P9,N. Welker,GCGCGC,,
,ScaI,Bacillus stearothermophilus (BsoSI),Z. Chen,AGTACT,,
,MboI,Bacillus sphaericus,P.C. Shaw,GATC,,
,ClaI,Bacillus species RFL2,A. Janulaitis,ATCGAT,,
,ClaI,Bacillus species RFL4,A. Janulaitis,ATCGAT,,
,HpaII,Bacillus species RFL5,A. Janulaitis,CCGG,,
,Fnu4HI,Bacillus species RFL6,A. Janulaitis,GC^NGC,?(5),
,Eco57I,Bacillus species RFL6,A. Janulaitis,CTGAAG,,
,CauII,Bacillus species RFL7,A. Janulaitis,CCSGG,,
,CauII,Bacillus species RFL8,A. Janulaitis,CCSGG,,
,MboI,Bacillus species RFL9,A. Janulaitis,GATC,,
,SacII,Bacillus species RFL12,A. Janulaitis,CCGCGG,,
,,Bacillus species RFL12,A. Janulaitis,?,,
,BspMII,Bacillus species 13,S.K. Degtyarev,T^CCGGA,,IV
,EcoRV,Bacillus species RFL16,A. Janulaitis,GATATC,,
,PstI,Bacillus species RFL17,A. Janulaitis,CTGCAG,,
,MboI,Bacillus species RFL18,A. Janulaitis,GATC,,
,NcoI,Bacillus species 19,S.K. Degtyarev,C^CATGG,,IV
,Cfr10I,Bacillus species RFL21,A. Janulaitis,RCCGGY,,
,GsuI,Bacillus species RFL22,A. Janulaitis,CTGGAG,,
,HaeIII,Bacillus species,ITI 23,GGCC,,
,,Bacillus species 24,S.K. Degtyarev,(8/13)GACNNNNNNTGG(12/7),,
,GsuI,Bacillus species RFL28,A. Janulaitis,CTGGAG,,
,NlaIV,Bacillus species RFL29,A. Janulaitis,GGNNCC,,
,BamHI,Bacillus species RFL30,A. Janulaitis,GGATCC,,
,,Bacillus sphaericus SL42,F.G. Priest,?,,
,PstI,Bacillus species RFL43,A. Janulaitis,CTGCAG,,
,EcoRII,Bacillus species,ITI 44,CCWGG,,
,HaeIII,Bacillus species,ITI 44,GGCC,,
,BamHI,Bacillus species RFL46,A. Janulaitis,GGATCC,,
,HpaII,Bacillus species RFL47,A. Janulaitis,CCGG,,
,HpaII,Bacillus species RFL48,A. Janulaitis,CCGG,,
,MboI,Bacillus species RFL49,A. Janulaitis,GATC,,
,FnuDII,Bacillus species RFL50,A. Janulaitis,CG^CG,,
,MboI,Bacillus species RFL51,A. Janulaitis,GATC,,
,MboI,Bacillus species RFL52,A. Janulaitis,GATC,,
,ScrFI,Bacillus species RFL53,A. Janulaitis,CCNGG,,
,MboI,Bacillus species RFL54,A. Janulaitis,GATC,,
,CauII,Bacillus species RFL55,A. Janulaitis,CCSGG,,
,EcoRII,Bacillus species RFL56,A. Janulaitis,CCWGG,,
,MboI,Bacillus species RFL57,A. Janulaitis,GATC,,
,MboI,Bacillus species RFL58,A. Janulaitis,GATC,,
,MboI,Bacillus species RFL59,A. Janulaitis,GATC,,
,MboI,Bacillus species RFL60,A. Janulaitis,GATC,,
,MboI,Bacillus species RFL61,A. Janulaitis,GATC,,
,PstI,Bacillus sphaericus 63,S.Y. Ye,CTGCA^G,,
,MboI,Bacillus sphaericus 64,S.Y. Ye,GATC,,
,MboI,Bacillus species RFL65,A. Janulaitis,GATC,,
,MboI,Bacillus species RFL66,A. Janulaitis,GATC,,
,MboI,Bacillus sphaericus 67,S.Y. Ye,^GATC,,
,NruI,Bacillus species RFL68,A. Janulaitis,TCG^CGA,,B
,FnuDII,Bacillus species RFL70,A. Janulaitis,CGCG,,
,AvaII,Bacillus species RFL71,A. Janulaitis,GGWCC,,
,MboI,Bacillus species RFL72,A. Janulaitis,GATC,,
,ScrFI,Bacillus species RFL73,A. Janulaitis,CCNGG,,
,MboI,Bacillus sphaericus 74,S.Y. Ye,GATC,,
,MboI,Bacillus sphaericus 76,S.Y. Ye,GATC,,
,PstI,Bacillus sphaericus 78,S.Y. Ye,CTGCAG,,
,PstI,Bacillus species RFL81,A. Janulaitis,CTGCAG,,
,AsuII,Bacillus species RFL82,A. Janulaitis,TTCGAA,,
,ClaI,Bacillus species RFL84,A. Janulaitis,ATCGAT,,
,PmaCI,Bacillus species RFL87,A. Janulaitis,CACGTG,,
,AsuII,Bacillus species,ITI 90,TTCGAA,,
,BamHI,Bacillus species,ITI 90,GGATCC,,
,MboI,Bacillus species RFL91,A. Janulaitis,GATC,,
,XhoI,Bacillus species RFL92,A. Janulaitis,CTCGAG,,
,PstI,Bacillus species RFL93,A. Janulaitis,CTGCAG,,
,BamHI,Bacillus species RFL98,A. Janulaitis,G^GATCC,?(4),
,AvaII,Bacillus species RFL100,A. Janulaitis,GGWCC,,
,AsuII,Bacillus species,ITI 101,TTCGAA,,
,AsuII,Bacillus species,ITI 102,TTCGAA,,
,EcoRII,Bacillus species RFL103,A. Janulaitis,CCWGG,,
,AsuII,Bacillus species,ITI 104,TTCGAA,,
,MboI,Bacillus sphaericus 105,Q.-L. Li,^GATC,,
,ClaI,Bacillus sphaericus 106,B. Zhou,AT^CGAT,5(6),
,PstI,Bacillus species RFL107,A. Janulaitis,CTGCAG,,
,PstI,Bacillus species RFL108,A. Janulaitis,CTGCAG,,
,HpaII,Bacillus species RFL116,A. Janulaitis,CCGG,,
,HgiJII,Bacillus species RFL117,A. Janulaitis,GRGCYC,,
,AsuII,Bacillus species RFL119,A. Janulaitis,TT^CGAA,,B
,ApaI,Bacillus species RFL120,A. Janulaitis,G^GGCCC,,B
,SphI,Bacillus species RFL121,A. Janulaitis,GCATGC,,
,MboI,Bacillus species RFL122,A. Janulaitis,GATC,,
,FnuDII,Bacillus species 123,N.I. Matvienko,CG^CG,,
,ClaI,Bacillus species RFL125,A. Janulaitis,ATCGAT,,
,ClaI,Bacillus species RFL126,A. Janulaitis,ATCGAT,,
,ClaI,Bacillus species RFL127,A. Janulaitis,ATCGAT,,
,AvaII,Bacillus species RFL128,A. Janulaitis,GGWCC,,
,XhoI,Bacillus species RFL129,A. Janulaitis,CTCGAG,,
,BamHI,Bacillus species RFL130,A. Janulaitis,GGATCC,,
,BamHI,Bacillus species RFL131,A. Janulaitis,GGATCC,,
,AvaII,Bacillus species RFL132,A. Janulaitis,GGWCC,,
,AvaII,Bacillus species RFL133,A. Janulaitis,GGWCC,,
,MboI,Bacillus species RFL135,A. Janulaitis,GATC,,
,MboI,Bacillus species RFL136,A. Janulaitis,GATC,,
,HaeIII,Bacillus species RFL137,A. Janulaitis,GGCC,,
,MboI,Bacillus species RFL138,A. Janulaitis,GATC,,
,XhoI,Bacillus species RFL139,A. Janulaitis,CTCGAG,,
,XhoI,Bacillus species RFL140,A. Janulaitis,CTCGAG,,
,XhoI,Bacillus species RFL141,A. Janulaitis,CTCGAG,,
,XhoI,Bacillus species RFL142,A. Janulaitis,CTCGAG,,
,MboI,Bacillus species RFL143,A. Janulaitis,^GATC,,BV
,HaeII,Bacillus species RFL143,A. Janulaitis,RGCGC^Y,,
,BamHI,Bacillus species RFL144,A. Janulaitis,GGATCC,,
,ClaI,Bacillus species cy145,Z. Chen,ATCGAT,,
,ApaLI,Bacillus species RFL146,A. Janulaitis,GTGCAC,,
,MboI,Bacillus species RFL147,A. Janulaitis,GATC,,
,AsuII,Bacillus species RFL148,A. Janulaitis,TTCGAA,,
,AsuII,Bacillus species,ITI 151,TTCGAA,,
,HaeIII,Bacillus sphaericus 211,P.F. Yan,GG^CC,,
,HaeIII,Bacillus sphaericus 226,P.F. Yan,GGCC,,
,BspMII,Bacillus species,ITI 228,TCCGGA,,
,BspMII,Bacillus species,ITI 233,TCCGGA,,
,AsuII,Bacillus species,ITI 241,TTCGAA,,
,PstI,Bacillus species cy268,Z. Chen,CTGCAG,,
,EcoRII,Bacillus species cy317,Z. Chen,CCWGG,,
,BbvI,Bacillus species 423,P. Westermann,GCAGC(8/12),,
,,Brevundimonas species GW460-12-10-14-LB2,A. Deutschbauer,CGCGCAG,6(6),
,BspMII,Bacillus species,ITI 225,TCCGGA,,
,HgiJII,Bacillus species 519,S.K. Degtyarev,GRGCY^C,,
,ScrFI,Bacillus species,ITI 439,CCNGG,,
,,Bacillus sphaericus IAB 774,F.G. Priest,?,,
,HaeIII,Bacillus sphaericus IAB 881,F.G. Priest,GGCC,,
,AvaII,Bacillus sphaericus RFL1260,A. Janulaitis,GGWCC,,
,HaeIII,Bacillus sphaericus RFL1261,A. Janulaitis,GGCC,,
,SduI,Bacillus sphaericus,IAM 1286,GDGCH^C,4(5),JN
,,Bacillus stearothermophilus RFL1407,A. Janulaitis,T^GTACA,,B
,,Bacillus sphaericus IAB 1566,F.G. Priest,?,,
,BstEII,Bacillus sphaericus 1591,NEB 1300,GGTNACC,,
,HpaII,Bacillus sphaericus 1591,NEB 1300,CCGG,,
,HaeIII,Bacillus sphaericus 1593,F.G. Priest,GGCC,,
,EspI,Bacillus species 1720,S.K. Degtyarev,GC^TNAGC,,IV
,,Bacillus sphaericus 1883,F.G. Priest,?,,
,AsuI,Bacillus sphaericus 1894,KCTC 1188,G^GNCC,,
,HaeIII,Bacillus sphaericus 2013.6,F.G. Priest,GGCC,,
,MboI,Bacillus sphaericus 2095,S.K. Degtyarev,^GATC,,
,HaeIII,Bacillus sphaericus 2362,F.G. Priest,GGCC,,
,HaeIII,Bacillus sphaericus 2500,F.G. Priest,GGCC,,
,,Butyrivibrio sp. AE3004,W. Kelly,CCGCAT,5(6),
,BamHI,Bacillus species 4009,N.N. Sokolov,G^GATCC,,
,,Bacillus sphaericus 9002,F.G. Priest,?,,
,MboI,Bacillus sphaericus JL4B,R. Mullings,^GATC,,
,AvrII,Bacillus species A2,S.K. Degtyarev,C^CTAGG,,
,PvuII,Bacillus species 153A,V. Bouriotis,CAG^CTG,,
,XhoI,Bacillus species AA,N.I. Matvienko,C^TCGAG,,
,XbaI,Bacillus species AA,N.I. Matvienko,T^CTAGA,,
,BamHI,Bacillus species AA,N.I. Matvienko,G^GATCC,,
,AciI,Bacillus species AC,S.K. Degtyarev,CCGC(-3/-1),1(5),I
,HaeIII,Bacillus species AN,P.M. Skowron,GG^CC,,
,PstI,Bacillus sphaericus JL14,R. Mullings,CTGCA^G,,
,AsuI,Bacillus sphaericus JL14,R. Mullings,G^GNCC,,
,,Bacillus species B2I,S.K. Degtyarev,?,,
,HaeIII,Bacillus sphaericus BDG2,F.G. Priest,GGCC,,
,HaeIII,Bacillus species,C.M. Morel,GG^CC,,
,BbvII,Bacillus species BS31,N.I. Matvienko,GAAGAC(2/6),,
,HaeIII,Bacillus sphaericus BSE18,F.G. Priest,GGCC,,
,HaeIII,Bacillus sphaericus Bake 1,F.G. Priest,GGCC,,
,PvuI,Bacillus species C1,T.G. Simcox,CGAT^CG,,
,HaeIII,Bacillus sphaericus CHE 15S,F.G. Priest,GGCC,,
,BseMII,Bacillus species 1310,NEB 1303,CTCAG(9/7),"4(6),-4(6)",N
,ClaI,Bacillus species,NEB 595,AT^CGAT,,N
,PleI,Bacillus species D6,N.I. Matvienko,GAGTC(4/6),,
,Eco57I,Bacillus species D6,N.I. Matvienko,CTGAAG,,
,,Bacillus species D6,N.I. Matvienko,?,,
,BspMII,Bacillus species,NEB 553,T^CCGGA,,NV
,MboI,Bacillus species BspF,N.N. Sokolov,^GATC,,
,AsuI,Bacillus species F4,N.I. Matvienko,G^GNCC,,
,AvaII,Bacillus species cy53,Z. Chen,GGWCC,,
,CauII,Bacillus species cy105,Z. Chen,CCSGG,,
,FnuDII,Bacillus stearothermophilus FN,S.K. Degtyarev,CG^CG,,I
,,Bacillus species 5802,U. Mayr,CTGGAC,,
,HaeIII,Bacillus sphaericus GHA 1,F.G. Priest,GGCC,,
,,Bacillus species H,NEB 394,T^CATGA,3(6),NX
,AsuII,Bacillus species,ITI 22,TTCGAA,,
,EcoRII,Bacillus species,ITI 43,CCWGG,,
,AsuII,Bacillus species,ITI 103,TTCGAA,,
,AsuII,Bacillus species,ITI 106,TTCGAA,,
,HaeIII,Bacillus species,ITI 106,GGCC,,
,BspMII,Bacillus species,ITI 226,TCCGGA,,
,,Bacillus sphaericus IAB 59,F.G. Priest,?,,
,BbvII,Bacillus species IS4,N.I. Matvienko,GAAGAC(2/6),?(6),
,MboI,Bacillus species BspJ,N.N. Sokolov,^GATC,,
,ClaI,Bacillus species BspJ,N.N. Sokolov,AT^CGAT,,
,MboI,Bacillus species RFL64,A. Janulaitis,GATC,,
,CauII,Bacillus species RFL67,A. Janulaitis,CCSGG,,
,GsuI,Bacillus species RFL74,A. Janulaitis,CTGGAG,,
,FnuDII,Bacillus species RFL76,A. Janulaitis,CGCG,,
,AvaII,Bacillus species RFL105,A. Janulaitis,GGWCC,,
,KpnI,Bacillus species RFL106,A. Janulaitis,GGTACC,,
,HaeIII,Bacillus species K,V.M. Kramarov,GG^CC,,
,MboI,Bacillus species,CAMB 2843,^GATC,,
,Eco57I,Bacillus species,N.I. Matvienko,CTGAAG(16/14),,
,MboI,Bacillus species KT6,N.I. Matvienko,GAT^C,,
,HindIII,Bacillus species KT8,N.I. Matvienko,A^AGCTT,,
,,Bacillus sphaericus K,F.G. Priest,?,,
,NlaIV,Bacillus species RJ3-212,V. Butkus,GGN^NCC,,B
,HhaI,Bacillus species LA,N.I. Matvienko,GCG^C,,
,AsuII,Bacillus species LA,N.I. Matvienko,TT^CGAA,,
,HindIII,Bacillus species LA,N.I. Matvienko,A^AGCTT,,
,HinfI,Bradyrhizobium species LCT2,M. Sugawara,GANTC,2(6),
,HaeIII,Bacillus species L,V.E. Repin,GGCC,,
,SduI,Bacillus species LS2,N.I. Matvienko,GDGCH^C,,
,AvaI,Bacillus species LU4,N.I. Matvienko,C^YCGRG,,
,,Bacillus species LU11,N.I. Matvienko,A^CATGT,,
,XbaI,Bacillus species LU11,N.I. Matvienko,TCTAGA,,
,FinI,Bacillus species LU11,N.I. Matvienko,GGGAC(10/14),4(6),
,,Bacillus species M,NEB 356,ACCTGC(4/8),?(5),N
,,Bacillus species M,NEB 356,T^CCGGA,3(4),
,PvuII,Bacillus species M39,V. Bouriotis,CAG^CTG,,
,SnaI,Bacillus species M90,V.M. Kramarov,GTA^TAC,,
,PstI,Bacillus stearothermophilus MA,P.M. Skowron,CTGCA^G,,
,SalI,Bacillus species MKI,N.I. Matvienko,G^TCGAC,,
,EcoRII,Bacillus species N,CAMB 2677,CC^WGG,,
,,Bacillus species NEB 1304,NEB 1304,CCAGA,2(5),
,NheI,Bacillus sphaericus RFL3,Fermentas G337,GCTAG^C,,B
,PvuII,Bacillus species O-4,ATCC 21536,CAG^CTG,,
,Eam1105I,Bacillus species OV,N.I. Matvienko,GACNNN^NNGTC,,
,ClaI,Bacillus species OV,N.I. Matvienko,AT^CGAT,,
,BinI,Bacillus species d 1-34,A. Janulaitis,GGATC(4/5),,B
,,Bacillus sphaericus Pr-1,F.G. Priest,?,,
,SapI,Bacillus sphaericus,NEB 1214,GCTCTTC(1/4),,KN
,HaeIII,Bacillus sphaericus R,P. Venetianer,GG^CC,3(5),
,SauI,Bacillus species R7,N.I. Matvienko,CC^TNAGG,,
,HinfI,Bosea species RAC05,K.R. Fixen,GANTC,2(6),
,EcoRII,Bacillus species S,V.E. Repin,CCWGG,,
,PstI,Bacillus species 122,V.E. Repin,CTGCAG,,
,,Bacillus sphaericus SSII-1,F.G. Priest,?,,
,SfaNI,Bacillus species ST5,N.I. Matvienko,GCATC(5/9),3(6),
,AflII,Bacillus species RFL1265,A. Janulaitis,C^TTAAG,,B
,AsuII,Bacillus species T104,Takara T104,TT^CGAA,,
,HgiCI,Bacillus species T107,Takara T107,G^GYRCC,,
,Eco31I,Bacillus species TN,P.M. Skowron,GGTCTC(1/5),,
,BbvII,Bacillus species TS514,N.I. Matvienko,GAAGAC(2/6),,
,TauI,Bacillus species,NEB 1593,GCSG^C,,
,BbvII,Bacillus species 6801,U. Mayr,GAAGAC,,
,MwoI,Bacillus species 3456,U. Mayr,GCNNNNN^NNGC,,
,ClaI,Bacillus sphaericus X,D. Dupret,AT^CGAT,,
,BclI,Bacillus sphaericus X,D. Dupret,T^GATCA,,
,ClaI,Bacillus species ZE,N.I. Matvienko,AT^CGAT,,
,,Bacillus stearothermophilus NEB 447,NEB 447,ACTGG(1/-1),"2(4),-1(4)",NV
,AvaII,Bacillus stearothermophilus CPW7,Z. Chen,G^GWCC,,
,,Bacillus stearothermophilus CPW193,Z. Chen,CCGCTC(-3/-3),"4(4),-4(4)",NV
,BsaBI,Bacillus stearothermophilus BR,S.K. Degtyarev,GATNN^NNATC,,
,ClaI,Bacillus stearothermophilus C1825,Z. Chen,ATCGAT,,
,,Bacillus stearothermophilus D70,Z. Chen,GCAATG(2/0),,NV
,Ksp632I,Bacillus stearothermophilus CPW9,Z. Chen,CTCTTC,,
,Cfr10I,Bacillus stearothermophilus CPW16,Z. Chen,R^CCGGY,2(5),N
,Bsp1407I,Bacillus stearothermophilus GR75,Z. Chen,T^GTACA,,N
,,Bacillus stearothermophilus GR75,Z. Chen,?,,
,BsePI,Bacillus stearothermophilus H4,N. Welker,GCGCGC,,
,MboI,Bacillus stearothermophilus CPW13,Z. Chen,GATC,,
,,Bacillus stearothermophilus P5,N. Welker,?,,
,MboI,Bacillus stearothermophilus P5,N. Welker,GATC,,
,BsrI,Bacillus stearothermophilus CPW19,Z. Chen,ACTGG(1/-1),,
,BbvI,Bacillus stearothermophilus V35,Z. Chen,GCAGC,,
,BinI,Bacillus stearothermophilus W493,Z. Chen,GGATC,,
,XbaI,Bacillus stearothermophilus X173,Z. Chen,TCTAGA,,
,NlaIV,Bacillus stearothermophilus 881,Z. Chen,GGNNCC,,
,Cfr10I,Bacillus species BssA,V. Bouriotis,R^CCGGY,,C
,BsePI,Bacillus stearothermophilus (BssBI),X.S. Pan,GCGCGC,,
,HaeIII,Bacillus stearothermophilus C11,N. Welker,GGCC,,
,SecI,Bacillus stearothermophilus EC,S.K. Degtyarev,C^CNNGG,1(4),I
,Fnu4HI,Bacillus stearothermophilus F6,Z. Chen,GCNGC,,
,BstXI,Bacillus stearothermophilus G6,N. Welker,CCANNNNNNTGG,,
,MboI,Bacillus stearothermophilus G6,N. Welker,GATC,,
,XhoI,Bacillus stearothermophilus H3,ATCC 49820,C^TCGAG,5(6),
,BsePI,Bacillus stearothermophilus H3,ATCC 49820,G^CGCGC,,JNQVX
,MluI,Bacillus stearothermophilus H3,ATCC 49820,"ACGCGT,CCGCGG,RGCGCY,RCCGGY,GCGCGC","2(5), 2(5), 3(5), 2(5), 2(5)",
,SimI,Bacillus stearothermophilus IM,S.K. Degtyarev,GGGTC(-3/0),,
,ScrFI,Bacillus stearothermophilus,NEB 547,^CCNGG,2(5),
,MboI,Bacillus species,Vivantis 11,^GATC,,V
,AcyI,Bacillus sphaericus KTN,Vivantis 111,GR^CGYC,,V
,SnaI,Bacillus stearothermophilus NA,S.K. Degtyarev,GTA^TAC,,IV
,,Bacillus stearothermophilus P1,N. Welker,?,,
,BsiI,Bacillus stearothermophilus 27S,NEB 2935,CACGAG(-5/-1),"5(6),-1(4)",N
,StyI,Bacillus stearothermophilus T1,S.K. Degtyarev,C^CWWGG,,IV
,Fnu4HI,Bacillus species,G. Elgar,GCNGC,,
,BamHI,Bacillus stearothermophilus 1503-4R,N. Welker,G^GATCC,3(6),
,EcoRII,Bacillus stearothermophilus 1,V.E. Repin,CC^WGG,,
,EcoRII,Bacillus stearothermophilus 2,V.E. Repin,CC^WGG,,
,Ksp632I,Bacillus stearothermophilus 6,S.K. Degtyarev,CTCTTC(1/4),,IV
,BsrI,Bacillus stearothermophilus 11,V.E. Repin,ACTGG(1/-1),,
,BbvI,Bacillus stearothermophilus 12,V.E. Repin,GCAGC(8/12),,
,HaeII,Bacillus stearothermophilus M16,Z. Chen,RGCGCY,,
,SfaNI,Bacillus stearothermophilus 19,S.K. Degtyarev,GCATC(4/6),,
,MboI,Bacillus stearothermophilus 19,S.K. Degtyarev,^GATC,,
,BsiYI,Bacillus stearothermophilus 22,V.E. Repin,CCNNNNN^NNGG,,
,ClaI,Bacillus stearothermophilus 28,S.K. Degtyarev,AT^CGAT,,
,SauI,Bacillus stearothermophilus 29,V.E. Repin,CCTNAGG,,
,SauI,Bacillus stearothermophilus 30,V.E. Repin,CCTNAGG,,
,BstEII,Bacillus stearothermophilus NUB31,N. Welker,GGTNACC,,
,EcoRII,Bacillus stearothermophilus 38,V.E. Repin,CC^WGG,,
,HpaII,Bacillus stearothermophilus 40,S.K. Degtyarev,C^CGG,,
,,Bacillus stearothermophilus 4.4,N.I. Matvienko,?,,
,BbvI,Bacillus stearothermophilus 71,Promega 71,GCAGC(8/12),,
,BclI,Bacillus stearothermophilus 77,V.E. Repin,TGATCA,,
,AflII,Bacillus stearothermophilus C98,Z. Chen,C^TTAAG,,V
,EcoRII,Bacillus stearothermophilus 100,V.E. Repin,CC^WGG,,
,Ksp632I,Bacillus stearothermophilus P158,Z. Chen,CTCTTC,,
,Bsp1407I,Bacillus stearothermophilus D170,Z. Chen,TGTACA,,
,HindIII,Bacillus stearothermophilus D170,Z. Chen,AAGCTT,,
,StyI,Bacillus stearothermophilus I224,Z. Chen,CCWWGG,,
,DdeI,Bacillus stearothermophilus Z295,Z. Chen,CTNAG,,
,SnaI,Bacillus stearothermophilus RFL1107,A. Janulaitis,GTA^TAC,,BV
,BamHI,Bacillus stearothermophilus 1126,U. Mayr,GGATCC,,
,MboI,Bacillus stearothermophilus 1274,Z. Chen,GATC,,
,BetI,Bacillus stearothermophilus 1473,Z. Chen,WCCGGW,,
,HaeII,Bacillus stearothermophilus 1473,Z. Chen,RGCGCY,,
,BamHI,Bacillus stearothermophilus 2464,U. Mayr,GGATCC,,
,BamHI,Bacillus stearothermophilus 2902,U. Mayr,GGATCC,,
,,Bacillus stearothermophilus 240,A. Atkinson,?,,
,AcyI,Bacillus stearothermophilus AC,S.K. Degtyarev,GR^CGYC,,I
,AflII,Bacillus stearothermophilus AF,S.K. Degtyarev,C^TTAAG,,I
,ApaBI,Bacillus stearothermophilus AP,NEB 1778,GCANNNN^NTGC,3(6),IN
,Bsp1407I,Bacillus stearothermophilus AU,S.K. Degtyarev,T^GTACA,,IV
,AsuII,Bacillus stearothermophilus B225,Z. Chen,TT^CGAA,,N
,BsiI,Bacillus stearothermophilus 2B,S.K. Degtyarev,CACGAG(-5/-1),,I
,BsaAI,Bacillus stearothermophilus BA,S.K. Degtyarev,YAC^GTR,,IV
,AvaI,Bacillus stearothermophilus BA,S.K. Degtyarev,CYCGRG,,
,SnaI,Bacillus stearothermophilus BS,N.I. Matvienko,GTA^TAC,,
,Cfr10I,Bacillus stearothermophilus B7S,R.A.D. Williams,R^CCGGY,,
,BbvII,Bacillus stearothermophilus BS32,N.I. Matvienko,GAAGAC(2/6),,
,BsePI,Bacillus stearothermophilus BZ153,X.S. Pan,G^CGCGC,,
,HaeIII,Bacillus stearothermophilus C1,N. Welker,GGCC,,
,Tsp4CI,Bacillus stearothermophilus 4C,S.K. Degtyarev,ACN^GT,,IV
,Cac8I,Bacillus stearothermophilus C8,S.K. Degtyarev,GCN^NGC,2(5),I
,BstEII,Bacillus stearothermophilus D428,Z. Chen,GGTNACC,,
,BsrBI,Bacillus stearothermophilus D102,L. Ge,CCGCTC(-3/-3),,
,DdeI,Bacillus stearothermophilus DE,S.K. Degtyarev,C^TNAG,,IV
,DsaI,Bacillus stearothermophilus DS,S.K. Degtyarev,C^CRYGG,,IV
,BscGI,Bacillus stearothermophilus DZ247,X.S. Pan,CCCGT,,
,,Bacillus stearothermophilus ET,ATCC 49830,?,,
,,Bacillus stearothermophilus ET,ATCC 49830,G^GTNACC,5(6),CJNV
,MboI,Bacillus stearothermophilus ET,ATCC 49830,GATC,2(6),
,EcoNI,Bacillus stearothermophilus EN,S.K. Degtyarev,CCTNN^NNNAGG,,IV
,MboI,Bacillus stearothermophilus EN,S.K. Degtyarev,^GATC,,
,HpaI,Bacillus stearothermophilus EZ359,X.S. Pan,GTT^AAC,,
,HindIII,Bacillus stearothermophilus FH58 plasmid,Z. Chen,A^AGCTT,,
,FokI,Bacillus stearothermophilus F5,S.K. Degtyarev,GGATG(2/0),-2(6),IV
,SduI,Bacillus stearothermophilus 1FB,NEB 880,GDGCHC,,
,FnuDII,Bacillus stearothermophilus,S.K. Degtyarev,CG^CG,,IV
,FauI,Bacillus stearothermophilus FZ438,X.S. Pan,CCCGC(4/6),,
,BclI,Bacillus stearothermophilus G3,N. Welker,TGATCA,,
,EcoRII,Bacillus stearothermophilus G3,N. Welker,CCWGG,,
,Esp3I,Bacillus stearothermophilus GZ53,X.S. Pan,CGTCTC(1/5),,
,XhoI,Bacillus stearothermophilus H1,N. Welker,CTCGAG,,
,HaeII,Bacillus stearothermophilus H2,S.K. Degtyarev,RGCGC^Y,,IV
,BinI,Bacillus stearothermophilus H9,X.S. Pan,GGATC(4/5),,
,HhaI,Bacillus stearothermophilus HH,S.K. Degtyarev,GCG^C,,IV
,HpaI,Bacillus stearothermophilus HP,S.K. Degtyarev,GTT^AAC,,
,BstXI,Bacillus stearothermophilus HZ55,X.S. Pan,CCANNNNN^NTGG,,
,DraIII,Bacillus stearothermophilus IZ316,X.S. Pan,CACNNN^GTG,,
,HaeIII,Bacillus stearothermophilus J460,Z. Chen,GGCC,,
,DdeI,Bacillus stearothermophilus JZ301,X.S. Pan,C^TNAG,,
,BclI,Bacillus stearothermophilus K554,Z. Chen,TGATCA,,
,MboI,Bacillus stearothermophilus KT,S.K. Degtyarev,GAT^C,,I
,,Bacillus stearothermophilus KZ418,X.S. Pan,?,,
,XhoI,Bacillus stearothermophilus L95,Z. Chen,CTCGAG,,
,ClaI,Bacillus stearothermophilus LV,C. Vasquez,ATCGAT,,
,ScaI,Bacillus stearothermophilus M571,Z. Chen,AGTACT,,
,EcoRII,Bacillus stearothermophilus M6,N.I. Matvienko,CC^WGG,,
,BsmAI,Bacillus stearothermophilus MA,S.K. Degtyarev,GTCTC(1/5),,IV
,MboI,Bacillus stearothermophilus MB,S.K. Degtyarev,^GATC,,IV
,McrI,Bacillus stearothermophilus MC,S.K. Degtyarev,CGRY^CG,,IV
,MwoI,Bacillus stearothermophilus MW,S.K. Degtyarev,GCNNNNN^NNGC,,I
,ScrFI,Bacillus stearothermophilus MZ611,X.S. Pan,^CCNGG,,
,EcoRII,Bacillus stearothermophilus,D.G. Comb,CC^WGG,2(4),NV
,BsrBI,Bacillus stearothermophilus 31N,X.S. Pan,CCGCTC(-3/-3),,
,,Bacillus stearothermophilus,NEB 928,GASTC,,
,NspI,Bacillus stearothermophilus 1161NS,S.K. Degtyarev,RCATG^Y,,IV
,AvaI,Bacillus stearothermophilus 1161NS,S.K. Degtyarev,CYCGRG,,
,ClaI,Bacillus stearothermophilus NZ169,X.S. Pan,AT^CGAT,,
,EcoRII,Bacillus stearothermophilus O22,Z. Chen,CC^WGG,,
,FinI,Bacillus stearothermophilus OZ616,X.S. Pan,GGGAC(10/14),,
,BstEII,Bacillus stearothermophilus,ATCC 12980,G^GTNACC,,
,PshAI,Bacillus stearothermophilus PA,S.K. Degtyarev,GACNN^NNGTC,,IV
,AflII,Bacillus stearothermophilus PZ740,X.S. Pan,C^TTAAG,,
,BamHI,Bacillus stearothermophilus Q407,Z. Chen,GGATCC,,
,AvaII,Bacillus stearothermophilus 4Q,Z. Chen,GGWCC,,
,AvaI,Bacillus stearothermophilus 7Q,Z. Chen,CYCGRG,,
,EcoRII,Bacillus stearothermophilus 7Q,Z. Chen,CCWGG,,
,EcoRV,Bacillus stearothermophilus R463,Z. Chen,GATATC,,
,SwaI,Bacillus stearothermophilus RZ246,X.S. Pan,ATTT^AAAT,,
,,Bacillus stearothermophilus RZ459,X.S. Pan,?,,
,AvaI,Bacillus stearothermophilus S183,Z. Chen,C^YCGRG,,
,ScrFI,Bacillus stearothermophilus SC,S.K. Degtyarev,^CCNGG,,I
,SfeI,Bacillus stearothermophilus SF,S.K. Degtyarev,C^TRYAG,,I
,BseSI,Bacillus stearothermophilus SL,S.K. Degtyarev,GKGCM^C,,I
,SnaBI,Bacillus stearothermophilus SN,S.K. Degtyarev,TAC^GTA,,IV
,SwaI,Bacillus stearothermophilus SW,S.K. Degtyarev,ATTT^AAAT,,
,BstXI,Bacillus stearothermophilus T12,N. Welker,CCANNNNNNTGG,,
,BclI,Bacillus stearothermophilus T7,V.E. Repin,T^GATCA,,
,BstEII,Bacillus stearothermophilus T9,V.E. Repin,G^GTNACC,,
,BstEII,Bacillus stearothermophilus T10,V.E. Repin,G^GTNACC,,
,BinI,Bacillus stearothermophilus 31T,X.S. Pan,GGATC(4/5),,
,BbvII,Bacillus stearothermophilus TS5,N.I. Matvienko,GAAGAC(2/6),,
,FnuDII,Bacillus stearothermophilus U458,Z. Chen,CG^CG,1(5),NV
,EcoRII,Bacillus stearothermophilus 2U,S.K. Degtyarev,CC^WGG,,IV
,XhoI,Bacillus stearothermophilus V,C. Vasquez,C^TCGAG,5(6),
,BbvI,Bacillus stearothermophilus V1,S.K. Degtyarev,GCAGC(8/12),,I
,BbvII,Bacillus stearothermophilus V2,S.K. Degtyarev,GAAGAC(2/6),,IV
,EcoNI,Bacillus stearothermophilus W574,Z. Chen,CCTNNNNNAGG,,
,,Bacillus stearothermophilus X1,N. Welker,CCANNNNN^NTGG,3(6),BIJNQVX
,MboI,Bacillus stearothermophilus X1,N. Welker,GATC,2(6),
,XhoII,Bacillus stearothermophilus X2,S.K. Degtyarev,R^GATCY,,IV
,XhoII,Bacillus stearothermophilus Y406,Z. Chen,R^GATCY,5(4),N
,XmaIII,Bacillus stearothermophilus Z130,Z. Chen,C^GGCCG,,
,BspMII,Bacillus stearothermophilus 14P,NEB 944,TCCGGA,,
,HindIII,Bacillus stearothermophilus 14P,NEB 944,AAGCTT,,
,Eam1105I,Bacillus stearothermophilus 37T,Z. Chen,GACNNNNNGTC,,
,BspMII,Bacillus stearothermophilus 31H,Z. Chen,TCCGGA,,
,AvaI,Bacillus stearothermophilus N136,Z. Chen,CYCGRG,,
,McrI,Bacillus stearothermophilus 15E,Z. Chen,CGRYCG,,
,SauI,Bacillus stearothermophilus 25Q,Z. Chen,CCTNAGG,,
,HgiJII,Bacillus stearothermophilus 26W,Z. Chen,GRGCYC,,
,PvuI,Bacillus stearothermophilus 29K,Z. Chen,CGATCG,,
,MluI,Bacillus stearothermophilus 34G,Z. Chen,ACGCGT,,
,SecI,Bacillus stearothermophilus 35L,Z. Chen,CCNNGG,,
,BclI,Bacillus stearothermophilus 35L,Z. Chen,TGATCA,,
,,Bacillus stearothermophilus 35O,Z. Chen,?,,
,,Bacillus stearothermophilus 36A,Z. Chen,?,,
,,Bacillus stearothermophilus 36N,Z. Chen,?,,
,SduI,Bacillus stearothermophilus BD102,Z. Chen,GDGCHC,,
,SalI,Bacillus stearothermophilus 37Q,Z. Chen,GTCGAC,,
,SnaI,Bacillus stearothermophilus 38M,Z. Chen,GTA^TAC,,N
,BciVI,Bacillus sphaericus Bsu,S.K. Degtyarev,GTATCC(6/5),,I
,Ksp632I,Bacillus subtilis 6vl,S.K. Degtyarev,CTCTTC(1/4),,
,ClaI,Bacillus subtilis 15,S.K. Degtyarev,AT^CGAT,5(6),B
,BspMII,Bacillus subtilis 22,N.I. Matvienko,TCCGGA,,
,BspMII,Bacillus subtilis 23,V.M. Kramarov,T^CCGGA,,
,SauI,Bacillus subtilis 36,B. Zhou,CC^TNAGG,2(4),N
,AsuI,Bacillus subtilis 54,V.M. Kramarov,G^GNCC,,
,BamHI,Bacillus subtilis 90,N.I. Matvienko,GGATCC,,
,,Bacillus subtilis strain 121,A.R. Reddy,?,,
,Eco31I,Bacillus subtilis 537,S.K. Degtyarev,GGTCTC(1/5),,
,HaeIII,Bacillus subtilis IAM 1076,IAM 1076,GGCC,,
,HaeIII,Bacillus subtilis IAM 1114,IAM 1114,GGCC,,
,,Bacillus subtilis IAM 1145,ATCC 14593,?,,
,HpaII,Bacillus subtilis,IAM 1192,CCGG,,
,FnuDII,Bacillus subtilis,IAM 1192,CGCG,,
,FnuDII,Bacillus subtilis,IAM 1193,CGCG,,
,,Bacillus subtilis IAM 1259,IAM 1259,?,,
,FnuDII,Bacillus subtilis 1532,A.A. Prozorov,CG^CG,,
,HgiJII,Bacillus subtilis 1854,A.A. Prozorov,GRGCY^C,,
,,Bacillus subtilis 2413,A.R. Reddy,?,,
,PcaII,Bacillus subtilis NCIB 3610,T. Nye,GACGAG,5(6),
,AsuI,Bacillus subtilis UCM B-5044,O.M. Reva,GGNCC,,
,HinfI,Brucella suis NCTC5061,S. Doyle,GANTC,2(6),
,FnuDII,Bacillus subtilis ATCC 6633,ATCC 6633,CGCG,,
,PcaII,Bacillus subtilis BEST7003,H. Yoshikawa,GACGAG,5(6),
,BamHI,Bacillus subtilis,NCIB 8565,GGATCC,,
,BamHI,Bacillus subtilis,NCIB 88646,GGATCC,,
,HinfI,Brucella suis NCTC10316,S. Doyle,GANTC,2(6),
,PstI,Bacillus subtilis (BsuBI),IAM 1247,CTGCA^G,5(6),
,BamHI,Bacillus subtilis B519,Y.I. Buryanov,GGATCC,,
,BamHI,Bacillus subtilis B763,Y.I. Buryanov,GGATCC,,
,,Bacillus subtilis,IAM 1247,?,?(6),
,FnuDII,Bacillus subtilis (BsuEII),IAM 1231,CGCG,1(5),
,HpaII,Bacillus subtilis,IAM 1231,C^CGG,1(5),
,,Bacillus subtilis F2,N. Jamil,?,,
,PcaII,Bacillus subtilis TO-A JPC,S. Sharma,GACGAG,5(6),
,XhoI,Bacillus subtilis 168,A. Danchin,CTCGAG,?(5),
,XhoI,Bacillus subtilis 168,A. Danchin,CTCGAG,?(5),
,XhoI,Bacillus subtilis 168,A. Danchin,CTCGAG,?(5),
,XhoI,Bacillus subtilis 168,A. Danchin,CTCGAG,?(5),
,PcaII,Bacillus subtilis PY79,J.W. Schroeder,GACGAG,?(6),
,HaeIII,Bacillus subtilis strain R,T.A. Trautner,GG^CC,3(5),BIV
,ClaI,Bacillus subtilis TU,P.M. Skowron,AT^CGAT,,
,BfiI,Bacillus simplex 2472,NEB 1400,ACTGGG,,
,MboI,Bacillus thuringiensis var canadensis,R.R. Azizbekyan,GATC,,
,HaeIII,Brochothrix thermosphacter,CAMB 2590,GG^CC,,
,DsaI,Bacillus thermoglucosidasius Btg,NEB 1165,C^CRYGG,,N
,SalI,Brevibacterium thiogenitalis,NEB 969,GTCGAC,,
,SphI,Brevibacterium thiogenitalis,NEB 969,GCATGC,,
,,Bacillus thermoglucosidasius BtgZ,NEB 1384,GCGATG(10/14),?(6),N
,XhoI,Bifidobacterium thermophilum RU326,ATCC 25866,CTCGAG,,
,BinI,Bifidobacterium thermophilum RU326,ATCC 25866,GGATC,,
,MboI,Bacillus thuringiensis ssp. amagiensis,V.E. Repin,GATC,,
,BisI,Bacillus thuringiensis BMB171,X. Shao,GCNGC,,
,MboI,Bacillus thuringiensis ssp. tolworthi,V.E. Repin,GATC,,
,MboI,Bacillus thuringiensis strain 213,V.E. Repin,GATC,,
,MboI,Bacillus thuringiensis strain 221,V.E. Repin,GATC,,
,PenI,Bacillus thuringiensis HD571,K.A. Bishop-Lilly,GCAGT,3(6),
,BinI,Bacillus thuringiensis ssp. sotto,V.E. Repin,GGATC,,
,MboI,Bacillus thuringiensis ssp. tohokuensis,V.E. Repin,GATC,,
,MboI,Bacillus thuringiensis ssp. yunnanensis,V.E. Repin,GATC,,
,MboI,Bacillus thuringiensis ssp. pondicheriensis,V.E. Repin,GATC,,
,ClaI,Bacillus thuringiensis ssp. kumamotoensis,V.E. Repin,ATCGAT,,
,MboI,Bacillus thuringiensis 1786,NEB 1422,GATC,,
,GsuI,Bacillus thuringiensis 1795,NEB 1326,CTGGAG,,
,MboI,Bacillus thuringiensis ssp. novosibirsk,V.E. Repin,GATC,,
,PvuII,Bacillus thuringiensis 2350,NEB 1397,CAGCTG,,
,PstI,Bacillus thuringiensis ssp. neolensis,V.E. Repin,CTGCAG,,
,ClaI,Bacillus thuringiensis ssp. monterrey,V.E. Repin,ATCGAT,,
,AvaII,Bacillus thuringiensis AII,CAMB 2661,G^GWCC,,
,Fnu4HI,Bacillus thuringiensis 2294,NEB 1402,GCNG^C,?(5),
,MboI,Bacillus thuringiensis ssp. canadensis,V.E. Repin,GATC,,
,EcoRII,Bacillus thuringiensis D4,CAMB 2657,CC^WGG,,
,EcoRII,Bacillus thuringiensis E,CAMB 2660,CC^WGG,,
,SfeI,Bacillus thermoglucosidasius,NEB 1563,C^TRYAG,,
,AvaII,Bacillus thuringiensis var israelensis,R.R. Azizbekyan,GGWCC,,
,FnuDII,Bacillus thuringiensis var Kumantoensis,R.R. Azizbekyan,CG^CG,,
,MboI,Bacillus thuringiensis var Kumantoensis,R.R. Azizbekyan,^GATC,,
,,Bacillus stearothermophilus SE-U62,S.K. Degtyarev,CACGTC(-3/-3),,I
,M.Btr192II,Bibersteinia trehalosi USDA-ARS-USMARC-192,G.P. Harhay,ACATC,3(6),
,,Bacillus thermoglucosidasius,NEB 1137,GCAGTG(2/0),,N
,,Bacillus thermoglucosidasius,NEB 1137,CAGTG(2/0),,N
,FokI,Bacillus thermosphaericus,NEB 1621,GGATG(2/0),,N
,SimI,Bacillus thermosphaericus,NEB 1507,GGGTC,,
,ClaI,Bacillus thuringiensis U44,R.R. Azizbekyan,ATCGAT,,
,MboI,Bacillus thuringiensis 33,V.E. Repin,GATC,,
,MboI,Bacillus thuringiensis 34,V.E. Repin,GATC,,
,HaeII,Bacillus thuringiensis 34,V.E. Repin,RGCGCY,,
,MboI,Bacillus thuringiensis 36,V.E. Repin,GATC,,
,MboI,Bacillus thuringiensis 37,V.E. Repin,GATC,,
,MboI,Bacillus thuringiensis 39,V.E. Repin,GATC,,
,MboI,Bacillus thuringiensis 41,V.E. Repin,GATC,,
,NruI,Brevibacillus thermoruber,Vivantis 61,TCG^CGA,,V
,BspMI,Brevundimonas vesicularis RFL1,V. Butkus,ACCTGC(4/8),,B
,HinfI,Brevundimonas vesicularis FDAARGOS_289,B. Goldberg,GANTC,2(6),
,,Bacillus velezensis 1B-23,N. Zhao,GACNNNNNTGG,"2(6),-3(6)",
,HinfI,Bartonella vinsonii NCTC12905,P. Informatics,GANTC,2(6),
,HgiJII,Bacillus vulgatis,OSB 816,GRGCY^C,,
,SplI,Bacteroides vulgatus,T. Kanematsu,C^GTACG,,
,MboI,Clostridium acetobutylicum N1-4081,G. Reysett,^GATC,,
,,Clostridium acetobutylicum ABKn8,G. Reysett,GCN^NGC,2(5),N
,Fnu4HI,Clostridium acetobutylicum 824,ATCC 824,GCNGC,?(5),
,BglI,Chloroflexus aggregans DSM 9485,DSM 9485,GCCNNNNNGGC,2(4),
,AlwNI,Comamonas acidovarans Iti19-021,V. Butkus,CAGNNN^CTG,,B
,,Caryophanon latum H7,W.C. Trentini,?,,
,MspI7II,Carnobacterium alterfunditum pf4,M. Blow,ACGRAG,5(6),
,,Cellulophaga algicola DSM 14237,DSM 14237,GGTTAG,5(6),
,,Clostridium algidicarnis strain B3,W. Kelly,GRTTRAG,6(6),
,SmaUMH5I,Citrobacter amalonaticus FDAARGOS_166,B. Goldberg,CTTGAC,5(6),
,MboI,Citrobacter amalonaticus FDAARGOS_122,B. Goldberg,GATC,2(6),
,EcoRII,Citrobacter amalonaticus FDAARGOS_122,B. Goldberg,CCWGG,?(5),
,EcoRII,Citrobacter amalonaticus FDAARGOS_165,B. Goldberg,CCWGG,?(5),
,PvuI,Caulobacter species RFL2,A. Janulaitis,CGATCG,,
,Ksp632I,Croceibacter atlanticus HTCC2559,S.J. Giovannoni,CTCTTC(1/4),,
,AvaII,Chloroflexus aurantiacus,A. Bingham,G^GWCC,,
,,Chloroflexus aurantiacus,A. Bingham,CC^SGG,,
,PstI,Chloroflexus aurantiacus,A. Bingham,CTGCAG,,
,,Clostridium autoethanogenum,DSM 10061,GTTAAT,5(6),
,BspMII,Chloroflexus aurantiacus B3,V.M. Kramarov,T^CCGGA,,
,,Cellulophaga baltica 13,K. Holmfeldt,AGGAAT,5(6),
,,Cellulophaga baltica NN016038,K. Holmfeldt,CCTNAYNC,5(6),
,BsiI,Cupriavidus basilensis 4G11,J. Ray,CACGAG,5(6),
,HaeIII,Caldicellulosiruptor bescii,DSM 6725,GG^CC,3(4),
,AsuII,Clostridium bifermentans B-4,T. Mitsuoka,TT^CGAA,,
,HpaII,Clostridium botulinum,ATCC 25765,C^CGG,2(5),
,Cbo67071IV,Clostridium botulinum CDC_1632,K.K. Hill,GCRGAAG,6(6),
,,Clostridium botulinum CDC_67071,K.K. Hill,GCRGAAG,6(6),
,GsuI,Clostridium botulinum B305,S.L. Johnson,CTGGAG,"5(6),-5(6)",
,EcoRII,Citrobacter braakii 1146,NEB 1293,CC^WGG,,
,EcoRII,Citrobacter braakii FDAARGOS_253,B. Goldberg,CCWGG,2(5),
,MboI,Citrobacter braakii FDAARGOS_253,B. Goldberg,GATC,2(6),
,MboI,Citrobacter braakii NCTC13630,S. Doyle,GATC,2(6),
,BisI,Clostridium butyricum DKU-01,KCTC 12367BP,GCNGC,,
,M.CboB742IV,Clostridium carboxidivorans P7,DSM 15243,GATAAT,5(6),
,,Clostridium carboxidivorans P7,DSM 15243,CRAAAAR,6(6),
,HpaII,Clostridium cellulolyticum,ATCC 35319,CCGG,?(5),
,HgaI,Clostridium cellulovorans 743B,DSM 3052,GACGC,5(5),
,EcoRII,Clostridium cellulovorans 743B,DSM 3052,CCWGG,1(5),
,MaeI,Chlorobium chlorochromatii CaD3,D. Bryant,C^TAG,,
,,Chlorobium chlorochromatii CaD3,D. Bryant,GGARGA(11/9),?(6),
,,Chlorobium chlorochromatii CaD3,D. Bryant,CCCAAG(20/18),?(6),
,,Clostridium chauvoei 12S0467,P. Thomas,GNGAAAY,6(6),
,Cch467III,Clostridium chauvoei DSM 7528,DSM 7528,GNGAAAY,6(6),
,BspHI,Curtobacterium citreus,S.K. Degtyarev,T^CATGA,,I
,NotI,Curtobacterium citreum N,S.K. Degtyarev,GC^GGCCGC,,IV
,NaeI,Clostridium coccoides B-2,T. Kanematsu,GCC^GGC,,
,CjuII,Campylobacter coli meC0280 (DSM 101856),A.E. Zautner,GAGNNNNNRTG,"2(6),-2(6)",
,Cco14983V,Campylobacter coli meC0280 (DSM 101856),A.E. Zautner,GGGTDA,6(6),
,CjuII,Campylobacter coli meC0281,DSM 104626,GAGNNNNNRTG,"2(6),-2(6)",
,Cco14983V,Campylobacter coli meC0281,DSM 104626,GGGTDA,6(6),
,M.Kgl21III,Campylobacter coli BFR-CA-9557,DSM 100395,CAAGAA,6(6),
,Cco14983V,Campylobacter coli BFR-CA-9557,DSM 100395,GGGTDA,6(6),
,CjuII,Campylobacter coli NCTC11366,S. Doyle,GAGNNNNNRTG,"2(6),-2(6)",
,,Campylobacter coli NCTC11366,S. Doyle,GAAGAA,6(6),
,Cco14983V,Campylobacter coli NCTC11437,S. Doyle,GGGTDA,6(6),
,M.Kgl21III,Campylobacter coli NCTC11437,S. Doyle,CAAGAA,6(6),
,,Campylobacter coli NCTC11437,S. Doyle,CAYNNNNNRTAG,"2(6),-3(6)",
,Cco14983V,Campylobacter coli NCTC12143,P. Informatics,GGGTDA,6(6),
,CjuII,Campylobacter coli NCTC12568,S. Doyle,GAGNNNNNRTG,"2(6),-2(6)",
,Cco11366VI,Campylobacter coli NCTC12568,S. Doyle,GAAGAA,6(6),
,CjuI,Campylobacter coli NCTC12570,S. Doyle,CAYNNNNNRTG,2(6),
,Cco14983V,Campylobacter coli NCTC12571,S. Doyle,GGGTDA,6(6),
,CjuII,Campylobacter coli NCTC12571,S. Doyle,CAYNNNNNCTC,"2(6),-2(6)",
,M.Kgl21III,Campylobacter coli NCTC12884,S. Doyle,CAAGAA,6(6),
,M.Kgl21III,Campylobacter coli NCTC12885,S. Doyle,CAAGAA,6(6),
,CjuII,Campylobacter coli 14983A,W.G. Miller,GAGNNNNNRTG,"2(6),-2(6)",
,,Campylobacter coli 14983A,W.G. Miller,GGGTDA,6(6),
,,Campylobacter coli 14983A,W.G. Miller,GCYGA,5(6),
,CjuII,Campylobacter coli CFSAN054106,M. Hoffmann,GAGNNNNNRTG,"2(6),-2(6)",
,Cco14983V,Campylobacter coli meC0467 (DSM104627),A.E. Zautner,GGGTDA,6(6),
,MboI,Campylobacter coli LMG 23336,M. Stanhope,GATC,,
,EcoP15I,Coprococcus comes,ATCC 27758,CAGCAG,?(6),
,CjuI,Campylobacter coli P13,J.M.B. Vitor,CAYNNNNNRTG,,
,MboI,Campylobacter coli P31,J.M.B. Vitor,GATC,,
,RsaI,Campylobacter coli P73,J.M.B. Vitor,GTAC,,
,MboI,Campylobacter coli P76,J.M.B. Vitor,GATC,,
,MboI,Campylobacter coli P84,J.M.B. Vitor,GATC,,
,HhaI,Campylobacter coli P95,J.M.B. Vitor,GCGC,,
,MboI,Campylobacter coli P95,J.M.B. Vitor,GATC,,
,Fnu4HI,Campylobacter coli P215,J.M.B. Vitor,GCNGC,,
,Fnu4HI,Campylobacter coli P216,J.M.B. Vitor,GCNGC,,
,MboI,Campylobacter coli P219,J.M.B. Vitor,GATC,,
,XhoI,Caulobacter crescentus CB-13,J. Poindexter,C^TCGAG,,
,,Caulobacter crescentus NA1000,S. Crosson,CGACCAG,6(6),
,AsuI,Chroococcidiopsis cubana,A.J. Podhajska,G^GNCC,,
,MboI,Clostridium cylindrosporum,C.S. Chen,^GATC,,
,,Clostridium difficile CD3,N.P. Minton,CATCG(-1/-1),,
,EcoRII,Citrobacter diversus RFL27,A. Janulaitis,CCWGG,,
,MspI7IV,Clostridioides difficile BR81,J.-Y. Lee,GCMGAAG,6(6),
,CdpI,Corynebacterium diphtheriae FDAARGOS_197,L. Kerrigan,GCGGAG,5(6),
,CdpI,Corynebacterium diphtheriae B-D-16-78,K.W. Hong,GCGGAG,5(6),
,CdpI,Corynebacterium diphtheriae NCTC7838,P. Informatics,GCGGAG,5(6),
,,Corynebacterium diphtheriae,NCTC 11397,GCGCAG,5(6),
,MspI7IV,Clostridioides difficile NCTC13746,P. Informatics,GCMGAAG,6(6),
,,Clostridioides difficile NCTC13746,P. Informatics,RGAAAGR,5(6),
,Cdi13746V,Clostridioides difficile NCTC13748,S. Doyle,RGAAAGR,5(6),
,,Clostridioides difficile NCTC13750,P. Informatics,CCGATCC,4(6),
,MspI7IV,Clostridioides difficile 20476,P.H. Oliveira,GCMGAAG,6(6),
,MspI7IV,Clostridioides difficile 20700,P.H. Oliveira,GCMGAAG,6(6),
,MspI7IV,Clostridioides difficile 21024,P.H. Oliveira,GCMGAAG,6(6),
,MspI7IV,Clostridioides difficile 21025,P.H. Oliveira,GCMGAAG,6(6),
,AsuI,Citrobacter diversus,ATCC 25408,GGNCC,,
,AsuI,Clostridium difficile CD6,N.P. Minton,GGNCC,4(5),
,MboI,Clostridium difficile CD6,N.P. Minton,GATC,2(6),
,,Corynebacterium diphtheriae,NCTC 13129,GCGGAG(20/18),?(6),
,,Cronobacter dublinensis subsp. dublinensis LMG 23823,P. Descombes,GTGAAG,5(6),
,BamHI,Coccochloris elabens 17a,ATCC 27265,G^GATCC,,
,EspI,Coccochloris elabens 17a,ATCC 27265,GC^TNAGC,,V
,EcoRV,Corynebacterium equi,E.G. Duda,GAT^ATC,,
,ApoI,Curtobacterium flaccumfaciens,Vivantis 216,R^AATTY,,
,,Clostridium fallax NCTC8380,S. Doyle,GRGGAY,5(6),
,MboI,Citrobacter farmeri CCRI-24236,J.Y. Abed,GATC,2(6),
,EcoRII,Citrobacter farmeri CCRI-24236,J.Y. Abed,CCWGG,?(5),
,PstI,Cellulomonas flavigena,IFO 3753,CTGCA^G,,
,M.DfeII,Curtobacterium flaccumfaciens pv. flaccumfaciens DSM 20129,DSM 20129,GAGAAG,5(6),
,HhaI,Clostridium formicoaceticum,ATCC 23439,GCG^C,,S
,,Citrobacter freundii RFL2,A. Janulaitis,Y^GGCCR,4(5),
,AsuI,Citrobacter freundii RFL4,A. Janulaitis,GGNCC,,
,EcoRII,Citrobacter freundii RFL5,A. Janulaitis,CCWGG,,
,PvuII,Citrobacter freundii RFL6,A. Janulaitis,CAG^CTG,4(4),
,BstEII,Citrobacter freundii RFL7,A. Janulaitis,GGTNACC,,
,AsuI,Citrobacter freundii RFL8,A. Janulaitis,GGNCC,,
,SmaI,Citrobacter freundii,A. Janulaitis,C^CCGGG,2(4),B
,,Citrobacter freundii RFL10,A. Janulaitis,R^CCGGY,2(5),BV
,EcoRII,Citrobacter freundii RFL11,A. Janulaitis,CCWGG,,
,AsuI,Citrobacter freundii RFL13,A. Janulaitis,G^GNCC,4(5),BV
,CfrI,Citrobacter freundii RFL14,A. Janulaitis,YGGCCR,,
,BstEII,Citrobacter freundii RFL19,A. Janulaitis,GGTNACC,,
,EcoRII,Citrobacter freundii RFL20,A. Janulaitis,CCWGG,,
,EcoRII,Citrobacter freundii RFL22,A. Janulaitis,CCWGG,,
,EcoRII,Citrobacter freundii AR_0023,J.A. Segre,CCWGG,?(5),
,AsuI,Citrobacter freundii RFL23,A. Janulaitis,GGNCC,,
,EcoRII,Citrobacter freundii RFL24,A. Janulaitis,CCWGG,,
,EcoRII,Citrobacter freundii RFL25,A. Janulaitis,CCWGG,,
,EcoRII,Citrobacter freundii RFL27,A. Janulaitis,CCWGG,,
,EcoRII,Citrobacter freundii RFL28,A. Janulaitis,CCWGG,,
,EcoRII,Citrobacter freundii RFL29,A. Janulaitis,CCWGG,,
,EcoRII,Citrobacter freundii RFL30,A. Janulaitis,CCWGG,,
,EcoRII,Citrobacter freundii RFL31,A. Janulaitis,CCWGG,,
,HindIII,Citrobacter freundii RFL32,A. Janulaitis,AAGCTT,,
,AsuI,Citrobacter freundii RFL33,A. Janulaitis,GGNCC,,
,EcoRII,Citrobacter freundii RFL35,A. Janulaitis,CCWGG,,
,SacII,Citrobacter freundii RFL37,A. Janulaitis,CCGCGG,,
,CfrI,Citrobacter freundii RFL38,A. Janulaitis,YGGCCR,,
,CfrI,Citrobacter freundii RFL39,A. Janulaitis,YGGCCR,,
,CfrI,Citrobacter freundii RFL40,A. Janulaitis,YGGCCR,,
,SacII,Citrobacter freundii RFL41,A. Janulaitis,CCGCGG,,
,SacII,Citrobacter freundii RFL42,A. Janulaitis,CCGC^GG,?(5),BV
,SacII,Citrobacter freundii RFL43,A. Janulaitis,CCGCGG,,
,AsuI,Citrobacter freundii RFL45,A. Janulaitis,GGNCC,,
,SacII,Citrobacter freundii RFL45,A. Janulaitis,CCGCGG,,
,AsuI,Citrobacter freundii RFL46,A. Janulaitis,GGNCC,,
,AsuI,Citrobacter freundii RFL47,A. Janulaitis,GGNCC,,
,HgiJII,Citrobacter freundii RFL48,A. Janulaitis,GRGCYC,,
,PvuI,Citrobacter freundii RFL51,A. Janulaitis,CGATCG,,
,AsuI,Citrobacter freundii RFL52,A. Janulaitis,GGNCC,,
,AsuI,Citrobacter freundii RFL54,A. Janulaitis,GGNCC,,
,CfrI,Citrobacter freundii RFL55,A. Janulaitis,YGGCCR,,
,Eco31I,Citrobacter freundii RFL56,A. Janulaitis,GGTCTC,,
,BspMII,Citrobacter freundii RFL57,A. Janulaitis,TCCGGA,,
,EcoRII,Citrobacter freundii RFL58,A. Janulaitis,CCWGG,,
,CfrI,Citrobacter freundii RFL59,A. Janulaitis,YGGCCR,,
,AflII,Citrobacter freundii RFL92,A. Janulaitis,CTTAAG,,
,S.CfrAI,Citrobacter freundii,NCTC 9750,GCANNNNNNNNGTGG,?(6),
,PstI,Citrobacter freundii A4,CAMB 2537,CTGCA^G,,
,MboI,Citrobacter species ABFQG,J.A. Segre,GATC,2(6),
,StyI,Citrobacter freundii 4111,A.S. Solonin,C^CWWGG,1(4),
,PvuRts1I,Citrobacter freundii 4_7_47CFAA,A. Earl,C(11/9),,
,MboI,Citrobacter freundii AR_0023,J.A. Segre,GATC,2(6),
,MboI,Citrobacter freundii NCTC6266,S. Doyle,GATC,2(6),
,SmaI,Citrobacter freundii J4,CAMB 2599,CCC^GGG,,
,BsePI,Citrobacter freundii,CAMB 2600,GCGCGC,,
,,Citrobacter freundii UMH13,M.T. Anderson,AGCANCC,4(6),
,EcoRII,Citrobacter freundii UMH13,M.T. Anderson,CCWGG,?(5),
,EcoRII,Citrobacter freundii UMH14,M.T. Anderson,CCWGG,?(5),
,Kpn327I,Citrobacter freundii UMH15,M.T. Anderson,GACATC,"4(6),-2(6)",
,EcoRII,Citrobacter freundii UMH16,M.T. Anderson,CCWGG,?(5),
,,Citrobacter freundii UMH16,M.T. Anderson,CTAAAG,5(6),
,EcoRII,Citrobacter pasteurii UMH17,M.T. Anderson,CCWGG,?(5),
,EcoRII,Citrobacter freundii UMH19,M.T. Anderson,CCWGG,?(5),
,MboI,Citrobacter pasteurii UMH17,M.T. Anderson,GATC,2(6),
,AsuI,Citrobacter freundii,ATCC 11102,GGNCC,,
,MboI,Citrobacter freundii complex species CFNIH9,J.A. Segre,GATC,2(6),
,EcoRII,Citrobacter freundii S39,W. Piepersberg,CCWGG,,
,DpnI,Caulobacter fusiformis BC-25,A. Janulaitis,GA^TC,,
,PstI,Caulobacter fusiformis BC-25,A. Janulaitis,CTGCA^G,,
,,Caulobacter fusiformis BC-25,A. Janulaitis,?,,
,,Carnobacterium funditum pf3,M. Blow,GARCAG,5(6),
,M.SspS23I,Caproiciproducens galactitolivorans BS-1,JCM 30532,CGANNNNNNTGA,"3(6),-3(6)",
,TauI,Corynebacterium glutamicum,ATCC 13032,GCSGC,?(5),
,,Corynebacterium glutamicum 165,D.C. Ri,?,,
,,Corynebacterium glutamicum ATCC 13032,S. Binder,GGCGCA,6(6),
,,Corynebacterium glutamicum ATCC 13032,S. Binder,ACGABGG,4(6),
,SphI,Corynebacterium glutamicum,NEB 968,GCATGC,,
,SalI,Corynebacterium glutamicum,NEB 968,GTCGAC,,
,MboI,Corynebacterium halofytica,M.M. Wijdenbosch,GATC^,,
,,Clostridium histolyticum,R. Hansen,?,,
,HindIII,Corynebacterium humiferum,ATCC 21108,AAGCTT,,
,HindII,Corynebacterium humiferum,ATCC 21108,GTYRAC,,
,StuI,Corynebacterium hydrocarboclastum,ATCC 21628,AGGCCT,,
,MboI,Clostridium indolis 1467,U. Mayr,GATC,,
,,Clostridium indolis NCTC11811,P. Informatics,TGKMCA,6(6),
,XhoI,Catenuloplanes japonicus,ATCC 31637,CTCGAG,,
,,Campylobacter jejuni P37,J.M.B. Vitor,(8/14)CCANNNNNNGT(15/9),?(6),
,CjeNV,Campylobacter jejuni subsp. jejuni FDAARGOS_262,L. Kerrigan,CCYGA,5(6),
,CjeNV,Campylobacter jejuni subsp. jejuni FDAARGOS_263,L. Kerrigan,CCYGA,5(6),
,CjeNIII,Campylobacter jejuni subsp. jejuni FDAARGOS_263,L. Kerrigan,GKAAYG,4(6),
,CjeNII,Campylobacter jejuni subsp. jejuni FDAARGOS_263,L. Kerrigan,GAGNNNNNGT,"2(6),-1(6)",
,Cje265V,Campylobacter jejuni subsp. jejuni FDAARGOS_264,ATCC 33292D-5,GKAAGC,4(6),
,CjeI,Campylobacter jejuni subsp. jejuni FDAARGOS_265,L. Kerrigan,CCANNNNNNGT,"3(6),-1(6)",
,,Campylobacter jejuni subsp. jejuni FDAARGOS_265,L. Kerrigan,GKAAGC,4(6),
,CjeNIII,Campylobacter jejuni subsp. jejuni NCTC10983,P. Informatics,GKAAYG,4(6),
,CjeNV,Campylobacter jejuni subsp. jejuni NCTC10983,P. Informatics,CCYGA,5(6),
,S.MjaVII,Campylobacter jejuni subsp. jejuni NCTC10983,P. Informatics,CAANNNNNNNTGG,"3(6),-3(6)",
,CjuII,Campylobacter jejuni subsp. jejuni NCTC12109,P. Informatics,GAGNNNNNRTG,"2(6),-2(6)",
,Cje265V,Campylobacter jejuni subsp. jejuni NCTC12109,P. Informatics,GKAAGC,4(6),
,KpnNH25III,Campylobacter jejuni subsp. jejuni NCTC12109,P. Informatics,CTRGAG,5(6),
,CjeFIII,Campylobacter jejuni NCTC13105,S. Doyle,GCAAGG,4(6),
,Cje265V,Campylobacter jejuni NCTC13261,P. Informatics,GKAAGC,4(6),
,CjeNII,Campylobacter jejuni NCTC13362,S. Doyle,GAGNNNNNGT,"2(6),-1(6)",
,CjeNIII,Campylobacter jejuni NCTC13362,S. Doyle,GKAAYG,4(6),
,CjeNV,Campylobacter jejuni NCTC13362,S. Doyle,CCYGA,5(6),
,Cje265V,Campylobacter jejuni 32488,J. Jones,GKAAGC,4(6),
,,Campylobacter jejuni CFSAN054107,M. Hoffmann,GKAAYC,4(6),
,CjeNII,Campylobacter jejuni subsp. jejuni NCTC11168,S. Doyle,GAGNNNNNGT,"2(6),-1(6)",
,CjeNIII,Campylobacter jejuni subsp. jejuni NCTC11168,S. Doyle,GKAAYG,4(6),
,CjeNV,Campylobacter jejuni subsp. jejuni NCTC11168,S. Doyle,CCYGA,5(6),
,MboI,Campylobacter jejuni NCTC12850,P. Informatics,GATC,2(6),
,S.CjeFII,Campylobacter jejuni strain 81-176,R.E. Mandrell,AGTNNNNNNRTTG,"1(6),-3(6)",
,,Campylobacter jejuni strain 81-176,R.E. Mandrell,GCAAGG,4(6),
,S.CjeNIV,Campylobacter jejuni strain 81-176,R.E. Mandrell,GCANNNNNRTTA,"3(6),-3(6)",
,,Campylobacter jejuni strain 81-176,R.E. Mandrell,GGRCA,5(6),
,CjuII,Campylobacter jejuni F38011,L. O'Loughlin,GAGNNNNNRTG,"2(6),-2(6)",
,Cje54107III,Campylobacter jejuni F38011,L. O'Loughlin,GKAAYC,4(6),
,CjuII,Campylobacter jejuni subsp. jejuni IA3902,Q. Zhang,GAGNNNNNRTG,"2(6),-2(6)",
,,Campylobacter jejuni 11168,NCTC 11168,GAGNNNNNGT,"2(6),-1(6)",
,,Campylobacter jejuni 11168,NCTC 11168,GKAAYG(19/17),4(6),
,S.CjeNIV,Campylobacter jejuni 11168,NCTC 11168,GCANNNNNRTTA,"3(6),-3(6)",
,,Campylobacter jejuni 11168,NCTC 11168,CCYGA,5(6),
,,Campylobacter jejuni P116,J.M.B. Vitor,(7/13)CCANNNNNNNTC(14/8),,
,MboI,Campylobacter jejuni P338,J.M.B. Vitor,GATC,,
,SfaNI,Campylobacter jejuni P338,J.M.B. Vitor,GCATC,,
,,Campylobacter jejuni P659,J.M.B. Vitor,CACNNNNNNNGAA,,
,CjeNV,Campylobacter jejuni YH002,Y. He,CCYGA,5(6),
,CjeNIII,Campylobacter jejuni YH002,Y. He,GKAAYG,4(6),
,CjeNII,Campylobacter jejuni YH002,Y. He,GAGNNNNNGT,"2(6),-1(6)",
,,Campylobacter jejuni RFL1,Fermentas G311,CAYNNNNNRTG,,
,,Campylobacter jejuni RFL1,Fermentas G311,CAYNNNNNCTC,,
,EcoRII,Citrobacter koseri FDAARGOS_86,H. Sichtig,CCWGG,?(5),
,EcoRII,Citrobacter koseri FDAARGOS_164,B. Goldberg,CCWGG,?(5),
,,Citrobacter koseri NCTC11077,S. Doyle,TGACAG,5(6),
,MboI,Citrobacter koseri AR_0025,J.A. Segre,GATC,2(6),
,MboI,Citrobacter koseri FDAARGOS_164,B. Goldberg,GATC,2(6),
,MboI,Citrobacter koseri FDAARGOS_393,T. Minogue,GATC,2(6),
,MboI,Citrobacter koseri NCTC10810,S. Doyle,GATC,2(6),
,MboI,Citrobacter koseri NCTC10849,P. Informatics,GATC,2(6),
,MboI,Citrobacter koseri NCTC11075,P. Informatics,GATC,2(6),
,MboI,Citrobacter koseri NCTC11077,S. Doyle,GATC,2(6),
,,Corynebacterium kroppenstedtii,DSM 44385,?,?(6),
,PstII,Corynebacterium kutscheri NCTC11138,P. Informatics,CATCAG,5(6),
,,Caryophanon latum L,ATCC 49862,AT^CGAT,5(6),NQSVX
,,Campylobacter lari,NCTC 11845,GCGAA,5(6),
,PstI,Cylindrospermum lichenforme,ATCC 29412,CTGCAG,,
,MstI,Cylindrospermum lichenforme,ATCC 29412,TGCGCA,,
,AvaII,Cylindrospermum lichenforme,UTEX 2014,GGWCC,,
,MstI,Cylindrospermum lichenforme,UTEX 2014,TGCGCA,,
,,Cylindrospermum lichenforme,UTEX 2014,?,,
,,Clostridium ljungdahlii,DSM 13528,?,,
,HaeIII,Caryophanon latum,ATCC 15219,GGCC,,
,AvaII,Caryophanon latum,ATCC 15219,GGWCC,,
,HaeIII,Caryophanon latum,DSM 484,GG^CC,,
,,Caryophanon latum RII,H. Mayer,?,,
,,Cellulophaga lytica DSM 7489,DSM 7489,AAAAGRG,4(6),
,Fnu4HI,Clostridium mangenotii LM2,W. Kelly,GCNGC,2(5),
,HinfI,Caulobacter mirabilis FWC 38,A. Fiebig,GANTC,2(6),
,MboI,Cedecea neteri FDAARGOS_392,T. Minogue,GATC,2(6),
,MboI,Cedecea neteri NCTC12120,S. Doyle,GATC,2(6),
,FnuDII,Clostridium pasteurianum 1150,U. Mayr,CGCG,,
,FnuDII,Clostridium pasteurianum,ATCC 6013,CGCG,,
,MboI,Clostridium pasteurianum,NRCC 33011,GATC,,
,BclI,Corynebacterium petrophilum,ATCC 19080,TGATCA,,
,,Clostridium perfringens NCTC2837,S. Doyle,GRNACAYT,6(6),
,,Clostridium perfringens NCTC10578,S. Doyle,GANGAGY,5(6),
,,Clostridium perfringens NCTC13170,S. Doyle,GTTGNAG,6(6),
,MboI,Clostridium perfringens,R. Hansen,^GATC,,
,MboI,Clostridium perfringens,H.P. Blaschek,GATC,,
,SmaI,Chlorobium phaeobacteroides BS1,D. Bryant,CCCGGG,?(4),
,RsrII,Caseobacter polymorphus,ATCC 33010,CG^GWCCG,,B
,MboI,Citrobacter portucalensis PNUCL1,T.M. Nguyen,GATC,2(6),
,,Clostridium proteoclasticum JK 669,P. Pristas,?,,
,VspI,Clostridium proteoclasticum JK 722,P. Pristas,ATTAAT,,
,,Corynebacterium ulcerans NCTC7908,S. Doyle,GCGGGA,6(6),
,,Chlamydomonas reinhardtii,J.-D. Rochaix,?,?(5),
,,Cronobacter sakazakii NEBC8421,J. Lomax,?,,
,,Cronobacter sakazakii NCTC9238,S. Doyle,CAAANTC,4(6),
,Yps3606I,Cronobacter sakazakii NCTC11467,S. Doyle,CGGAAG,5(6),
,SacII,Calothrix scopulorum,CCAP 1410/5,CCGC^GG,,
,HgaI,Chryseobacterium species RFL1,Fermentas G281,GACGC(5/10),,B
,SexAI,Cellulomonas species RFL1,Fermentas G356,A^CCWGGT,,
,AgeI,Corynebacterium species A,N.N. Sokolov,A^CCGGT,,
,NotI,Corynebacterium species B,N.N. Sokolov,GC^GGCCGC,,
,RsrII,Corynebacterium species,M. Nelson,CG^GWCCG,,
,HaeIII,Corynebacterium species RFL2,A. Janulaitis,GGCC,,
,ClaI,Corynebacterium species RFL4,A. Janulaitis,ATCGAT,,
,MboI,Corynebacterium species RFL5,A. Janulaitis,GATC,,
,RsaI,Corynebacterium species RFL6,A. Janulaitis,G^TAC,,B
,HinfI,Caulobacter species FWC26,A. Fiebig,GANTC,2(6),
,AsuII,Clostridium sporogenes,T. Schoenfeld,TT^CGAA,,
,HindIII,Citrobacter species RFL231,T. Kaczorowski,AAGCTT,,
,HhaI,Clostridium sporogenes 1470,U. Mayr,GCGC,,
,,Curtobacterium species MR_MD2014,R.M. Mariita,GGAGGC,3(6),
,S.Sag908I,Campylobacter sputorum subsp. bubulus NCTC12474,S. Doyle,GAGNNNNRTAA,"2(6),-3(6)",
,S.Sag908I,Campylobacter sputorum biovar sputorum NCTC12475,S. Doyle,GAGNNNNRTAA,"2(6),-3(6)",
,AgeI,Corynebacterium species 301,N.N. Sokolov,A^CCGGT,,C
,NotI,Corynebacterium species B Sokolov,N.N. Sokolov,GC^GGCCGC,,
,,Caulobacter species BP25,A. Fiebig,CCANNNNNRTGA,"3(6),-3(6)",
,,Citrobacter species 2144,NEB 1398,(11/13)CAANNNNNGTGG(12/10),"3(6),-3(6)",N
,SfaNI,Caldicellulosiruptor species DIB 104C,S. Swinnen,GCATC,"3(6),-2(6)",
,AvaII,Cyanothece species BH68K,ATCC 51142,G^GWCC,?(5),
,AsuII,Cyanothece species BH68K,ATCC 51142,TT^CGAA,,
,AvaIII,Cyanothece species BH68K,ATCC 51142,ATGCA^T,,
,HpaII,Cyanothece species BH68K,ATCC 51142,CCGG,?(5),
,HaeIII,Cyanothece species BH68K,ATCC 51142,GGCC,?(4),
,FnuDII,Cyanothece species BH68K,ATCC 51142,CG^CG,,
,,Curtobacterium species L6-1,A.J. Ellington,TYGAYCT,4(6),
,MboI,Cedecea species M006,K.G. Chan,GATC,2(6),
,,Caulobacter species X,A. Fiebig,ACCCCA,6(6),
,PstI,Clostridium sticklandii,C.S. Chen,CTGCA^G,,
,,Corynebacterium striatum M82B,A. Tauch,AAGGAG(20/18),?(6),
,,Caulobacter subvibroides,ATCC 15264,?,,
,SacII,Comamonas testosteroni RFL1,A. Janulaitis,CCGCGG,,
,MboI,Clostridium tetanomorphum 1179,U. Mayr,GATC,,
,MboI,Clostridium tetanomorphum 1180,U. Mayr,GATC,,
,BclI,Clostridium thermocellum ATCC 27405,ATCC 27405,TGATCA,,
,EcoRII,Clostridium thermocellum ATCC 27405,ATCC 27405,CC^WGG,,
,MboI,Clostridium thermohydrosulfuricum,DSM 568,GATC,,
,Cre7908I,Corynebacterium ulcerans NCTC7910,NCTC 7910,GCGGGA,6(6),
,Cre7908I,Corynebacterium ulcerans NCTC8639,S. Doyle,GCGGGA,6(6),
,MboI,Cronobacter universalis NCTC 9529,NCTC 9529,GATC,2(6),
,MboI,Cronobacter universalis,NCTC 9529,GATC,2(6),
,M.Cur10941I,Campylobacter ureolyticus NCTC10941,S. Doyle,GACNNNNNNTC,"2(6),-2(6)",
,,Cystobacter velatus Plv9,H. Reichenbach,?,,
,,Chromobacterium violaceum,ATCC 12472,?,,
,MboI,Chlorella virus NC64A (PBCV-1),J.L. Van Etten,^GATC,2(6),
,NlaIII,Chlorella virus NC64A (PBCV-1),J.L. Van Etten,C^ATG,2(6),
,HinfI,Chlorella virus NC-1A,J.L. Van Etten,G^ANTC,2(6),
,MboI,Chlorella virus NC-1A,J.L. Van Etten,GATC,,
,TaqI,Chlorella virus NC-1A,J.L. Van Etten,TCGA,4(6),
,HinfI,Chlorella virus NC64A (NE-8A),J.L. Van Etten,GANTC,,
,HinfI,Chlorella virus Al-2C,J.L. Van Etten,GANTC,,
,HinfI,Chlorella virus MA-1E,J.L. Van Etten,GANTC,,
,HinfI,Chlorella virus NY-2F,J.L. Van Etten,GANTC,,
,HinfI,Chlorella virus CA-1D,J.L. Van Etten,GANTC,,
,MboI,Chlorella virus NC-1C,J.L. Van Etten,GATC,,
,,Chlorella virus IL-3A,J.L. Van Etten,RG^CY,"3(5),-3(5)",QX
,CviJI,Chlorella virus CA-1A,J.L. Van Etten,RG^CY,,N
,CviJI,Chlorella virus CA-1A,J.L. Van Etten,RG^CY,3(5),
,CviJI,Chlorella virus CA-2A,J.L. Van Etten,RGCY,,
,CviJI,Chlorella virus IL-2A,J.L. Van Etten,RGCY,,
,CviJI,Chlorella virus IL-2B,J.L. Van Etten,RGCY,,
,CviJI,Chlorella virus IL-3D,J.L. Van Etten,RGCY,,
,,Chlorella virus NYs-1,J.L. Van Etten,GC,2(5),
,RsaI,Chlorella virus NY-2A,J.L. Van Etten,G^TAC,3(6),N
,,Chlorella virus XZ-6E,J.L. Van Etten,TG^CA,4(6),
,RsaI,Chlorella virus XZ-6E,J.L. Van Etten,G^TAC,3(6),
,CviRI,Chlorella virus SC-1A,J.L. Van Etten,TGCA,4(6),
,NlaIII,Chlorella virus SC-1A,J.L. Van Etten,CATG,2(6),
,TaqI,Chlorella virus SC-1A,J.L. Van Etten,TCGA,4(6),
,SauI,Chromatium vinosum,G.C. Grosveld,CC^TNAGG,,
,EcoRII,Citrobacter werkmanii UMH18,M.T. Anderson,CCWGG,?(5),
,ApaLI,Deleya aquamana,V.E. Repin,GTGCAC,,
,,Dictyobacter aurantiacus S-27,NBRC 109595,?,,
,,Daucus carota,R. Cella,?,?(5),
,,Daucus carota,R. Cella,?,?(5),
,,Desulfovibrio desulfuricans Norway strain,NCIB 83120,C^TNAG,1(5),NOQSVX
,XhoI,Desulfovibrio desulfuricans Norway strain,NCIB 83120,CTCGAG,,
,,Desulfitobacterium dehalogenans,ATCC 51507,CCWGG,,
,BamHI,Desulfovibrio desulfuricans,ATCC 27774,GGATCC,,
,Xca85IV,Dickeya fangzhongdai PA1,J. Zhang,TACGAG,5(6),
,MboI,Dickeya fangzhongdai PA1,J. Zhang,GATC,2(6),
,,Dickeya fangzhongdai strain ND14b,K.G. Chan,?,,
,NarI,Deinococcus indicus,Vivantis 83,GGC^GCC,,V
,PvuII,Deleya marina,IAM 14114,CAG^CTG,,
,,Drosophila melanogaster,G. Reuter,?,?(5),
,,Desulfococcus mobilus,W. Zillig,?,,
,GsuI,Desulfomicrobium orale,DSM 12838,CTGGAG,5(6),
,ScaI,Deleya pacifica,IAM 14115,AGT^ACT,,
,,Dolosigranulum pigrum KPL3069,S.Z. Flores-Ramos,GACAG,4(6),
,,Dolosigranulum pigrum KPL3084,K.P. Lemon,CGRAG,4(6),
,,Dolosigranulum pigrum KPL3090,K.P. Lemon,AAGRAG,5(6),
,UbaF11I,Dolosigranulum pigrum KPL3250,K.P. Lemon,TACGA,5(6),
,Cin11811I,Dolosigranulum pigrum KPL3256,K.P. Lemon,TGKMCA,6(6),
,Dpi3084I,Dolosigranulum pigrum KPL3911,K.P. Lemon,CGRAG,4(6),
,,Diplococcus pneumoniae,S. Lacks,GA^TC,,BENOQRSX
,MboI,Diplococcus pneumoniae,S. Lacks,^GATC,2(6),N
,AhaIII,Deinococcus radiophilus,ATCC 27603,TTT^AAA,6(6),BIJNQSVX
,,Deinococcus radiophilus,ATCC 27603,RG^GNCCY,,
,,Deinococcus radiophilus,ATCC 27603,CACNNN^GTG,2(6),INV
,,Deinococcus radiophilus R1,ATCC BAA-816,CAAGNAC(20/18),?(6),
,,Deinococcus radiodurans,NEB 479,GACNNNN^NNGTC,2(6),N
,,Deinococcus radiodurans,NEB 479,GAACCA,6(6),
,PvuI,Deinococcus radiodurans,NEB 479,CGATCG,,
,,Deinococcus radiodurans,NEB 479,TACGAC(20/18),5(6),
,,Deinococcus radiodurans,NEB 479,CATGNAC(10/8),6(6),
,,Deinococcus radiodurans,NEB 479,GCAGCC,3(6),
,,Deinococcus radiodurans,NEB 479,ARGAGC,4(6),
,SacII,Deinococcus radiodurans 1048,R.G.E. Murray,CCGCGG,,
,SacII,Deinococcus radiodurans 288,R.G.E. Murray,CCGCGG,,
,SacII,Deinococcus radiodurans 1054,R.G.E. Murray,CCGCGG,,
,XhoI,Deinococcus radiodurans 1077,R.G.E. Murray,CTCGAG,,
,SacII,Deinococcus radiodurans 1050,R.G.E. Murray,CCGCGG,,
,SacII,Deinococcus radiodurans 1051,R.G.E. Murray,CCGCGG,,
,,Danio rerio,E. Li,?,?(5),
,,Danio rerio,E. Li,?,?(5),
,Eam1105I,Deinococcus radiodurans EA,S.K. Degtyarev,GACNNN^NNGTC,,I
,,Dactylococcopsis salina,A.E. Walsby,C^CRYGG,,V
,HaeIII,Dactylococcopsis salina,A.E. Walsby,GG^CC,,
,XhoII,Dactylococcopsis salina,A.E. Walsby,R^GATCY,,
,AvaII,Dactylococcopsis salina,A.E. Walsby,G^GWCC,,
,ScrFI,Dactylococcopsis salina,A.E. Walsby,^CCNGG,2(5),
,AccI,Dactylococcopsis salina,A.E. Walsby,GTMKAC,,
,DrdI,Deinococcus species Dx,S.K. Degtyarev,GACNNNN^NNGTC,,IV
,HinfI,Dinoroseobacter shibae DFL 12,DSM 16493,GANTC,2(6),
,SacII,Deinococcus species RFL1,A. Janulaitis,CCGCGG,,
,NhoI,Defluviimonas species 20V17,L. Jiang,GCWGC,,
,,Devosia species S02,H.-R. Li,TGCCGAC,6(6),
,S.DvuI,Desulfovibrio vulgaris subsp. vulgaris str. Hildenborough,ATCC 29579,TGACNNNNNNTTC,"3(6),-3(6)",
,,Desulfovibrio vulgaris subsp. vulgaris str. Hildenborough,ATCC 29579,CACNCAC,6(6),
,BinI,Eubacterium acidaminophilum,DSM 3953,GGATC(4/5),,
,HinfI,Ensifer adhaerens Corn53,G.A. Shaw,GANTC,2(6),
,CfrI,Enterobacter aerogenes NEB390,P.R. Whitehead,Y^GGCCR,4(5),N
,XhoI,Enterobacter aerogenes RFL2,A. Janulaitis,CTCGAG,,
,SacII,Enterobacter aerogenes 46,S.K. Degtyarev,CCGC^GG,,
,SmaI,Enterobacter aerogenes,CAMB 2670,C^CCGGG,,
,MboI,Enterobacter aerogenes FGI35,C. Currie,GATC,2(6),
,PstI,Enterobacter aerogenes,ATCC 15038,CTGCAG,,
,XmaIII,Enterobacter agglomerans,NEB 368,C^GGCCG,4(5),NV
,PvuI,Enterobacter agglomerans CBNU45,J. Yim,CGAT^CG,,
,EcoRII,Enterobacter agglomerans,L. Kauc,CCWGG,,
,AvaII,Enterobacter agglomerans M3,CAMB 2541,G^GWCC,,
,Ksp632I,Enterobacter amnigenus RFL1104,A. Janulaitis,CTCTTC(1/4),,B
,,Enterobacter amnigenus RFL1105,A. Janulaitis,GACNNN^NNGTC,,BV
,Ksp632I,Enterobacter aerogenes,NEB 450,CTCTTC(1/4),-5(6),NV
,MboI,Enterobacter asburiae AEB30,T.D. Tran,GATC,2(6),
,MboI,Enterobacter asburiae L1 delta-T1RM,K.W. Hong,GATC,2(6),
,MboI,Enterobacter asburiae L1,Y.Y. Lau,GATC,2(6),
,Eco57I,Enterobacteriaceae bacterium ENNIH1,J.A. Segre,CTGAAG,"5(6),-5(6)",
,Eco57I,Enterobacteriaceae bacterium ENNIH3,J.A. Segre,CTGAAG,"5(6),-5(6)",
,BstEII,Enterobacter cloacae,DSM 30056,G^GTNACC,5(6),
,EcoRII,Enterobacter cloacae,DSM 30056,CCWGG,,
,SacII,Enterobacter cloacae,DSM 30060,CCGCGG,,
,,Escherichia coli,NEB 484,GGCGGA(11/9),,N
,BstEII,Escherichia coli VKM-125,N.N. Sokolov,G^GTNACC,,
,SnaBI,Escherichia coli T13,B. Levin,TACGTA,,
,CfrI,Escherichia coli T83,B. Levin,YGGCCR,,
,SauI,Escherichia coli T18,B. Levin,CCTNAGG,,
,CauII,Escherichia coli T20,B. Levin,CCSGG,,
,ApaI,Escherichia coli T39,B. Levin,GGGCCC,,
,PvuII,Enterobacter cloacae,H. Hartmann,CAG^CTG,,
,EcoRII,Enterobacter cloacae,H. Hartmann,CCWGG,,
,SacII,Enterobacter cloacae RFL1,A. Janulaitis,CCGCGG,,
,SacII,Enterobacter cloacae RFL28,A. Janulaitis,CCGCGG,,
,SacII,Enterobacter cloacae RFL37,A. Janulaitis,CCGCGG,,
,EcoRII,Enterobacter cloacae RFL66,A. Janulaitis,CCWGG,,
,PstI,Enterobacter cloacae RFL77,A. Janulaitis,CTGCAG,,
,PstI,Enterobacter cloacae RFL133,A. Janulaitis,CTGCAG,,
,EcoRII,Enterobacter cloacae RFL136,A. Janulaitis,CCWGG,,
,SacI,Enterobacter cloacae RFL136,A. Janulaitis,GAG^CTC,,B
,SacI,Enterobacter cloacae RFL137,A. Janulaitis,GAGCTC,,
,EcoRII,Enterobacter cloacae RFL137,A. Janulaitis,CCWGG,,
,,Enterobacter cloacae 234,M. Hoffmann,CGGNAAG,6(6),
,Ecl234I,Enterobacter cloacae 388,M. Hoffmann,CGGNAAG,6(6),
,PstI,Enterobacter cloacae 593,C. Kessler,CTGCAG,,
,,Enterobacter cloacae 35734,J. McCorrison,GAAAYTC,4(6),
,MboI,Enterobacter cloacae AA4,B. Niu,GATC,2(6),
,MboI,Enterobacter cloacae NCTC11571,P. Informatics,GATC,2(6),
,MboI,Enterobacter cloacae complex Hoffmann cluster IV,DSM 16690,GATC,2(6),
,Eam1105I,Enterobacter cloacae,P.C. Shaw,GACNNN^NNGTC,,
,PvuI,Enterobacter cloacae J,CAMB 2542,CGATCG,,
,MboI,Enterobacter cloacae NH77,K. Phannachet,GATC,2(6),
,MboI,Enterobacter cloacae ECNIH4,S. Conlan,GATC,2(6),
,MboI,Enterobacter cloacae ECNIH5,S. Conlan,GATC,2(6),
,SmaI,Enterobacter cloacae R,CAMB 2596,C^CCGGG,,
,EcoRII,Enterobacter cloacae,W. Piepersberg,CCWGG,,
,XmaIII,Enterobacter cloacae 590,U. Mayr,C^GGCCG,,S
,ScrFI,Enterobacter cloaceae 18k,A.S. Solonin,^CCNGG,2(5),
,PstI,Enterobacter cloacae 37k,A.S. Solonin,CTGCA^G,,
,EcoRII,Enterobacter cloacae 37k,A.S. Solonin,CCWGG,,
,EcoRII,Enterobacter cloacae 54k,A.S. Solonin,CCWGG,,
,EcoRII,Enterobacter cloacae 57k,A.S. Solonin,CCWGG,,
,PstI,Enterobacter cloacae 699k,A.S. Solonin,CTGCAG,,
,PstI,Enterobacter cloacae 1z,A.S. Solonin,CTGCAG,,
,EcoRII,Enterobacter cloacae 1z,A.S. Solonin,CCWGG,,
,PstI,Enterobacter cloacae 2z,A.S. Solonin,CTGCA^G,,
,EcoRV,Escherichia coli 17,V.E. Repin,GATATC,,
,HgiJII,Escherichia coli RFL24,A. Janulaitis,GRGCY^C,,B
,HgiJII,Escherichia coli RFL25,A. Janulaitis,GRGCYC,,
,HgiJII,Escherichia coli RFL26,A. Janulaitis,GRGCYC,,
,,Escherichia coli RFL31,A. Janulaitis,GGTCTC(1/5),-4(6),BV
,EcoRV,Escherichia coli RFL32,A. Janulaitis,GAT^ATC,,B
,HgiJII,Escherichia coli RFL35,A. Janulaitis,GRGCYC,,
,S.Eco377I,Escherichia coli ECL 37,J.-I. Ryu,GGANNNNNNNNATGC,?(6),
,EcoRII,Escherichia coli RFL38,A. Janulaitis,CCWGG,,
,AsuI,Escherichia coli RFL39,A. Janulaitis,GGNCC,,
,EcoRII,Escherichia coli RFL40,A. Janulaitis,CCWGG,,
,EcoRII,Escherichia coli RFL41,A. Janulaitis,CCWGG,,
,Eco31I,Escherichia coli RFL42,A. Janulaitis,GGTCTC,,
,ScrFI,Escherichia coli RFL43,A. Janulaitis,CCNGG,,
,AvaII,Escherichia coli RFL47,A. Janulaitis,G^GWCC,,B
,AsuI,Escherichia coli RFL47,A. Janulaitis,GGNCC,?(5),
,,Escherichia coli RFL47,A. Janulaitis,AGC^GCT,,BS
,PstI,Escherichia coli RFL48,A. Janulaitis,CTGCAG,,
,PstI,Escherichia coli RFL49,A. Janulaitis,CTGCAG,,
,HgiCI,Escherichia coli RFL50,A. Janulaitis,GGYRCC,,
,Eco31I,Escherichia coli RFL51,A. Janulaitis,GGTCTC,,
,ScrFI,Escherichia coli RFL51,A. Janulaitis,CCNGG,,
,XmaIII,Escherichia coli RFL52,A. Janulaitis,C^GGCCG,,B
,SacII,Escherichia coli RFL55,A. Janulaitis,CCGCGG,,
,NaeI,Escherichia coli RFL56,A. Janulaitis,G^CCGGC,?(5),
,,Escherichia coli RFL57,A. Janulaitis,CTGAAG(16/14),5(6),B
,EcoRII,Escherichia coli RFL60,A. Janulaitis,CCWGG,,
,EcoRII,Escherichia coli RFL61,A. Janulaitis,CCWGG,,
,HgiCI,Escherichia coli RFL64,A. Janulaitis,G^GYRCC,,
,HindIII,Escherichia coli RFL65,A. Janulaitis,AAGCTT,,
,EcoRII,Escherichia coli RFL67,A. Janulaitis,CCWGG,,
,HgiJII,Escherichia coli RFL68,A. Janulaitis,GRGCYC,,
,EcoRII,Escherichia coli RFL70,A. Janulaitis,CCWGG,,
,EcoRII,Escherichia coli RFL71,A. Janulaitis,CCWGG,,
,PmaCI,Escherichia coli RFL72,A. Janulaitis,CAC^GTG,,B
,SauI,Escherichia coli RFL76,A. Janulaitis,CCTNAGG,,
,NarI,Escherichia coli RFL78,A. Janulaitis,GGC^GCC,,
,ScrFI,Escherichia coli RFL80,A. Janulaitis,CCNGG,,
,SauI,Escherichia coli RFL81,A. Janulaitis,CC^TNAGG,,B
,EcoRI,Escherichia coli RFL82,A. Janulaitis,GAATTC,,
,PstI,Escherichia coli RFL83,A. Janulaitis,CTGCAG,,
,ScrFI,Escherichia coli RFL85,A. Janulaitis,CCNGG,,
,AvaI,Escherichia coli RFL88,A. Janulaitis,C^YCGRG,,B
,CfrI,Escherichia coli RFL90,A. Janulaitis,YGGCCR,,
,BstEII,Escherichia coli RFL91,A. Janulaitis,G^GTNACC,,B
,SacII,Escherichia coli RFL92,A. Janulaitis,CCGCGG,,
,ScrFI,Escherichia coli RFL93,A. Janulaitis,CCNGG,,
,Eco31I,Escherichia coli RFL95,A. Janulaitis,GGTCTC,,
,SacII,Escherichia coli RFL96,A. Janulaitis,CCGCGG,,
,Eco31I,Escherichia coli RFL97,A. Janulaitis,GGTCTC,,
,HindIII,Escherichia coli RFL98,A. Janulaitis,AAGCTT,,
,SacII,Escherichia coli RFL99,A. Janulaitis,CCGCGG,,
,SacII,Escherichia coli RFL100,A. Janulaitis,CCGCGG,,
,Eco31I,Escherichia coli RFL101,A. Janulaitis,GGTCTC,,
,SacII,Escherichia coli RFL104,A. Janulaitis,CCGCGG,,
,SnaBI,Escherichia coli RFL105,A. Janulaitis,TAC^GTA,,B
,Eco57I,Escherichia coli RFL112,A. Janulaitis,CTGAAG,,
,HgiJII,Escherichia coli RFL113,A. Janulaitis,GRGCYC,,
,SauI,Escherichia coli RFL115,A. Janulaitis,CCTNAGG,,
,SauI,Escherichia coli RFL118,A. Janulaitis,CCTNAGG,,
,Eco31I,Escherichia coli RFL120,A. Janulaitis,GGTCTC,,
,CauII,Escherichia coli RFL121,A. Janulaitis,CCSGG,,
,Eco57I,Escherichia coli RFL125,A. Janulaitis,CTGAAG,,
,Eco31I,Escherichia coli RFL127,A. Janulaitis,GGTCTC,,
,EcoRII,Escherichia coli RFL128,A. Janulaitis,CCWGG,,
,Eco31I,Escherichia coli RFL129,A. Janulaitis,GGTCTC,,
,StyI,Escherichia coli RFL130,A. Janulaitis,C^CWWGG,,B
,SacII,Escherichia coli RFL134,A. Janulaitis,CCGCGG,,
,SacII,Escherichia coli RFL135,A. Janulaitis,CCGCGG,,
,BsePI,Escherichia coli RFL143,A. Janulaitis,GCGCGC,,
,StuI,Escherichia coli RFL147,A. Janulaitis,AGG^CCT,,B
,KpnI,Escherichia coli RFL149,A. Janulaitis,GGTACC,,
,SacII,Escherichia coli RFL151,A. Janulaitis,CCGCGG,,
,BsePI,Escherichia coli RFL152,A. Janulaitis,GCGCGC,,
,ScrFI,Escherichia coli RFL153,A. Janulaitis,CCNGG,,
,Eco31I,Escherichia coli RFL155,A. Janulaitis,GGTCTC,,
,Eco31I,Escherichia coli RFL156,A. Janulaitis,GGTCTC,,
,Eco31I,Escherichia coli RFL157,A. Janulaitis,GGTCTC,,
,SacII,Escherichia coli RFL158,A. Janulaitis,CCGCGG,,
,SnaBI,Escherichia coli RFL158,A. Janulaitis,TACGTA,,
,EcoRI,Escherichia coli RFL159,A. Janulaitis,GAATTC,,
,PstI,Escherichia coli RFL161,A. Janulaitis,CTGCAG,,
,M.EcoNIH6II,Escherichia coli AR_0162,J.A. Segre,ATGAAG,5(6),
,Eco31I,Escherichia coli RFL162,A. Janulaitis,GGTCTC,,
,CfrI,Escherichia coli RFL164,A. Janulaitis,YGGCCR,,
,PstI,Escherichia coli RFL167,A. Janulaitis,CTGCAG,,
,HgiCI,Escherichia coli RFL168,A. Janulaitis,GGYRCC,,
,HgiCI,Escherichia coli RFL169,A. Janulaitis,GGYRCC,,
,EcoRII,Escherichia coli RFL170,A. Janulaitis,CCWGG,,
,HgiCI,Escherichia coli RFL171,A. Janulaitis,GGYRCC,,
,HgiCI,Escherichia coli RFL173,A. Janulaitis,GGYRCC,,
,EcoRV,Escherichia coli RFL178,A. Janulaitis,GATATC,,
,CauII,Escherichia coli RFL179,A. Janulaitis,CCSGG,,
,HgiJII,Escherichia coli RFL180,A. Janulaitis,GRGCYC,,
,SacII,Escherichia coli RFL182,A. Janulaitis,CCGCGG,,
,Eco31I,Escherichia coli RFL185,A. Janulaitis,GGTCTC,,
,HindIII,Escherichia coli RFL188,A. Janulaitis,AAGCTT,,
,CauII,Escherichia coli RFL190,A. Janulaitis,CCSGG,,
,Eco31I,Escherichia coli RFL191,A. Janulaitis,GGTCTC,,
,EcoRII,Escherichia coli RFL193,A. Janulaitis,CCWGG,,
,HgiCI,Escherichia coli RFL195,A. Janulaitis,GGYRCC,,
,SacII,Escherichia coli RFL196,A. Janulaitis,CCGCGG,,
,AsuI,Escherichia coli RFL196,A. Janulaitis,GGNCC,,
,ScrFI,Escherichia coli RFL200,A. Janulaitis,CCNGG,,
,AsuI,Escherichia coli RFL201,A. Janulaitis,GGNCC,,
,Eco31I,Escherichia coli RFL203,A. Janulaitis,GGTCTC,,
,Eco31I,Escherichia coli RFL204,A. Janulaitis,GGTCTC,,
,Eco31I,Escherichia coli RFL205,A. Janulaitis,GGTCTC,,
,EcoRII,Escherichia coli RFL206,A. Janulaitis,CCWGG,,
,EcoRII,Escherichia coli RFL207,A. Janulaitis,CCWGG,,
,SacII,Escherichia coli RFL208,A. Janulaitis,CCGCGG,,
,StyI,Escherichia coli RFL208,A. Janulaitis,CCWWGG,,
,HgiJII,Escherichia coli RFL211,A. Janulaitis,GRGCYC,,
,HgiJII,Escherichia coli RFL215,A. Janulaitis,GRGCYC,,
,HgiJII,Escherichia coli RFL216,A. Janulaitis,GRGCYC,,
,Eco31I,Escherichia coli RFL217,A. Janulaitis,GGTCTC,,
,Eco31I,Escherichia coli RFL225,A. Janulaitis,GGTCTC,,
,EcoRI,Escherichia coli RFL228,A. Janulaitis,GAATTC,,
,HindIII,Escherichia coli RFL231,A. Janulaitis,AAGCTT,,
,HgiJII,Escherichia coli RFL232,A. Janulaitis,GRGCYC,,
,Eco31I,Escherichia coli RFL233,A. Janulaitis,GGTCTC,,
,EcoRI,Escherichia coli RFL237,A. Janulaitis,GAATTC,,
,Eco31I,Escherichia coli RFL239,A. Janulaitis,GGTCTC,,
,Eco31I,Escherichia coli RFL240,A. Janulaitis,GGTCTC,,
,Eco31I,Escherichia coli RFL241,A. Janulaitis,GGTCTC,,
,Eco31I,Escherichia coli RFL246,A. Janulaitis,GGTCTC,,
,Eco31I,Escherichia coli RFL247,A. Janulaitis,GGTCTC,,
,HgiJII,Escherichia coli RFL249,A. Janulaitis,GRGCYC,,
,EcoRI,Escherichia coli RFL252,A. Janulaitis,GAATTC,,
,EcoRII,Escherichia coli RFL254,A. Janulaitis,CCWGG,,
,ScaI,Escherichia coli RFL255,A. Janulaitis,AGT^ACT,,
,EcoRII,Escherichia coli RFL256,A. Janulaitis,CCWGG,,
,PstI,Escherichia coli RFL260,A. Janulaitis,CTGCAG,,
,PstI,Escherichia coli RFL261,A. Janulaitis,CTGCAG,,
,HgiJII,Escherichia coli RFL262,A. Janulaitis,GRGCYC,,
,Eco31I,Escherichia coli RFL263,A. Janulaitis,GGTCTC,,
,Eco4465II,Escherichia coli O157 FDAARGOS_293,B. Goldberg,GAAABCC,4(6),
,S.Eco377I,Escherichia coli EC377,J.-I. Ryu,GGANNNNNNNNATGC,?(6),
,S.Eco394I,Escherichia coli ECL 394,J.-I. Ryu,GACNNNNNRTAAY,?(6),
,Eco4465II,Escherichia coli CDC#03-98,E. Trees,GAAABCC,4(6),
,S.Eco585I,Escherichia coli EC585,J.-I. Ryu,GCCNNNNNNTGCG,?(6),
,Eco4465II,Escherichia coli O157 644-PT8,J. Bono,GAAABCC,4(6),
,S.Eco646I,Escherichia coli EC646,J.-I. Ryu,CCANNNNNNNCTTC,?(6),
,S.Eco777I,Escherichia coli EC777,J.-I. Ryu,GGANNNNNNTATC,?(6),
,S.Eco826I,Escherichia coli ECL 826,J.-I. Ryu,GCANNNNNNCTGA,?(6),
,S.Eco851I,Escherichia coli ECL 851,J.-I. Ryu,GTCANNNNNNTGAY,?(6),
,S.Eco912I,Escherichia coli ECL 912,J.-I. Ryu,CACNNNNNTGGC,?(6),
,Eco4465II,Escherichia coli O157:H7 EDL933,ATCC 700927,GAAABCC,4(6),
,Eco4465II,Escherichia coli O157:H7 1130,J. Bono,GAAABCC,4(6),
,S.EcoBI,Escherichia coli EC1158,J.-I. Ryu,TGANNNNNNNNTGCT,?(6),
,S.EcoBI,Escherichia coli ECL 1265,J.-I. Ryu,TGANNNNNNNNTGCT,?(6),
,S.Eco377I,Escherichia coli EC1323,J.-I. Ryu,GGANNNNNNNNATGC,?(6),
,S.Eco646I,Escherichia coli EC1341,J.-I. Ryu,CCANNNNNNNCTTC,?(6),
,S.EcoKI,Escherichia coli EC1342,J.-I. Ryu,AACNNNNNNGTGC,?(6),
,S.EcoKI,Escherichia coli EC1344,J.-I. Ryu,AACNNNNNNGTGC,?(6),
,S.Eco377I,Escherichia coli EC1344,J.-I. Ryu,GGANNNNNNNNATGC,?(6),
,S.Eco777I,Escherichia coli EC1348,J.-I. Ryu,GGANNNNNNTATC,?(6),
,S.Eco646I,Escherichia coli EC1393,J.-I. Ryu,CCANNNNNNNCTTC,?(6),
,S.Eco377I,Escherichia coli EC1386,J.-I. Ryu,GGANNNNNNNNATGC,?(6),
,S.EcoKI,Escherichia coli EC1394,J.-I. Ryu,AACNNNNNNGTGC,?(6),
,S.Eco777I,Escherichia coli EC1412,J.-I. Ryu,GGANNNNNNTATC,?(6),
,S.Eco646I,Escherichia coli EC1413,J.-I. Ryu,CCANNNNNNNCTTC,?(6),
,S.Eco646I,Escherichia coli EC1422,J.-I. Ryu,CCANNNNNNNCTTC,?(6),
,S.Eco646I,Escherichia coli EC1424,J.-I. Ryu,CCANNNNNNNCTTC,?(6),
,S.Eco377I,Escherichia coli EC1427,J.-I. Ryu,GGANNNNNNNNATGC,?(6),
,S.Eco377I,Escherichia coli EC1430,J.-I. Ryu,GGANNNNNNNNATGC,?(6),
,S.Eco646I,Escherichia coli EC1432,J.-I. Ryu,CCANNNNNNNCTTC,?(6),
,S.EcoBI,Escherichia coli EC1441,J.-I. Ryu,TGANNNNNNNNTGCT,?(6),
,S.EcoBI,Escherichia coli EC1443,J.-I. Ryu,TGANNNNNNNNTGCT,?(6),
,S.EcoBI,Escherichia coli EC1444,J.-I. Ryu,TGANNNNNNNNTGCT,?(6),
,S.EcoAI,Escherichia coli EC1446,J.-I. Ryu,GAGNNNNNNNGTCA,?(6),
,S.EcoBI,Escherichia coli EC1447,J.-I. Ryu,TGANNNNNNNNTGCT,?(6),
,S.Eco826I,Escherichia coli EC1455,J.-I. Ryu,GCANNNNNNCTGA,?(6),
,S.Eco377I,Escherichia coli EC1456,J.-I. Ryu,GGANNNNNNNNATGC,?(6),
,S.Eco377I,Escherichia coli EC1476,J.-I. Ryu,GGANNNNNNNNATGC,?(6),
,StuI,Escherichia coli 1524,H. Lazim,AGG^CCT,,
,CauII,Escherichia coli 1831,A.S. Solonin,^CCSGG,2(5),
,,Escherichia coli EH08-18-36,A.I. Moser,CACANTT,4(6),
,Eco4465II,Escherichia coli O157:H7 2149,J. Bono,GAAABCC,4(6),
,Eco4465II,Escherichia coli O157:H7 2159,J. Bono,GAAABCC,4(6),
,Eco4465II,Escherichia coli O157:H7 3384,J. Bono,GAAABCC,4(6),
,,Escherichia coli NCTC4174,S. Doyle,GCACAG,5(6),
,Eco4465II,Escherichia coli O157:H7 4276,J. Bono,GAAABCC,4(6),
,,Escherichia coli 2013C-4465,R.L. Lindsey,GAAABCC,4(6),
,,Escherichia coli NCTC8164,P. Informatics,GCCKAG,5(6),
,Eco4465II,Escherichia coli O157:H7 8368,J. Bono,GAAABCC,4(6),
,Eco43896II,Escherichia coli NCTC8620,S. Doyle,CRARCAG,6(6),
,Eco43896II,Escherichia coli NCTC8960,S. Doyle,CRARCAG,6(6),
,,Escherichia coli NCTC9009,S. Doyle,GAAANTC,4(6),
,,Escherichia coli NCTC9020,S. Doyle,CGAABTT,4(6),
,Eco4174I,Escherichia coli NCTC9021,S. Doyle,GCACAG,5(6),
,Eco4465II,Escherichia coli,NCTC 9034,GAAABCC,4(6),
,,Escherichia coli NCTC9035,S. Doyle,GGGANTT,4(6),
,Eco4174I,Escherichia coli NCTC9049,S. Doyle,GCACAG,5(6),
,EcoMVII,Escherichia coli NCTC9078,S. Doyle,CANCATC,5(6),
,Eco4465II,Escherichia coli O157:H7 9234,J. Bono,GAAABCC,4(6),
,Eco57I,Escherichia coli O15:H11 90-9272,P. Smith,CTGAAG,"5(6),-5(6)",
,Eco43896II,Escherichia coli 90-9276,P. Smith,CRARCAG,6(6),
,Eco43896II,Escherichia coli O114:H49 90-9280,P. Smith,CRARCAG,6(6),
,,Escherichia coli NCTC9699,P. Informatics,TAGARC,4(6),
,EcoE1140I,Escherichia coli NCTC10418,S. Doyle,ACCYAC,5(6),
,M.EcoHSI,Escherichia coli NCTC10863,S. Doyle,GGTAAG,5(6),
,Eco4465II,Escherichia coli NCTC12900,S. Doyle,GAAABCC,4(6),
,Eco4465II,Escherichia coli NCTC13125,S. Doyle,GAAABCC,4(6),
,Eco4465II,Escherichia coli NCTC13127,S. Doyle,GAAABCC,4(6),
,Eco4465II,Escherichia coli NCTC13128,S. Doyle,GAAABCC,4(6),
,EcoMVII,Escherichia coli,NCTC 13441,CANCATC,5(6),
,EcoMVII,Escherichia coli NCTC13461,S. Doyle,CANCATC,5(6),
,,Escherichia coli ATCC 43896,ATCC 43896,CRARCAG,6(6),
,S.EcoAI,Escherichia coli 15T-,T.A. Bickle,GAGNNNNNNNGTCA,"2(6),-3(6)",
,BalI,Escherichia coli A3,L. Yuan,TGGCCA,6(6),
,Eco31I,Escherichia coli A4,S.K. Degtyarev,GGTCTC(1/5),,
,BalI,Escherichia coli A26,L. Yuan,TGGCCA,6(6),
,MboI,Escherichia coli A3,L. Yuan,GATC,2(6),
,MboI,Escherichia coli A7,L. Yuan,GATC,2(6),
,MboI,Escherichia coli A13,L. Yuan,GATC,2(6),
,MboI,Escherichia coli A21,L. Yuan,GATC,2(6),
,MboI,Escherichia coli A31,L. Yuan,GATC,2(6),
,MboI,Escherichia coli A34,L. Yuan,GATC,2(6),
,MboI,Escherichia coli A35,L. Yuan,GATC,2(6),
,EcoRII,Escherichia coli A15,L. Yuan,CCWGG,?(5),
,S.Eco377I,Escherichia coli strain A0 34/86,C. Buchreiser,GGANNNNNNNNATGC,?(6),
,S.EcoBI,Escherichia coli B,W. Arber,TGANNNNNNNNTGCT,"3(6),-4(6)",
,,Escherichia coli B7A,A. Fomenkov,?,,
,,Escherichia coli B7A,A. Fomenkov,?,,
,,Escherichia coli B7A,A. Fomenkov,?,,
,MboI,Escherichia coli O27:H7 B4103-1,P. Smith,GATC,2(6),
,SmaUMH5I,Escherichia coli BE2-5,K. Yang,CTTGAC,5(6),
,MboI,Escherichia coli BE2-5,K. Yang,GATC,2(6),
,MboI,Escherichia coli BE104,B.P. Anton,GATC,2(6),
,MboI,Escherichia coli BH212,A.S. Bhagwat,GATC,2(6),
,MboI,Escherichia coli BL21-AI,N. Bhawsinghka,GATC,2(6),
,,Escherichia coli BL21(DE3),F.W. Studier,RCSRC(-3/-2),,
,Eco4465II,Escherichia coli NCTC9701,S. Doyle,GAAABCC,4(6),
,EcoE1140I,Escherichia coli NCTC9964,S. Doyle,ACCYAC,5(6),
,Eco57I,Escherichia coli NCTC9969,S. Doyle,CTGAAG,"5(6),-5(6)",
,MboI,Escherichia coli C600,ATCC 23724,GATC,2(6),
,MboI,Escherichia coli B C2566,M. Berkmen,GATC,2(6),
,MboI,Escherichia coli NCTC9116,S. Doyle,GATC,2(6),
,MboI,Escherichia coli NCTC9123,S. Doyle,GATC,2(6),
,MboI,Escherichia coli NCTC9707,S. Doyle,GATC,2(6),
,MboI,Escherichia coli NCTC9776,S. Doyle,GATC,2(6),
,MboI,Escherichia coli NCTC9778,S. Doyle,GATC,2(6),
,MboI,Escherichia coli NCTC9963,S. Doyle,GATC,2(6),
,MboI,Escherichia coli NCTC9965,S. Doyle,GATC,2(6),
,MboI,Escherichia coli NCTC13452,S. Doyle,GATC,2(6),
,EcoRII,Escherichia coli NCTC9101,S. Doyle,CCWGG,?(5),
,S.EcoAI,Escherichia coli CFT073,ATCC 700928,GAGNNNNNNNGTCA,"2(6),-3(6)",
,,Escherichia coli CK,S.S. Debov,?,,
,S.EcoDI,Escherichia coli E166,N.E. Murray,TTANNNNNNNGTCY,?(6),
,MboI,Escherichia coli O182:H21 D181,P. Smith,GATC,2(6),
,MboI,Escherichia coli K-12 DHB4,M. Berkmen,GATC,2(6),
,S.EcoDR2,Escherichia coli DR2 (Artificial construct),T.A. Bickle,TCANNNNNNGTCG,?(6),
,S.EcoDR3,Escherichia coli DR3 (Artificial construct),T.A. Bickle,TCANNNNNNNATCG,?(6),
,S.EcoDXXI,Escherichia coli pDXX1,A. Piekarowicz,TCANNNNNNNRTTC,?(6),
,MboI,Escherichia coli pV11-19-E11-025-038,D.C. Moon,GATC,2(6),
,MboI,Escherichia coli pV01-15-R02-025-053,A.F. Mechesso,GATC,2(6),
,MboI,Escherichia coli NCTC86,ATCC 4157,GATC,2(6),
,MboI,Escherichia coli AR_0114,J.A. Segre,GATC,2(6),
,MboI,Escherichia coli NCTC122,NCTC 122,GATC,2(6),
,MboI,Escherichia coli STEC299,X. Bai,GATC,2(6),
,MboI,Escherichia coli CREC-532,E.-J. Yoon,GATC,2(6),
,MboI,Escherichia coli CREC-629,E.-J. Yoon,GATC,2(6),
,MboI,Escherichia coli K-12 substr. MG1655,A. Mohan,GATC,2(6),
,MboI,Escherichia coli ER1821R,M.G. Jobling,GATC,2(6),
,MboI,Escherichia coli pV01-18-E02-25-25,A.F. Mechesso,GATC,2(6),
,MboI,Escherichia coli K-12 C3026,M. Berkmen,GATC,2(6),
,MboI,Escherichia coli B C3029,M. Berkmen,GATC,2(6),
,MboI,Escherichia coli 99-3165,P.A. Smith,GATC,2(6),
,MboI,Escherichia coli 2016C-3936C1,R.L. Lindsey,GATC,2(6),
,MboI,Escherichia coli NCTC5934,P. Informatics,GATC,2(6),
,MboI,Escherichia coli NCTC7926,S. Doyle,GATC,2(6),
,MboI,Escherichia coli NCTC7927,S. Doyle,GATC,2(6),
,MboI,Escherichia coli NCTC8006,S. Doyle,GATC,2(6),
,MboI,Escherichia coli NCTC8500,S. Doyle,GATC,2(6),
,MboI,Escherichia coli NCTC9009,S. Doyle,GATC,2(6),
,MboI,Escherichia coli NCTC9012,S. Doyle,GATC,2(6),
,MboI,Escherichia coli NCTC9013,S. Doyle,GATC,2(6),
,MboI,Escherichia coli NCTC9020,S. Doyle,GATC,2(6),
,MboI,Escherichia coli NCTC9024,S. Doyle,GATC,2(6),
,MboI,Escherichia coli NCTC9031,S. Doyle,GATC,2(6),
,MboI,Escherichia coli NCTC9033,P. Informatics,GATC,2(6),
,MboI,Escherichia coli,NCTC 9034,GATC,2(6),
,MboI,Escherichia coli NCTC9035,S. Doyle,GATC,2(6),
,MboI,Escherichia coli NCTC9043,S. Doyle,GATC,2(6),
,MboI,Escherichia coli NCTC9044,P. Informatics,GATC,2(6),
,MboI,Escherichia coli NCTC9047,S. Doyle,GATC,2(6),
,MboI,Escherichia coli NCTC9052,S. Doyle,GATC,2(6),
,MboI,Escherichia coli NCTC9065,S. Doyle,GATC,2(6),
,MboI,Escherichia coli NCTC9066,P. Informatics,GATC,2(6),
,MboI,Escherichia coli NCTC9080,P. Informatics,GATC,2(6),
,MboI,Escherichia coli NCTC9082,P. Informatics,GATC,2(6),
,MboI,Escherichia coli NCTC9083,S. Doyle,GATC,2(6),
,MboI,Escherichia coli NCTC9086,S. Doyle,GATC,2(6),
,MboI,Escherichia coli NCTC9087,P. Informatics,GATC,2(6),
,MboI,Escherichia coli NCTC9088,P. Informatics,GATC,2(6),
,MboI,Escherichia coli NCTC9091,S. Doyle,GATC,2(6),
,MboI,Escherichia coli NCTC9092,S. Doyle,GATC,2(6),
,MboI,Escherichia coli NCTC9100,P. Informatics,GATC,2(6),
,MboI,Escherichia coli NCTC9104,P. Informatics,GATC,2(6),
,MboI,Escherichia coli RM9387,X. Yan,GATC,2(6),
,MboI,Escherichia coli NCTC9699,P. Informatics,GATC,2(6),
,MboI,Escherichia coli NCTC9702,P. Informatics,GATC,2(6),
,MboI,Escherichia coli NCTC9967,S. Doyle,GATC,2(6),
,MboI,Escherichia coli NCTC10090,S. Doyle,GATC,2(6),
,MboI,Escherichia coli NCTC10418,S. Doyle,GATC,2(6),
,MboI,Escherichia coli NCTC10430,P. Informatics,GATC,2(6),
,MboI,Escherichia coli NCTC10444,P. Informatics,GATC,2(6),
,MboI,Escherichia coli NCTC10538,S. Doyle,GATC,2(6),
,MboI,Escherichia coli NCTC10674,S. Doyle,GATC,2(6),
,MboI,Escherichia coli NCTC10757,S. Doyle,GATC,2(6),
,MboI,Escherichia coli NCTC10766,S. Doyle,GATC,2(6),
,MboI,Escherichia coli NCTC10865,S. Doyle,GATC,2(6),
,MboI,Escherichia coli NCTC10973,P. Informatics,GATC,2(6),
,MboI,Escherichia coli NCTC11107,S. Doyle,GATC,2(6),
,MboI,Escherichia coli NCTC11111,S. Doyle,GATC,2(6),
,MboI,Escherichia coli NCTC11113,P. Informatics,GATC,2(6),
,MboI,Escherichia coli NCTC11115,S. Doyle,GATC,2(6),
,MboI,Escherichia coli NCTC11124,S. Doyle,GATC,?(6),
,MboI,Escherichia coli NCTC11186,S. Doyle,GATC,2(6),
,MboI,Escherichia coli NCTC11473,S. Doyle,GATC,2(6),
,MboI,Escherichia coli NCTC11476,P. Informatics,GATC,2(6),
,MboI,Escherichia coli NCTC11560,S. Doyle,GATC,2(6),
,MboI,Escherichia coli NCTC12650,P. Informatics,GATC,2(6),
,MboI,Escherichia coli NCTC12652,P. Informatics,GATC,2(6),
,MboI,Escherichia coli NCTC12653,P. Informatics,GATC,2(6),
,MboI,Escherichia coli NCTC12654,P. Informatics,GATC,2(6),
,MboI,Escherichia coli NCTC12655,P. Informatics,GATC,2(6),
,MboI,Escherichia coli NCTC12839,S. Doyle,GATC,2(6),
,MboI,Escherichia coli NCTC13127,S. Doyle,GATC,2(6),
,MboI,Escherichia coli,NCTC 13441,GATC,2(6),
,MboI,Escherichia coli O169:H41 2014EL-1345-2,P. Smith,GATC,2(6),
,MboI,Escherichia coli NCTC13461,S. Doyle,GATC,2(6),
,MboI,Escherichia coli NCTC13919,S. Doyle,GATC,2(6),
,MboI,Escherichia coli CFSAN029787,E.A. Strain,GATC,2(6),
,MboI,Escherichia coli NCTC11123,S. Doyle,GATC,2(6),
,EcoRII,Escherichia coli 08-00022,E.A. Strain,CCWGG,?(5),
,EcoRII,Escherichia coli AR_0089,J.A. Segre,CCWGG,?(5),
,EcoRII,Escherichia coli AR_0137,J.A. Segre,CCWGG,?(5),
,EcoRII,Escherichia coli AR_0149,J.A. Segre,CCWGG,?(5),
,EcoRII,Escherichia coli AR_0150,J.A. Segre,CCWGG,?(5),
,EcoRII,Escherichia coli AR_0151,J.A. Segre,CCWGG,?(5),
,EcoRII,Escherichia coli FDAARGOS_433,M. Croxen,CCWGG,?(5),
,EcoRII,Escherichia coli EC590,C.Y. Yu,CCWGG,2(5),
,EcoRII,Escherichia coli O69:H11 07-3763,R. Lindsey,CCWGG,2(5),
,EcoRII,Escherichia coli O26 RM8426,C.T. Parker,CCWGG,?(5),
,EcoRII,Escherichia coli NCTC9060,S. Doyle,CCWGG,?(5),
,S.EcoEI,Escherichia coli A58,N.E. Murray,GAGNNNNNNNATGC,?(6),
,,Escherichia coli E1140,Y.H. Lai,ACCYAC,5(6),
,MboI,Escherichia coli pK19EC149,D.C. Moon,GATC,2(6),
,MboI,Escherichia coli E118,J. Hong,GATC,2(6),
,MboI,Escherichia coli E455,Y.H. Lai,GATC,2(6),
,MboI,Escherichia coli E597,J. Hong,GATC,2(6),
,MboI,Escherichia coli E686,J. Hong,GATC,2(6),
,MboI,Escherichia coli E455L,Y.H. Lai,GATC,2(6),
,MboI,Escherichia coli,M. Inouye,GATC,2(6),
,MboI,Escherichia coli F5656C1,P. Smith,GATC,2(6),
,MboI,Escherichia coli F9792,P. Smith,GATC,2(6),
,EcoRII,Escherichia coli FDAARGOS_144,B. Goldberg,CCWGG,?(5),
,Eco9035I,Escherichia coli Fec 10,S.M. Kamal,GGGANTT,4(6),
,MboI,Escherichia coli Fec 10,S.M. Kamal,GATC,2(6),
,EcoRII,Escherichia coli Fec 10,S.M. Kamal,CCWGG,?(5),
,PstI,Escherichia coli O104:H4 C227-11,D.R. Webster,CTGCAG,5(6),
,M.EcoGVIII,Escherichia coli O104:H4 C227-11,D.R. Webster,ACCACC,4(6),
,MboI,Escherichia coli O104:H4 C227-11,D.R. Webster,GATC,2(6),
,MboI,Escherichia coli GYB01,J. Yu,GATC,2(6),
,CauII,Escherichia coli H1,L.I. Glatman,^CCSGG,2(5),
,CfrI,Escherichia coli,ATCC 26,YGGCCR,,
,CfrI,Escherichia coli HK31,P.C. Shaw,Y^GGCCR,4(5),
,SacI,Escherichia coli 2bT,ICR 0020,GAG^CTC,,IV
,MboI,Escherichia coli UCD_JA23_pb,D.A. Coil,GATC,2(6),
,MboI,Escherichia coli UCD_JA65_pb,D.A. Coil,GATC,2(6),
,EcoRII,Escherichia coli UCD_JA17_pb,D.A. Coil,CCWGG,2(5),
,EcoRII,Escherichia coli UCD_JA65_pb,D.A. Coil,CCWGG,2(5),
,S.EcoKI,Escherichia coli K-12 substr. MG1655,F.R. Blattner,AACNNNNNNGTGC,"2(6),-3(6)",
,Eco31I,Escherichia coli VKM V-2006D,A.S. Solonin,GGTCTC,,
,HgiJII,Escherichia coli BKM B-2007D,A.S. Solonin,GRGCY^C,,
,MboI,Escherichia coli K-12 substr. MG1655,F.R. Blattner,GATC,2(6),
,S.EcoMII,Escherichia coli O25b:H4-ST131 EC958,S. Beatson,RTACNNNNGTG,"3(6),-2(6)",
,,Escherichia coli RFL57M,A. Janulaitis,CTGRAG(16/14),,
,MboI,Escherichia coli O25b:H4-ST131 EC958,S. Beatson,GATC,2(6),
,,Escherichia coli O25b:H4-ST131 EC958,S. Beatson,CANCATC,5(6),
,,Escherichia coli,NEB 441,CCTNN^NNNAGG,2(4),NV
,EcoRII,Escherichia coli ECONIH2,J.A. Segre,CCWGG,2(5),
,Eco43896II,Escherichia coli 95NR1,B.M. Forde,CRARCAG,6(6),
,,Escherichia coli H304,K. Mise,?,,
,Eco31I,Escherichia coli O44 Hiromi,N. Shinohara,GGTCTC(1/5),,
,BstEII,Escherichia coli K11a,K. Mise,G^GTNACC,,
,DraII,Escherichia coli H709c,I. Orskov,RG^GNCCY,5(5),BJN
,,Escherichia coli O127:H6 E2348/69,N.R. Thomson,?,?(6),
,BstEII,Escherichia coli O128Ly3,H. Matsumoto,G^GTNACC,,
,PvuRts1I,Escherichia coli O157,A. Cheng,C(14/12),,
,Eco4465II,Escherichia coli O157 FDAARGOS_292,B. Goldberg,GAAABCC,4(6),
,Eco4465II,Escherichia coli FDAARGOS_398,T. Minogue,GAAABCC,4(6),
,Eco4465II,Escherichia coli FDAARGOS_399,T. Minogue,GAAABCC,4(6),
,Eco4465II,Escherichia coli FDAARGOS_400,T. Minogue,GAAABCC,4(6),
,MboI,Escherichia coli FDAARGOS_427,M. Croxen,GATC,2(6),
,MboI,Escherichia coli FDAARGOS_437,M. Croxen,GATC,2(6),
,MboI,Escherichia coli FDAARGOS_441,M. Croxen,GATC,2(6),
,M.EcoPI,Escherichia coli (PI),K. Murray,AGACC(25/27),3(6),
,,Escherichia coli P15,W. Arber,CAGCAG(25/27),5(6),N
,MboI,Escherichia coli phage P1,N. Sternberg,GATC,2(6),
,EcoRII,Escherichia coli ERP001,S. Liu,CCWGG,?(5),
,Eco4465II,Escherichia coli O157 180-PT54,L.A. Cowley,GAAABCC,4(6),
,,Escherichia coli RY13,R.N. Yoshimori,G^AATTC,3(6),BCIJNOQRSVX
,,Escherichia coli R245,R.N. Yoshimori,^CCWGG,2(5),BJV
,,Escherichia coli J62 pLG74,L.I. Glatman,GAT^ATC,2(6),CIJNOQRSVX
,,Escherichia coli ECOR5,ATCC 35324,?,?(6),
,S.Eco9001I,Escherichia coli ECOR9,ATCC 35328,AGCANNNNNNTGA,?(6),
,,Escherichia coli ECOR10,ATCC 35329,?,?(6),
,S.EcoBI,Escherichia coli ECOR11,ATCC 35330,TGANNNNNNNNTGCT,?(6),
,S.EcoBI,Escherichia coli ECOR14,ATCC 35333,TGANNNNNNNNTGCT,?(6),
,,Escherichia coli ECOR25,ATCC 35344,?,?(6),
,,Escherichia coli ECOR42,ATCC 35361,?,?(6),
,S.EcoBI,Escherichia coli ECOR70,ATCC 35389,TGANNNNNNNNTGCT,?(6),
,S.EcoR124I,Escherichia coli (R124),S. Glover,GAANNNNNNRTCG,"3(6),-3(6)",
,S.EcoR124II,Escherichia coli (R124/3),S. Glover,GAANNNNNNNRTCG,"3(6),-3(6)",
,S.EcoRD2,Escherichia coli RD2 (Artificial construct),T.A. Bickle,GAANNNNNNRTTC,?(6),
,S.EcoRD3,Escherichia coli RD3 (Artificial construct),T.A. Bickle,GAANNNNNNNRTTC,?(6),
,MboI,Escherichia coli FDAARGOS_448,M. Croxen,GATC,2(6),
,MboI,Escherichia coli MSHS 472,I. Desloges,GATC,2(6),
,StyI,Escherichia coli TB14,N. Terakado,C^CWWGG,,
,AvaIII,Escherichia coli TB22,N. Terakado,ATGCA^T,,
,HgiJII,Escherichia coli TH38,K. Mise,GRGCY^C,4(5),J
,HgiJII,Escherichia coli TH88,N. Terakado,GRGCYC,,
,HgiJII,Escherichia coli TH93,N. Terakado,GRGCYC,,
,HgiJII,Escherichia coli TH95,N. Terakado,GRGCYC,,
,StyI,Escherichia coli TB104,N. Terakado,CCWWGG,,
,MboI,Escherichia coli phage T1,M. Schweiger,GATC,2(6),
,MboI,Escherichia coli bacteriophage T2,S. Hattman,GATC,2(6),
,MboI,Escherichia coli phage T4,S. Hattman,GATC,2(6),
,,Escherichia coli O157:H7 str. TW14359,S.I. Miller,?,,
,EcoRII,Escherichia coli O157:H7 str. TW14359,S.I. Miller,CCWGG,2(5),
,MboI,Escherichia coli U1,K. Miyazaki,GATC,2(6),
,S.Eco646I,Escherichia coli UTI89,S. Hultgren,CCANNNNNNNCTTC,?(6),
,HindIII,Escherichia coli E1585-68,M. Yoshikawa,A^AGCTT,1(6),
,MboI,Escherichia coli VR50,M. Schembri,GATC,2(6),
,MboI,Escherichia coli prophage VT2-Sa,H. Miyamoto,GATC,?(6),
,MboI,Escherichia coli W2-5,K. Yang,GATC,2(6),
,ScrFI,Escherichia coli 13k,A.S. Solonin,^CCNGG,,
,ScrFI,Escherichia coli 21k,A.S. Solonin,^CCNGG,,
,AvaI,Escherichia coli 27,A.S. Solonin,C^YCGRG,,
,SacII,Escherichia coli,A.S. Solonin,CCGC^GG,2(5),
,SacI,Escherichia coli 53k,A.S. Solonin,GAG^CTC,,N
,SauI,Escherichia coli BKM B-2004,A.N. Kravets,CCTNAGG,,
,ScrFI,Escherichia coli 137k,A.S. Solonin,^CCNGG,,
,S.EcoprrI,Escherichia coli,T.A. Bickle,CCANNNNNNNRTGC,?(6),
,MboI,Escherichia coli A19,L. Yuan,GATC,2(6),
,MboI,Escherichia coli T2,S. Peng,GATC,2(6),
,EcoRII,Enterococcus faecalis 1K,P. Pristas,CCWGG,,
,BsmAI,Enterococcus faecium 31K,P. Pristas,GTCTC,,
,NarI,Enterobacter gergoviae NA,S.K. Degtyarev,GGC^GCC,,IV
,NarI,Erwinia herbicola 9/5,A. Janulaitis,GGC^GCC,,B
,,Enterococcus hirae 3012STDY6246392,P. Informatics,CCCNNAG,6(6),
,PstI,Enterobacter hormaechei,H. Azeddoug,CTGCAG,,
,SmaUMH5I,Enterobacter hormaechei RSY19,C. Wang,CTTGAC,5(6),
,MboI,Enterobacter hormaechei RSY19,C. Wang,GATC,2(6),
,MboI,Edwardsiella hoshinae NCTC12121,S. Doyle,GATC,2(6),
,MboI,Edwardsiella ictaluri NCTC12122,S. Doyle,GATC,2(6),
,,Erythrobacter litoralis,DSM 8509,CCGGAG,5(6),
,BisI,Escherichia coli LM N17,S.K. Degtyarev,GC^NGC,,
,M.BseMII,Elizabethkingia meningoseptica NCTC10586,S. Doyle,CTSAG,4(6),
,HinfI,Ensifer mexicanus ITTG R7,R. Rincon-Rosales,GANTC,2(6),
,MboI,Edwardsiella piscicida CK41,K.H. Moon,GATC,2(6),
,StyI,Erwinia rhapontici,S.K. Degtyarev,C^CWWGG,,I
,ErhG4T10I,Erysipelothrix rhusiopathiae NCTC7999,S. Doyle,CGANNNNNNTC,"3(6),-2(6)",
,PvuI,Erwinia rhaponici B9,S.K. Degtyarev,CGAT^CG,,
,StyI,Erwinia rhaponici B9,S.K. Degtyarev,C^CWWGG,,
,,Erysipelothrix rhusiopathiae G4T10,C. Kang,CGANNNNNNTC,"3(6),-2(6)",
,ErhG4T10I,Erysipelothrix rhusiopathiae SE38,C. Kang,CGANNNNNNTC,"3(6),-2(6)",
,AvaII,Erwinia rhaponici,D. Jones,G^GWCC,,
,TaqI,Environmental sample BC3,R.D. Morgan,TC^GA,2(4),
,HaeIII,Environmental sample BC4,R.D. Morgan,GG^CC,?(4),
,FnuDII,Environmental sample BS #9,R.D. Morgan,CGCG,?(4),
,MboI,Environmental sample LHC,R.D. Morgan,GATC,4(4),
,PvuRts1I,"Environmental sample, marine metagenome",J.C. Venter,C(11/9),,
,PvuRts1I,"Environmental sample, Newport Harbor RI",J.C. Venter,C(11/9),,
,MboI,Enterobacter sacchari SP1,W. Ye,GATC,2(6),
,,Environmental sample Sargasso Sea,J.C. Venter,GACCAC,?(6),
,HaeIII,Environmental sample WC1,R.D. Morgan,GGCC,?(4),
,XhoI,Exiguobacterium species strain SCF,Vivantis 641,C^TCGAG,,
,SacII,Enterobacter species RFL3,A. Janulaitis,CCGCGG,,
,HgiJII,Enterobacter species RFL4,A. Janulaitis,GRGCYC,,
,SacII,Enterobacter species RFL6,A. Janulaitis,CCGCGG,,
,EcoRII,Enterobacter species RFL6,A. Janulaitis,CCWGG,,
,,Eucapsis species,PCC 6906,GC^TNAGC,,
,,Eucapsis species,PCC 6906,?,,
,HgiCI,Erwinia species RFL1,A. Janulaitis,GGYRCC,,
,EcoRII,Erwinia species RFL2,A. Janulaitis,CCWGG,,
,,Erwinia species RFL3,A. Janulaitis,CGTCTC(1/5),"4(5),-4(6)",BN
,AflII,Erwinia species RFL4,A. Janulaitis,C^TTAAG,,
,NaeI,Erwinia species RFL5,A. Janulaitis,GCCGGC,,
,PstI,Erwinia species RFL5,A. Janulaitis,CTGCAG,,
,HgiCI,Erwinia species RFL6,A. Janulaitis,GGYRCC,,
,BsePI,Erwinia species RFL7,A. Janulaitis,GCGCGC,,
,BsePI,Erwinia species RFL8,A. Janulaitis,GCGCGC,,
,HgiCI,Erwinia species RFL9,A. Janulaitis,GGYRCC,,
,HgiCI,Erwinia species RFL10,A. Janulaitis,GGYRCC,,
,HgiCI,Erwinia species RFL11,A. Janulaitis,GGYRCC,,
,HgiCI,Erwinia species RFL12,A. Janulaitis,GGYRCC,,
,HgiCI,Erwinia species RFL13,A. Janulaitis,GGYRCC,,
,HgiCI,Erwinia species RFL14,A. Janulaitis,GGYRCC,,
,HgiCI,Erwinia species RFL15,A. Janulaitis,GGYRCC,,
,Esp3I,Erwinia species RFL16,A. Janulaitis,CGTCTC,,
,KpnI,Erwinia species RFL19,A. Janulaitis,GGTACC,,
,HgiCI,Erwinia species RFL21,A. Janulaitis,GGYRCC,,
,HgiCI,Erwinia species RFL22,A. Janulaitis,GGYRCC,,
,Esp3I,Erwinia species RFL23,A. Janulaitis,CGTCTC,,
,EcoRII,Erwinia species RFL24,A. Janulaitis,CCWGG,,
,HgiCI,Erwinia species RFL25,A. Janulaitis,GGYRCC,,
,PstI,Enterobacter species RFL141,A. Janulaitis,CTGCAG,,
,BisI,Enterobacter species 638,D. van der Lelie,GCNGC,,
,PflMI,Enterobacter species RFL1396,A. Janulaitis,CCANNNN^NTGG,3(6),
,,Eubacterium sp. AB3007,W. Kelly,CAGAAG,5(6),
,BspMI,Eubacterium species CAG:38,S. Rasmussen,ACCTGC,,
,MboI,Enterobacter species HK169,H. Kim,GATC,2(6),
,EcoRII,Enterobacter species N7,P.C. Shaw,CCWGG,,
,CfrI,Enterobacter species N16,P.C. Shaw,YGGCCR,,
,EcoRII,Enterobacter species N22,P.C. Shaw,CCWGG,,
,CfrI,Enterobacter species 24I,P.C. Shaw,YGGCCR,,
,BspMII,Enterobacter species N26,P.C. Shaw,TCCGGA,,
,AvaI,Enterobacter species N29,P.C. Shaw,CYCGRG,,
,EcoRII,Enterobacter species N30,P.C. Shaw,CCWGG,,
,Eco57I,Edwardsiella tarda FDAARGOS_370,J. Campos,CTGAAG,"5(6),-5(6)",
,MboI,Edwardsiella tarda,K. Sun,GATC,2(6),
,NmeA6CIII,Enterobacter xiangfangensis LMG27195,M. Adams,GCCGAC,5(6),
,NlaIII,Flavobacterium aquatile N3,S.K. Degtyarev,CATG^,,I
,,Flavobacterium aquatile B15,S.K. Degtyarev,YA^TR,,I
,,Flavobacterium aquatile Ob10,S.K. Degtyarev,(8/13)AAGNNNNNCTT(13/8),,I
,FnuDII,Flavobacterium aquatile Ob10,S.K. Degtyarev,CG^CG,,
,FinI,Flavobacterium aquatile RFL1,Fermentas G263,GGGAC(10/14),,B
,NlaIII,Flavobacterium aquatile NL3,NEB 1779,^CATG,1(5),IN
,,Flavobacterium aquatile,NEB 1780,CCCGC(4/6),,IN
,,Flavobacterium aureus B,M.M. Wijdenbosch,?,,
,FnuDII,Flavobacterium aureus B,M.M. Wijdenbosch,CG^CG,,
,NdeI,Flavobacterium aquatile ND,S.K. Degtyarev,CA^TATG,,IV
,BclI,Flavobacterium balustinum,ATCC 33487,T^GATCA,,
,,Flavobacteriaceae bacterium F202Z8,Y.M. Kwon,AGAAGG,4(6),
,AccI,Flavobacterium balustinum,S.K. Degtyarev,GT^MKAC,,I
,Fnu4HI,Flavobacterium breve,NEB 379,GC^NGC,,
,,Flavobacterium columnare G4,N. Li,?,?(6),
,,Flavobacterium columnare TC 1691,T. Zhang,GCVGAG,5(6),
,,Flavobacterium cyanobacteriorum TH021,H. Cai,?,,
,AvaII,Fremyella diplosiphon,PCC 7601,G^GWCC,,
,MstI,Fremyella diplosiphon,PCC 7601,TGC^GCA,,
,MaeI,Fervidobacterium gondwanense AB39T,B.K.C. Patel,C^TAG,,
,,Flavobacterium indologenes,NEB 382,GGGAC,,
,HpaII,Flavobacterium indologenes,NEB 382,CCGG,,
,HaeIII,Flavobacterium indoltheticum,ATCC 27950,GGCC,,
,MaeI,Fervidobacterium islandicum H21,DSM 5733,CTAG,,
,Aco12261II,Filimonas lacunae,NBRC 104114,CCRGAG,5(6),
,AsuI,Flavobacterium multivorum,B.A. Rebentish,GGNC^C,,
,,Fusobacterium naviforme NCTC13121,S. Doyle,TTGAYC,4(6),
,,Fusobacterium nucleatum SB031,S. Bullman,?,,
,,Fusobacterium nucleatum SB037,S. Bullman,?,,
,Pba2294I,Fusobacterium nucleatum SB048,S. Bullman,GTAAG,4(6),
,,Fusobacterium nucleatum 48,M. Smith,?,,
,,Fusobacterium nucleatum subsp. vincentii NCTC11326,S. Doyle,GAGNNNNRTAY,"2(6),-3(6)",
,,Fusobacterium nucleatum subsp. vincentii NCTC11326,S. Doyle,CTTAATT,5(6),
,HinfI,Fusobacterium nucleatum A,M. Smith,G^ANTC,,
,MboI,Fusobacterium nucleatum A,M. Smith,GATC,,
,MboI,Fusobacterium nucleatum C,M. Smith,^GATC,,
,HaeIII,Fusobacterium nucleatum D,M. Smith,GG^CC,?(5),
,,Fusobacterium nucleatum D,M. Smith,CG^CG,1(5),
,HhaI,Fusobacterium nucleatum D,M. Smith,GCG^C,,
,MboI,Fusobacterium nucleatum E,M. Smith,^GATC,,
,,Fusobacterium nucleatum 4H,M. Smith,GC^NGC,2(5),N
,,Flavobacterium okeanokoites,IFO 12536,GGATG(9/13),"3(6),-2(6)",IJNVX
,CjuII,Francisella philomiragia GA01-2801,K.A. Bishop-Lilly,GAGNNNNNRTG,"2(6),-2(6)",
,HpaII,Flavobacterium psychrophilum JIP02/86,ATCC 49511,C^CGG,2(5),
,HgiJII,Flavobacterium species O9,S.K. Degtyarev,GRGCY^C,,IV
,SacII,Frankia species 32.61,M. Lechevalier,CCGCGG,,
,,Frankia species Eul1b,NRRL 18528,GGCCGG^CC,?(5),N
,Eco57I,Flavobacterium sulfureum,NEB 386,CTGAAG,,
,ApoI,Frankia species,NEB 685,R^AATTY,,
,MstI,Fischerella species,ATCC 29114,TGC^GCA,?(5),JNV
,AsuII,Fischerella species,ATCC 29114,TT^CGAA,,
,BspMI,Flavobacterium species AG291,V. Venturi,ACCTGC(4/8),?(5),
,EcoRII,Flavobacterium species I 16-04,U. Simidu,CC^WGG,,
,,Flexibacter species Tv-m21K,V. Butkus,RTGC^GCAY,,B
,MaeI,Flavobacterium species RFLI,A. Janulaitis,C^TAG,,B
,,Frankia species EAN1pec,L.S. Tisa,CC(12/16),,
,Fnu4HI,Flavobacterium species 4H,S.K. Degtyarev,GC^NGC,2(5),I
,FnuDII,Flavobacterium species,NEB 380,CGCG,,
,AvaII,Fischerella species,M. Sargent,G^GWCC,,
,,Flavobacterium species PK15,A. Ekwe,GARGAAG,6(6),
,MboI,Feldmannia species virus,T.J. Choi,GATC,?(6),
,AvaII,Fibrobacter succinogenes S85 (JCVI),C.W. Forsberg,G^GWCC,?(5),
,Tth111I,Flavobacterium suaveolens,ATCC 13718,GACNNNGTC,,
,BalI,Fukatsuia symbiotica 5D,V.A. Patel,TGGCCA,6(6),
,MboI,Fukatsuia symbiotica 5D,V.A. Patel,GATC,2(6),
,S.FtnUI,Francisella tularensis subsp. novicida U112,F. Nano,GGHANNNNNNNTAG,"4(6),-3(6)",
,S.FtnUII,Francisella tularensis subsp. novicida U112,F. Nano,CYYANNNNNNNCTC,"4(6),-2(6)",
,M.EcoPI,Francisella tularensis subsp. novicida U112,F. Nano,AGACC,3(6),
,DpnI,Francisella tularensis subsp. novicida U112,F. Nano,GATC,,
,,Francisella tularensis subsp. novicida U112,F. Nano,GAAACA,6(6),
,Eco47III,Fischerella uniformis,M.M. Wijdenbosch,AGC^GCT,,
,EcoRI,Fischerella uniformis,M.M. Wijdenbosch,G^AATTC,,
,SacII,Gluconobacter albidus,IFO 3251,CCGC^GG,,
,,Gemmatimonas aurantiaca T-27,A. Oguchi,CGCGCAGG,?(6),
,,Gemmatimonadetes bacterium KBS708,ATCC BAA-2150,ATGCAC,5(6),
,SacII,Gluconobacter cerinus,IFO 3262,CCGC^GG,,
,SacII,Gluconobacter cerinus,IFO 3285,CCGC^GG,,
,StuI,Gluconobacter dioxyacetonicus,IAM 1814,AGG^CCT,,
,,Gluconobacter dioxyacetonicus,IAM 1814,CGGCCR(-5/-1),,
,BamHI,Gluconobacter dioxyacetonicus,IAM 1840,GGATCC,,
,BbvI,Geobacillus species IC,P.M. Skowron,GCAGC(8/12),,
,,Gallus gallus,S. Tajima,?,?(5),
,,Gluconobacter gluconicus,IFO 3285,?,,
,MboI,Grimontia hollisae NCTC11645,S. Doyle,GATC,2(6),
,BamHI,Gluconobacter industricus,IFO 3260,GGATCC,,
,,Glacial ice bacterium GL29,S.K. Degtyarev,GC^GC,,
,BisI,Glacial ice bacterium GL24,S.K. Degtyarev,GC^NGC,,
,M.GmeII,Geobacter metallireducens GS-15,ATCC 53774,TCCAGG,4(6),
,StuI,Geodermatophilus obscurus,Glaxo 2323C,AGGCCT,,
,BamHI,Gluconobacter oxydans sub. melonogenes,IAM 1836,GGATCC,,
,S.Sag908I,Glaesserella parasuis NCTC4557,S. Doyle,GAGNNNNRTAA,"2(6),-3(6)",
,Cin11811I,Glaesserella parasuis NCTC4557,S. Doyle,TGKMCA,6(6),
,,Gordonia rubripertincta 3012STDY6756503,P. Informatics,CARABGC,4(6),
,BseYI,Geobacillus stearothermophilus Y,S.K. Degtyarev,CCCAGC(-1/-5),,I
,AsuI,Gloeocapsa species,ATCC 29159,GGNCC,,
,PstI,Gloeocapsa species,ATCC 29159,CTGCAG,,
,BamHI,Gloeocapsa species,ATCC 29159,GGATCC,,
,PvuII,Gloeothece species,ATCC 27152,CAGCTG,,
,Jma19592II,Gillisia species Hel_I_29,M. Blow,GRGCRAC,6(6),
,AvaII,Gloeotricia species,D. Clark,GGWCC,,
,MstI,Gloeotricia species,D. Clark,TGCGCA,,
,,Gloeotricia species,D. Clark,?,,
,BamHI,Geobacillus stearothermophilus,ATCC 7953,G^GATCC,,
,S.Gst10II,Geobacillus stearothermophilus EF60045,D.-W. Lee,TACNNNNNNCTC,?(6),
,AvaI,Geobacillus stearothermophilus,NEB 1588,CYCGRG,,
,MboI,Geobacillus stearothermophilus,NEB 1588,GATC,,
,BstEII,Geobacillus stearothermophilus ATCC 12980,ATCC 12980,G^GTNACC,5(6),
,,Gluconobacter suboxydans H-15T,M.S. Loytsianskaya,CTGGAG(16/14),,B
,,Geobacter sulfurreducens PCA,ATCC 51573,GTACAG,5(6),
,Cdi13750III,Gordonia terrae NCTC10669,P. Informatics,CCGATCC,4(6),
,HaeIII,Bacillus amyloliquefaciens phage H2,T.A. Trautner,"GGCC,GCNGC,GDGCHC","3(5), 2(5)",
,MboI,Halococcus acetoinfaciens,IAM 12094,^GATC,,
,,Haemophilus aegyptius,ATCC 11116,WGG^CCW,,
,,Haemophilus aegyptius,ATCC 11116,RGCGC^Y,?(5),JNV
,,Haemophilus aegyptius,ATCC 11116,GG^CC,3(5),IJNOQRSVX
,,Haemophilus aegyptius,ATCC 11116,(7/13)GAYNNNNNRTC(14/9),2(6),
,MboI,Haemophilus aegyptius NCTC8134,P. Informatics,GATC,2(6),
,MboI,Haemophilus aegyptius NCTC8135,S. Doyle,GATC,2(6),
,MboI,Haemophilus aegyptius NCTC8502,S. Doyle,GATC,2(6),
,,Halococcus agglomeratus,ATCC 25862,?,,
,EcoRI,Hafnia alvei B6,S.K. Degtyarev,G^AATTC,,
,PstI,Hafnia alvei B6,S.K. Degtyarev,CTGCA^G,,
,EcoRI,Hafnia alvei 22,V.E. Repin,GAATTC,,
,MboI,Hafnia alvei HUMV-5920,J. Ramos-Vivas,GATC,2(6),
,,Haemophilus aphrophilus,ATCC 19415,?,,
,HpaII,Haemophilus aphrophilus,ATCC 19415,C^CGG,2(5),
,BalI,Herpetosiphon aurantiacus,ATCC 23779,TGGCCANNNNNNNNNNN^,6(6),
,,Hirschia baltica ATCC 49814,ATCC 49814,GCCCAG,5(6),
,,Halobacterium bonnevillei PCN9,G.M. King,?,,
,,Helicobacter canadensis NCTC13221,S. Doyle,CACNNNNNRTAY,"2(6),-3(6)",
,,Halobacterium cutirubrum,D. Oesterhelt,?,,
,MboI,Hamiltonella defensa A2C,G. Chevignon,GATC,2(6),
,MboI,Hamiltonella defensa 5D,V.A. Patel,GATC,2(6),
,MboI,Hamiltonella defensa MI47,V.A. Patel,GATC,2(6),
,,Hamiltonella defensa NY26,G. Chevignon,CGANNNNNNTCC,"3(6),-3(6)",
,MboI,Hamiltonella defensa NY26,G. Chevignon,GATC,2(6),
,,Hamiltonella defensa ZA17,G. Chevignon,GCANNNNNNTCC,"3(6),-3(6)",
,MboI,Haemophilus ducreyi FDAARGOS_297,ATCC 700724D-5,GATC,2(6),
,,Haemophilus gallinarum,ATCC 14385,GACGC(5/10),"3(5),-2(5)",IN
,AcyI,Herpetosiphon giganteus 3303,U. Mayr,GR^CGYC,,
,,Herpetosiphon giganteus HP1023,J.H. Parish,GWGCW^C,,
,AvaII,Herpetosiphon giganteus Hpg5,H. Reichenbach,G^GWCC,?(5),
,,Herpetosiphon giganteus Hpg9,H. Reichenbach,G^GYRCC,5(5),
,AvaII,Herpetosiphon giganteus Hpg9,H. Reichenbach,G^GWCC,?(5),
,SalI,Herpetosiphon giganteus Hpg9,H. Reichenbach,G^TCGAC,,
,AcyI,Herpetosiphon giganteus Hpa2,H. Reichenbach,GR^CGYC,?(5),
,SalI,Herpetosiphon giganteus Hpa2,H. Reichenbach,G^TCGAC,?(5),
,AvaII,Herpetosiphon giganteus Hpg24,H. Reichenbach,G^GWCC,?(5),
,,Herpetosiphon giganteus Hpg24,H. Reichenbach,ACCNNNNNNGGT,,
,,Herpetosiphon giganteus Hpg14,H. Reichenbach,?,,
,AcyI,Herpetosiphon giganteus Hpa1,H. Reichenbach,GR^CGYC,?(5),
,HgiCI,Herpetosiphon giganteus HP1049,J.H. Parish,G^GYRCC,,
,AcyI,Herpetosiphon giganteus HP1049,J.H. Parish,GR^CGYC,,
,AvaII,Herpetosiphon giganteus HP1049,J.H. Parish,G^GWCC,,
,AvaII,Herpetosiphon giganteus HFS101,H. Foster,G^GWCC,,
,,Herpetosiphon giganteus HFS101,H. Foster,GRGCY^C,,
,,Herpetosiphon giganteus Hpg32,H. Reichenbach,?,,
,CauII,Herpetosiphon giganteus S21,H. Foster,CCSGG,,
,CauII,Herpetosiphon giganteus,H. Foster,CC^SGG,,
,,Haemophilus haemolyticus,ATCC 10014,GCG^C,2(5),BJNQVX
,HinfI,Haemophilus haemolyticus,ATCC 10014,G^ANTC,2(6),
,MboI,Haemophilus haemolyticus,ATCC 10014,GATC,2(6),
,SpnRII,Haemophilus haemolyticus NCTC10659,P. Informatics,TCGAG,4(6),
,MboI,Haemophilus haemolyticus NCTC10839,S. Doyle,GATC,2(6),
,,Haloprofundus halophilus NK23,Q. Xu,?,,
,EcoRII,Halomonas halodurans,ATCC 29686,CCWGG,,
,HaeIII,Haemophilus haemoglobinophilus,ATCC 19416,GGCC,,
,DpnI,Haloarcula hispanica pleomorphic virus 4,B. Zhu,GATC,,
,,Halobacterium halobium NRC817,D. Oesterhelt,?,,
,AcyI,Haemophilus influenzae RFL1,A. Janulaitis,GR^CGYC,,BV
,NlaIII,Haemophilus influenzae RFL1,A. Janulaitis,CATG^,,B
,HpaII,Haemophilus influenzae RFL2,A. Janulaitis,C^CGG,,
,CauII,Haemophilus influenzae RFL3,A. Janulaitis,CCSGG,,
,,Haemophilus influenzae RFL4,A. Janulaitis,(8/13)GAYNNNNNVTC(13/8),,
,,Haemophilus influenzae RFL4,A. Janulaitis,CCTTC(6/5),,
,HpaII,Haemophilus influenzae RFL5,A. Janulaitis,CCGG,,
,AsuI,Haemophilus influenzae RFL5,A. Janulaitis,GGNCC,,
,HindIII,Haemophilus influenzae RFL5,A. Janulaitis,AAGCTT,,
,HhaI,Haemophilus influenzae RFL6,A. Janulaitis,G^CGC,,B
,HhaI,Haemophilus influenzae RFL7,A. Janulaitis,GCGC,,
,AcyI,Haemophilus influenzae RFL8,A. Janulaitis,GRCGYC,,
,NlaIII,Haemophilus influenzae RFL8,A. Janulaitis,CATG,,
,HindIII,Haemophilus influenzae 173,J. Chirikjian,AAGCTT,,
,MboI,Haemophilus influenzae 723,J.M. Atack,GATC,2(6),
,FnuDII,Haemophilus influenzae 1056,J. Stuy,CGCG,,
,,Haemophilus influenzae 1056,J. Stuy,?,,
,HindIII,"Haemophilus influenzae serotype b, 1076",J. Stuy,AAGCTT,,
,HindII,"Haemophilus influenzae serotype c, 1160",J. Stuy,GTYRAC,,
,HindII,"Haemophilus influenzae serotype c, 1161",J. Stuy,GTYRAC,,
,MboI,Haemophilus influenzae NCTC8468,P. Informatics,GATC,2(6),
,,Haemophilus influenzae,ATCC 9795,?,,
,MboI,Haemophilus influenzae NCTC11394,P. Informatics,GATC,2(6),
,MboI,Haemophilus influenzae NCTC12699,P. Informatics,GATC,2(6),
,MboI,Haemophilus influenzae NCTC12975,S. Doyle,GATC,2(6),
,MboI,Haemophilus influenzae NCTC13377,S. Doyle,GATC,2(6),
,MboI,Haemophilus influenzae C486,M.P. Jennings,GATC,2(6),
,MboI,Haemophilus influenzae strain 1209,E.R. Moxon,GATC,2(6),
,MboI,Haemophilus influenzae strain NCTC 8143,NCTC 8143,GATC,2(6),
,MboI,Haemophilus influenzae PittGG2,R.L. Ehrlich,GATC,2(6),
,HhaI,Haemophilus influenzae GU,J. Chirikjian,GCGC,,
,FokI,Haemophilus influenzae GU,J. Chirikjian,GGATG,,
,HaeII,Haemophilus influenzae H-1,M. Takanami,RGCGCY,,
,MboI,Haemophilus influenza bacteriophage HP1,J.J. Scocca,GATC,2(6),
,MboI,Haemophilus influenzae phage HP2,A.L. Smith,GATC,?(6),
,MboI,Haemophilus influenzae NML-Hia-1,R. Tsang,GATC,2(6),
,HindII,Haemophilus influenzae JC9,A. Piekarowicz,GTY^RAC,,
,HindIII,Haemophilus influenzae JC9,A. Piekarowicz,AAGCTT,,
,HhaI,Haemophilus influenzae P1,S. Shen,G^CGC,2(5),N
,HhaI,Haemophilus influenzae S1,S. Shen,GCGC,,
,HhaI,Haemophilus influenzae S2,S. Shen,GCGC,,
,HindIII,"Haemophilus influenzae serotype b, SAF6",A. Bakir,AAGCTT,,
,HindIII,Haemophilus influenzae Rb,C.A. Hutchison,AAGCTT,,
,HindII,Haemophilus influenzae Rc,ATCC 49699,GTY^RAC,5(6),BJNOQVX
,,Haemophilus influenzae Rd,ATCC 51907,RAACNNNNNTAG,"?(6),?(6)",
,,Haemophilus influenzae Rd,ATCC 51907,GTY^RAC,5(6),IOSV
,,Haemophilus influenzae Rd,ATCC 51907,A^AGCTT,1(6),BCIJNQRSVX
,MboI,Haemophilus influenzae Rd,ATCC 51907,GATC,2(6),
,,Haemophilus influenzae Rd NEB,ATCC 51907,?,?(6),
,M.Hinf232I,Haemophilus influenzae serotype e,A. Piekarowicz,CGAAT,,
,,Haemophilus influenzae Rf (strain Dingles),G. Leidy,G^ANTC,2(6),BCIJNOQRVX
,M.Hinf232I,Haemophilus influenzae Rf 232,G. Leidy,CGAAT,4(6),
,EcoRV,Hyphomonas jannaschiana,R. Weiner,GAT^ATC,,
,,Haemophilus parainfluenzae,ATCC 49669,GTT^AAC,5(6),CIJNQSVX
,,Haemophilus parainfluenzae,ATCC 49669,C^CGG,2(5),BINQVX
,MboI,Haemophilus parainfluenzae,ATCC 49669,GATC,2(6),
,MboI,Haemophilus parainfluenzae ATCC 33392,NCTC 7857,GATC,2(6),
,,Haladaptatus paucihalophilus DX253,K.N. Savage-Ashlock,?,,
,,Haemophilus parahaemolyticus,ATCC 49700,GGTGA(8/7),5(6),BNV
,MboI,Haemophilus pittmaniae NCTC13334,NCTC 13334,GATC,2(6),
,MboI,Haemophilus pittmaniae NCTC13335,S. Doyle,GATC,2(6),
,MboII,Helicobacter pylori 60190,ATCC 49503,GAAGA,,
,HinfI,Helicobacter pylori 60190,ATCC 49503,GANTC,,
,TaqI,Helicobacter pylori 60190,ATCC 49503,TCGA,,
,HpaII,Helicobacter pylori 60190,ATCC 49503,CCGG,,
,MjaIV,Helicobacter pylori A 8-5,A. Janulaitis,GTN^NAC,5(6),B
,Tsp45I,Helicobacter pylori A 8-5,A. Janulaitis,GTSAC,,
,HgiAI,Helicobacter pylori A 8-5,A. Janulaitis,GWGCWC,,
,CviRI,Helicobacter pylori J26,M.J. Blaser,TGCA,,
,TaqI,Helicobacter pylori J26,M.J. Blaser,TCGA,,
,BccI,Helicobacter pylori F30,M. Hattori,CCATC,-2(6),
,M.Aci16581I,Helicobacter pylori F30,M. Hattori,AGGAG,4(6),
,Tsp45I,Helicobacter pylori 51,M.J. Cho,^GTSAC,,
,,Helicobacter pylori J99,R.A. Alm,CGWCG^,4(4),N
,Tsp45I,Helicobacter pylori J99,R.A. Alm,GTSAC,4(6),
,HhaI,Helicobacter pylori J99,R.A. Alm,GCGC,2(5),
,SecI,Helicobacter pylori J99,R.A. Alm,CCNNGG,1(4),
,,Helicobacter pylori J99,R.A. Alm,GCCTA,5(6),
,,Helicobacter pylori J99,R.A. Alm,GGWTAA,6(6),
,,Helicobacter pylori J99,R.A. Alm,GGWCNA,6(6),
,S.Hpy99XVI,Helicobacter pylori J99,R.A. Alm,RTAYNNNNNRTAY,3(6),
,,Helicobacter pylori J99,R.A. Alm,CYANNNNNNTGA,"3(6),-3(6)",
,Hpy188I,Helicobacter pylori J166,M.J. Blaser,TCNGA,,
,MjaIV,Helicobacter pylori J166,M.J. Blaser,GTN^NAC,,N
,MnlI,Helicobacter pylori J166,M.J. Blaser,CCTC,,
,MboII,Helicobacter pylori J178,M.J. Blaser,GAAGA,,
,,Helicobacter pylori J178,M.J. Blaser,TC^NNGA,,
,FokI,Helicobacter pylori J178,M.J. Blaser,GGATG,,
,HaeIII,Helicobacter pylori J178,M.J. Blaser,GGCC,,
,,Helicobacter pylori J188,M.J. Blaser,TCN^GA,5(6),N
,Hpy178III,Helicobacter pylori J188,M.J. Blaser,TC^NNGA,,N
,HpyUM032XIII,Helicobacter pylori UM298,J. Vadivelu,CYANNNNNNNTRG,3(6),
,HpyUM032XIV,Helicobacter pylori UM298,J. Vadivelu,GAAAG,4(6),
,HpaII,Helicobacter pylori UM299,J. Vadivelu,CCGG,1(4),
,HpyUM032XIII,Helicobacter pylori UM299,J. Vadivelu,CYANNNNNNNTRG,3(6),
,HpyUM032XIV,Helicobacter pylori UM299,J. Vadivelu,GAAAG,4(6),
,M.Aci16581I,Helicobacter pylori isolate BCM-300,J. Krebes,AGGAG,4(6),
,,Helicobacter pylori isolate BCM-300,J. Krebes,CCTYNA,6(6),
,RsaI,Helicobacter pylori 30-3,N.R. Salama,GTAC,,
,RsaI,Helicobacter pylori 31-2,N.R. Salama,GTAC,,
,RsaI,Helicobacter pylori 40-1,N.R. Salama,GTAC,,
,RsaI,Helicobacter pylori 42-1,N.R. Salama,GTAC,,
,RsaI,Helicobacter pylori 42-3,N.R. Salama,GTAC,,
,RsaI,Helicobacter pylori 47-1,N.R. Salama,GTAC,,
,RsaI,Helicobacter pylori 50-1,N.R. Salama,GTAC,,
,,Helicobacter pylori NCTC12823,P. Informatics,GAAAAG,5(6),
,,Helicobacter pylori 26695,A. Manolov,?,,
,MboII,Helicobacter pylori 26695,D.E. Berg,GAAGA,-2(4),
,MboI,Helicobacter pylori 26695,D.E. Berg,GATC,2(6),
,HinfI,Helicobacter pylori 26695,D.E. Berg,GANTC,2(6),
,Hin4II,Helicobacter pylori 26695,D.E. Berg,CCTTC(6/5),"2(5),-3(6)",N
,,Helicobacter pylori 26695,D.E. Berg,GCGTA,5(6),
,,Helicobacter pylori 26695,D.E. Berg,CRTTAA,6(6),
,,Helicobacter pylori 26695,D.E. Berg,CRTCNA,6(6),
,,Helicobacter pylori 26695,D.E. Berg,GGANNAG,6(6),
,HinfI,Helicobacter pylori strain 87A,L. Shapiro,GANTC,,
,,Helicobacter pylori ASHA-001,A.J. Gutierrez-Escobar,CYANNNNNNTTC,"3(6),-3(6)",
,Hpy99XXII,Helicobacter pylori ASHA-002,A.J. Gutierrez-Escobar,CYANNNNNNTGA,"3(6),-3(6)",
,HpyAS001VI,Helicobacter pylori ASHA-005,A.J. Gutierrez-Escobar,CYANNNNNNTTC,"?(6),-3(6)",
,RsaI,Helicobacter pylori strain Roberts,N.L. Brown,GT^AC,,
,MjaIV,Helicobacter pylori strain Roberts,N.L. Brown,GTN^NAC,,
,EcoRV,Helicobacter pylori,NCTC 11637,GAT^ATC,,
,,Helicobacter pylori,NCTC 11637,?,,
,BccI,Helicobacter pylori,J.-T. Wang,CCATC,,
,NlaIII,Helicobacter pylori CH4,M.J. Blaser,CATG^,,
,DdeI,Helicobacter pylori CH4,M.J. Blaser,CTNAG,,
,Tsp4CI,Helicobacter pylori CH4,M.J. Blaser,ACN^GT,,N
,MaeII,Helicobacter pylori CH4,M.J. Blaser,A^CGT,2(5),N
,CviRI,Helicobacter pylori CH4,M.J. Blaser,TG^CA,,N
,Hpy178III,Helicobacter pylori CH4,M.J. Blaser,TCNNGA,,
,,Helicobacter pylori F16,M. Hattori,GCRGA,5(6),
,Tsp45I,Helicobacter pylori RFL1,V. Butkus,GTSAC,,
,SfeI,Helicobacter pylori RFL2,V. Butkus,CTRYAG,,
,HinfI,Helicobacter pylori RFL2,V. Butkus,GANTC,,
,DdeI,Helicobacter pylori RFL3,V. Butkus,C^TNAG,,B
,Tsp45I,Helicobacter pylori RFL4,V. Butkus,GTSAC,,
,DdeI,Helicobacter pylori RFL4,V. Butkus,CTNAG,,
,DdeI,Helicobacter pylori RFL5,V. Butkus,CTNAG,,
,Tsp4CI,Helicobacter pylori RFL5,V. Butkus,ACNGT,,
,FokI,Helicobacter pylori RFL6,V. Butkus,GGATG,,
,Tsp45I,Helicobacter pylori RFL6,V. Butkus,GTSAC,,
,DdeI,Helicobacter pylori RFL6,V. Butkus,CTNAG,,
,DdeI,Helicobacter pylori RFL7,V. Butkus,CTNAG,,
,HgiAI,Helicobacter pylori RFL7,V. Butkus,GWGCWC,,
,MjaIV,Helicobacter pylori RFL7,V. Butkus,GTNNAC,,
,Tsp45I,Helicobacter pylori RFL9,V. Butkus,GTSAC,,
,DdeI,Helicobacter pylori RFL9,V. Butkus,CTNAG,,
,Tsp4CI,Helicobacter pylori RFL9,V. Butkus,ACNGT,,
,HhaI,Helicobacter pylori RFL10,V. Butkus,GCGC,,
,HinfI,Helicobacter pylori RFL10,V. Butkus,GANTC,,
,SecI,Helicobacter pylori RFL10,V. Butkus,CCNNGG,,
,RsaI,Helicobacter pylori RFL10,V. Butkus,GTAC,,
,HaeIII,Helicobacter pylori RFL10,V. Butkus,GGCC,,
,MwoI,Helicobacter pylori RFL10,V. Butkus,GCNNNNN^NNGC,,B
,DdeI,Helicobacter pylori RFL11,V. Butkus,CTNAG,,
,Hpy188I,Helicobacter pylori RFL11,V. Butkus,TCNGA,,
,Tsp4CI,Helicobacter pylori RFL12,V. Butkus,ACNGT,,
,Hpy188I,Helicobacter pylori RFL12,V. Butkus,TCNGA,,
,Tsp45I,Helicobacter pylori RFL13,V. Butkus,GTSAC,,
,DdeI,Helicobacter pylori RFL13,V. Butkus,CTNAG,,
,MaeII,Helicobacter pylori RFL13,V. Butkus,ACGT,,
,RsaI,Helicobacter pylori RFL13,V. Butkus,GTAC,,
,FnuDII,Helicobacter pylori RFL14,V. Butkus,CGCG,,
,MjaIV,Helicobacter pylori RFL14,V. Butkus,GTNNAC,,
,TaqI,Helicobacter pylori RFL14,V. Butkus,TCGA,,
,FnuDII,Helicobacter pylori RFL15,V. Butkus,CGCG,,
,Hpy188I,Helicobacter pylori RFL15,V. Butkus,TCNGA,,
,TaqI,Helicobacter pylori RFL16,V. Butkus,TCGA,,
,Hpy178III,Helicobacter pylori RFL16,V. Butkus,TCNNGA,,
,Hpy188I,Helicobacter pylori RFL17,V. Butkus,TCNGA,,
,HinfI,Helicobacter pylori RFL18,V. Butkus,GANTC,,
,DdeI,Helicobacter pylori RFL19,V. Butkus,CTNAG,,
,Hpy188I,Helicobacter pylori RFL19,V. Butkus,TCNGA,,
,Hpy178III,Helicobacter pylori RFL19,V. Butkus,TCNNGA,,
,Tsp4CI,Helicobacter pylori RFL20,V. Butkus,ACNGT,,
,DdeI,Helicobacter pylori RFL21,V. Butkus,CTNAG,,
,RsaI,Helicobacter pylori RFL21,V. Butkus,GTAC,,
,Tsp4CI,Helicobacter pylori RFL22,V. Butkus,ACNGT,,
,DdeI,Helicobacter pylori RFL22,V. Butkus,CTNAG,,
,Hpy178III,Helicobacter pylori RFL22,V. Butkus,TCNNGA,,
,TaqI,Helicobacter pylori RFL23,V. Butkus,TCGA,,
,TaqI,Helicobacter pylori RFL24,V. Butkus,TCGA,,
,DdeI,Helicobacter pylori RFL24,V. Butkus,CTNAG,,
,DdeI,Helicobacter pylori RFL25,V. Butkus,CTNAG,,
,Tsp45I,Helicobacter pylori RFL25,V. Butkus,GTSAC,,
,FnuDII,Helicobacter pylori RFL26,V. Butkus,CGCG,,
,HaeIII,Helicobacter pylori RFL26,V. Butkus,GGCC,,
,TaqI,Helicobacter pylori RFL26,V. Butkus,TCGA,,
,DdeI,Helicobacter pylori RFL27,V. Butkus,CTNAG,,
,Hpy188I,Helicobacter pylori RFL27,V. Butkus,TCNGA,,
,Hpy188I,Helicobacter pylori RFL28,V. Butkus,TCNGA,,
,HaeIII,Helicobacter pylori RFL29,V. Butkus,GGCC,,
,TaqI,Helicobacter pylori RFL30,V. Butkus,TCGA,,
,DdeI,Helicobacter pylori RFL30,V. Butkus,CTNAG,,
,RsaI,Helicobacter pylori RFL31,V. Butkus,GTAC,,
,Tsp45I,Helicobacter pylori RFL31,V. Butkus,GTSAC,,
,DdeI,Helicobacter pylori RFL32,V. Butkus,CTNAG,,
,Hpy188I,Helicobacter pylori RFL33,V. Butkus,TCNGA,,
,HaeIII,Helicobacter pylori RFL33,V. Butkus,GGCC,,
,DdeI,Helicobacter pylori RFL34,V. Butkus,CTNAG,,
,Tsp45I,Helicobacter pylori RFL34,V. Butkus,GTSAC,,
,TaqI,Helicobacter pylori RFL35,V. Butkus,TCGA,,
,MaeII,Helicobacter pylori RFL35,V. Butkus,ACGT,,
,Tsp4CI,Helicobacter pylori RFL35,V. Butkus,ACNGT,,
,Tsp45I,Helicobacter pylori RFL35,V. Butkus,GTSAC,,
,Tsp45I,Helicobacter pylori RFL36,V. Butkus,GTSAC,,
,RsaI,Helicobacter pylori RFL36,V. Butkus,GTAC,,
,CviRI,Helicobacter pylori RFL36,V. Butkus,TGCA,,
,SduI,Helicobacter pylori RFL36,V. Butkus,GDGCHC,,
,DdeI,Helicobacter pylori RFL37,V. Butkus,CTNAG,,
,HinfI,Helicobacter pylori RFL38,V. Butkus,GANTC,,
,CviRI,Helicobacter pylori RFL38,V. Butkus,TGCA,,
,Tsp4CI,Helicobacter pylori RFL40,V. Butkus,ACNGT,,
,TaqI,Helicobacter pylori RFL40,V. Butkus,TCGA,,
,Tsp45I,Helicobacter pylori RFL40,V. Butkus,GTSAC,,
,Tsp4CI,Helicobacter pylori RFL41,V. Butkus,ACNGT,,
,DdeI,Helicobacter pylori RFL41,V. Butkus,CTNAG,,
,HaeIII,Helicobacter pylori RFL42,V. Butkus,GGCC,,
,Tsp4CI,Helicobacter pylori RFL42,V. Butkus,ACNGT,,
,Hpy188I,Helicobacter pylori RFL42,V. Butkus,TCNGA,,
,TaqI,Helicobacter pylori RFL42,V. Butkus,TCGA,,
,HpaII,Helicobacter pylori RFL43,V. Butkus,CCGG,,
,HinfI,Helicobacter pylori RFL44,V. Butkus,GANTC,,
,NlaIV,Helicobacter pylori RFL44,V. Butkus,GGNNCC,,
,CviRI,Helicobacter pylori RFL44,V. Butkus,TG^CA,,
,Hpy178III,Helicobacter pylori RFL44,V. Butkus,TCNNGA,,
,RsaI,Helicobacter pylori RFL44,V. Butkus,GTAC,,
,TaqI,Helicobacter pylori RFL45,V. Butkus,TCGA,,
,CviRI,Helicobacter pylori RFL45,V. Butkus,TGCA,,
,Tsp4CI,Helicobacter pylori RFL46,V. Butkus,ACNGT,,
,HgiAI,Helicobacter pylori RFL46,V. Butkus,GWGCWC,,
,MjaIV,Helicobacter pylori RFL46,V. Butkus,GTNNAC,,
,Hpy188I,Helicobacter pylori RFL46,V. Butkus,TCNGA,,
,HaeIII,Helicobacter pylori RFL46,V. Butkus,GGCC,,
,SduI,Helicobacter pylori RFL47,V. Butkus,GDGCHC,,
,Tsp45I,Helicobacter pylori RFL48,V. Butkus,GTSAC,,
,Tsp4CI,Helicobacter pylori RFL48,V. Butkus,ACNGT,,
,CviRI,Helicobacter pylori RFL48,V. Butkus,TGCA,,
,TaqI,Helicobacter pylori RFL49,V. Butkus,TCGA,,
,Tsp45I,Helicobacter pylori RFL49,V. Butkus,GTSAC,,
,MjaIV,Helicobacter pylori RFL49,V. Butkus,GTNNAC,,
,HaeIII,Helicobacter pylori RFL49,V. Butkus,GGCC,,
,CviRI,Helicobacter pylori RFL49,V. Butkus,TGCA,,
,MjaIV,Helicobacter pylori RFL50,V. Butkus,GTNNAC,,
,Hpy188I,Helicobacter pylori RFL50,V. Butkus,TCNGA,,
,Tsp45I,Helicobacter pylori RFL51,V. Butkus,GTSAC,,
,Tsp4CI,Helicobacter pylori RFL51,V. Butkus,ACNGT,,
,TaqI,Helicobacter pylori RFL52,V. Butkus,TCGA,,
,FnuDII,Helicobacter pylori RFL52,V. Butkus,CGCG,,
,RsaI,Helicobacter pylori RFL52,V. Butkus,GTAC,,
,HaeIII,Helicobacter pylori RFL53,V. Butkus,GGCC,,
,RsaI,Helicobacter pylori RFL53,V. Butkus,GTAC,,
,Tsp4CI,Helicobacter pylori RFL54,V. Butkus,ACNGT,,
,Tsp4CI,Helicobacter pylori RFL55,V. Butkus,ACNGT,,
,HinfI,Helicobacter pylori RFL55,V. Butkus,GANTC,,
,Tsp4CI,Helicobacter pylori RFL56,V. Butkus,ACNGT,,
,HaeIII,Helicobacter pylori RFL57,V. Butkus,GGCC,,
,Tsp4CI,Helicobacter pylori RFL58,V. Butkus,ACNGT,,
,DdeI,Helicobacter pylori RFL59,V. Butkus,CTNAG,,
,RsaI,Helicobacter pylori RFL59,V. Butkus,GTAC,,
,TaqI,Helicobacter pylori RFL59,V. Butkus,TCGA,,
,HinfI,Helicobacter pylori RFL60,V. Butkus,GANTC,,
,DdeI,Helicobacter pylori RFL60,V. Butkus,CTNAG,,
,Hpy188I,Helicobacter pylori RFL61,V. Butkus,TCNGA,,
,SecI,Helicobacter pylori RFL61,V. Butkus,CCNNGG,,
,Hpy99I,Helicobacter pylori RFL61,V. Butkus,CGWCG,,
,Tsp4CI,Helicobacter pylori RFL62,V. Butkus,ACNGT,,
,TaqI,Helicobacter pylori RFL62,V. Butkus,TCGA,,
,Tsp45I,Helicobacter pylori RFL62,V. Butkus,GTSAC,,
,HaeIII,Helicobacter pylori RFL63,V. Butkus,GGCC,,
,TaqI,Helicobacter pylori RFL64,V. Butkus,TCGA,,
,Tsp4CI,Helicobacter pylori RFL64,V. Butkus,ACNGT,,
,Hpy188I,Helicobacter pylori RFL64,V. Butkus,TCNGA,,
,FnuDII,Helicobacter pylori RFL64,V. Butkus,CGCG,,
,DdeI,Helicobacter pylori RFL64,V. Butkus,CTNAG,,
,Tsp4CI,Helicobacter pylori RFL65,V. Butkus,ACNGT,,
,TaqI,Helicobacter pylori RFL65,V. Butkus,TCGA,,
,RsaI,Helicobacter pylori RFL65,V. Butkus,GTAC,,
,AsuI,Helicobacter pylori RFL66,V. Butkus,GGNCC,,
,DdeI,Helicobacter pylori RFL66,V. Butkus,CTNAG,,
,RsaI,Helicobacter pylori RFL66,V. Butkus,GTAC,,
,TaqI,Helicobacter pylori RFL66,V. Butkus,TCGA,,
,DdeI,Helicobacter pylori RFL67,V. Butkus,CTNAG,,
,CviRI,Helicobacter pylori RFL67,V. Butkus,TGCA,,
,FokI,Helicobacter pylori RFL67,V. Butkus,GGATG,,
,SecI,Helicobacter pylori RFL67,V. Butkus,CCNNGG,,
,Tsp4CI,Helicobacter pylori RFL68,V. Butkus,ACNGT,,
,DdeI,Helicobacter pylori RFL68,V. Butkus,CTNAG,,
,Tsp4CI,Helicobacter pylori RFL69,V. Butkus,ACNGT,,
,HaeIII,Helicobacter pylori RFL69,V. Butkus,GGCC,,
,DdeI,Helicobacter pylori RFL70,V. Butkus,CTNAG,,
,TaqI,Helicobacter pylori RFL71,V. Butkus,TCGA,,
,AsuI,Helicobacter pylori RFL71,V. Butkus,GGNCC,,
,HinfI,Helicobacter pylori RFL71,V. Butkus,GANTC,,
,HaeIII,Helicobacter pylori RFL72,V. Butkus,GGCC,,
,DdeI,Helicobacter pylori RFL72,V. Butkus,CTNAG,,
,HinfI,Helicobacter pylori RFL72,V. Butkus,GANTC,,
,NlaIV,Helicobacter pylori RFL73,V. Butkus,GGNNCC,,
,TaqI,Helicobacter pylori RFL73,V. Butkus,TCGA,,
,HaeIII,Helicobacter pylori RFL73,V. Butkus,GGCC,,
,AsuI,Helicobacter pylori RFL73,V. Butkus,GGNCC,,
,Tsp4CI,Helicobacter pylori RFL74,V. Butkus,ACNGT,,
,MaeII,Helicobacter pylori RFL74,V. Butkus,ACGT,,
,Hpy178III,Helicobacter pylori G27,N.R. Salama,TCNNGA,,
,CviRI,Helicobacter pylori G27,N.R. Salama,TGCA,,
,,Helicobacter pylori G272,Q. Wang,GAAAAG,5(6),
,DdeI,Helicobacter pylori HPAG1,J. Gordon,CTNAG,,
,RsaI,Helicobacter pylori HPAG1,J. Gordon,GTAC,,
,,Helicobacter pylori BCS100H1,L. Kennemann,GCRCA,5(6),
,,Helicobacter pylori HPJP26,G. Fang,?,,
,DdeI,Helicobacter pylori HPK5,M.J. Blaser,CTNAG,,
,MboI,Helicobacter pylori HPK5,M.J. Blaser,GATC,,
,CviRI,Helicobacter pylori JP26,T. Ando,TGCA,,
,TaqI,Helicobacter pylori JP26,T. Ando,TCGA,,
,,Helicobacter pylori LIM-006,A.J. Gutierrez-Escobar,CYANNNNNNTCC,"3(6),-3(6)",
,,Helicobacter pylori LIM-008,A.J. Gutierrez-Escobar,GCRGA,5(6),
,,Helicobacter pylori LIM-009,A.J. Gutierrez-Escobar,GAAAAG,5(6),
,HpyAS001VI,Helicobacter pylori MT5105,A. Mannion,CYANNNNNNTTC,"3(6),-3(6)",
,ScrFI,Helicobacter pylori Novosibirsk N1,V.E. Repin,CCNGG,,
,RsaI,Helicobacter pylori NSH57,N.R. Salama,GTAC,,
,Hpy178III,Helicobacter pylori NSH57,N.R. Salama,TCNNGA,,
,,Helicobacter pylori PUNO-007,A.J. Gutierrez-Escobar,CYANNNNNNTGY,"3(6),-3(6)",
,,Helicobacter pylori PUNO-009,A.J. Gutierrez-Escobar,GCRGA,5(6),
,Hpy99XIII,Helicobacter pylori FDAARGOS_300,L. Kerrigan,GCCTA,5(6),
,Hpy99XXII,Helicobacter pylori FDAARGOS_300,L. Kerrigan,CYANNNNNNTGA,"3(6),-3(6)",
,MaeII,Helicobacter pylori SE526,S.K. Degtyarev,A^CGT,,I
,,Helicobacter pylori SHIM-002,A.J. Gutierrez-Escobar,GAAAAG,5(6),
,,Helicobacter pylori SHIM-010,A.J. Gutierrez-Escobar,GAAAAG,5(6),
,Hpy99XIV-mut1,Helicobacter pylori SHIM-014,A.J. Gutierrez-Escobar,GGWCNA,6(6),
,HpyUM032XIV,Helicobacter pylori SHIM-014,A.J. Gutierrez-Escobar,GAAAG,4(6),
,,Helicobacter pylori UM032,J. Vadivelu,CYANNNNNNNTRG,3(6),
,,Helicobacter pylori UM032,J. Vadivelu,CYANNNNNNNTTC,"3(6),-3(6)",
,,Helicobacter pylori UM032,J. Vadivelu,GAAAG,4(6),
,,Helicobacter pylori UM037,J. Vadivelu,"GTGGNAG,TNGGNAG","6(6), 6(6)",
,HpyUM032XIV,Helicobacter pylori UM037,J. Vadivelu,GAAAG,4(6),
,DpnI,Haloterrigena salina,JCM 13891,GATC,,
,,Homo sapiens,S.B. Baylin,?,?(5),
,,Homo sapiens,S.B. Baylin,?,?(5),
,,Homo sapiens,S.B. Baylin,?,?(5),
,,Homo sapiens,S.B. Baylin,?,?(5),
,,Homo sapiens,S.B. Baylin,?,,
,,Halobacterium salinarium bacteriophage PhiH,W. Zillig,?,?(4),
,GsuI,Haloarcula sinaiiensis,ATCC 33800,CTCCAG,-5(6),
,HhaI,Haemophilus somnus 2336,L.B. Corbeil,G^CGC,,
,CjuI,Haemophilus somnus 2336,L.B. Corbeil,(8/14)CAYNNNNNRTG(14/8),?(6),
,Hso63373III,Histophilus somni USDA-ARS-USMARC-63250,G.P. Harhay,CGANNNNNRTAY,"3(6),-3(6)",
,,Histophilus somni USDA-ARS-USMARC-63250,G.P. Harhay,AACNNNNNGTT,2(6),
,Hso63373III,Histophilus somni USDA-ARS-USMARC-63255,G.P. Harhay,CGANNNNNRTAY,"3(6),-3(6)",
,Hso63373III,Histophilus somni USDA-ARS-USMARC-63368,G.P. Harhay,CGANNNNNRTAY,"3(6),-3(6)",
,Hso63250IV,Histophilus somni USDA-ARS-USMARC-63368,G.P. Harhay,AACNNNNNGTT,2(6),
,Hso63373III,Histophilus somni USDA-ARS-USMARC-63369,G.P. Harhay,CGANNNNNRTAY,"3(6),-3(6)",
,Hso63373III,Histophilus somni USDA-ARS-USMARC-63370,G.P. Harhay,CGANNNNNRTAY,"3(6),-3(6)",
,,Histophilus somni USDA-ARS-USMARC-63373,G.P. Harhay,CGANNNNNRTAY,"3(6),-3(6)",
,Hso63373III,Histophilus somni USDA-ARS-USMARC-63374,G.P. Harhay,CGANNNNNRTAY,"3(6),-3(6)",
,AvaII,Hafnia species RFL2,A. Janulaitis,GGWCC,,
,AcyI,Haemophilus species 92,R. Williams,GR^CGYC,,
,NlaIII,Haemophilus species 92,R. Williams,CATG^,,
,HhaI,Haemophilus species A,S.K. Degtyarev,G^CGC,2(5),IV
,,Halobacterium species DL1,R. Cavicchioli,?,,
,MboI,Haemophilus species oral taxon 036 F0629,M.E. Holder,GATC,2(6),
,BspGI,Halobacterium species GSL-19,P. DasSarma,GTCCAG,5(6),
,,Haloprofundus species MHR1,R. Das,GAGCAGC,5(6),
,,Haloterrigena salifodinae ZY19,S. Chen,?,,
,HindIII,Haemophilus suis,ATCC 19417,A^AGCTT,,
,BalI,Iodobacter fluviatilis NCTC11159,S. Doyle,TGGCCA,6(6),
,Fnu4HI,Ilyobacter tartaricus,U. Mayr,GC^NGC,,
,,Joostella marina DSM 19592,DSM 19592,GTATNAC,6(6),
,,Joostella marina DSM 19592,DSM 19592,GRGCRAC,6(6),
,,Jeotgalibaca species PTS2502,H. Sung,GRNGAAT,6(6),
,Kpn327I,Klebsiella aerogenes FDAARGOS_231,B. Goldberg,GACATC,"4(6),-2(6)",
,Eco8164I,Klebsiella aerogenes NCTC10004,S. Doyle,GCCKAG,5(6),
,MboI,Kangiella aquimarina DSM 16071,DSM 16071,GATC,2(6),
,NarI,Kluyvera ascorbata,NEB 593,G^GCGCC,?(5),N
,,Kluyvera ascorbata NCTC9737,S. Doyle,CCCRAG,5(6),
,DraII,Klebsiella azeanae,A.N. Kravets,RGGNC^CY,,
,Rmu369III,Kluyvera cryocrescens NCTC10483,S. Doyle,GGCYAC,5(6),
,MboI,Kluyvera cryocrescens NCTC10483,S. Doyle,GATC,2(6),
,SanDI,Kribbella flavida RFL1,Fermentas G320,GG^GWCCC,,
,MboI,Kluyvera intermedia NCTC12125,P. Informatics,GATC,2(6),
,MboI,Kosakonia oryzae Ola 51,Y. Li,GATC,2(6),
,BstEII,Klebsiella oxytoca,CAMB 2553,GGTNACC,,
,HgiJII,Klebsiella oxytoca,CAMB 2553,GRGCY^C,,
,EcoRII,Klebsiella oxytoca RFL165,A. Janulaitis,CCWGG,,
,Awo1030IV,Klebsiella oxytoca NCTC11355,S. Doyle,GCCRAG,5(6),
,Awo1030IV,Klebsiella oxytoca NCTC11356,P. Informatics,GCCRAG,5(6),
,MboI,Klebsiella oxytoca NCTC10261,S. Doyle,GATC,2(6),
,SalI,Klebsiella oxytoca,ATCC 13183,GTCGAC,,
,PvuI,Klebsiella planticola RFL79,A. Janulaitis,CGATCG,,
,,Klebsiella pneumoniae OK8,ATCC 49790,GGTAC^C,4(6),BCIJNOQRSVX
,BspMII,Klebsiella pneumoniae RFL2,A. Janulaitis,T^CCGGA,?(5),B
,EcoRII,Klebsiella pneumoniae RFL10,A. Janulaitis,CCWGG,,
,PstI,Klebsiella pneumoniae RFL12,A. Janulaitis,CTGCAG,,
,EcoRII,Klebsiella pneumoniae RFL13,A. Janulaitis,CCWGG,,
,EcoRII,Klebsiella pneumoniae RFL14,A. Janulaitis,CCWGG,,
,EcoRII,Klebsiella pneumoniae RFL16,A. Janulaitis,CCWGG,,
,SacII,Klebsiella pneumoniae RFL19,A. Janulaitis,CCGCGG,,
,BsePI,Klebsiella pneumoniae RFL30,A. Janulaitis,GCGCGC,,
,,Klebsiella pneumoniae FDAARGOS_156,B. Goldberg,CRTGATT,5(6),
,,Klebsiella aerogenes FDAARGOS_327,B. Goldberg,GACATC,"4(6),-2(6)",
,SacII,Klebsiella pneumoniae 378,Y.P. Zernov,CCGC^GG,,
,Kpn9644II,Klebsiella pneumoniae K2044,X. Jia,GRACRAC,6(6),
,Lra68I,Klebsiella pneumoniae NCTC5054,P. Informatics,GTTCNAG,6(6),
,Lra68I,Klebsiella pneumoniae NCTC5057,P. Informatics,GTTCNAG,6(6),
,Lra68I,Klebsiella pneumoniae NCTC8839,P. Informatics,GTTCNAG,6(6),
,Lra68I,Klebsiella pneumoniae NCTC8883,S. Doyle,GTTCNAG,6(6),
,,Klebsiella pneumoniae NCTC9178,P. Informatics,GNGCGAG,6(6),
,Lra68I,Klebsiella pneumoniae NCTC9495,P. Informatics,GTTCNAG,6(6),
,Lra68I,Klebsiella pneumoniae NCTC9616,P. Informatics,GTTCNAG,6(6),
,Lra68I,Klebsiella pneumoniae NCTC9617,S. Doyle,GTTCNAG,6(6),
,,Klebsiella aerogenes NCTC9644,P. Informatics,GRACRAC,6(6),
,Lra68I,Klebsiella pneumoniae NCTC9657,S. Doyle,GTTCNAG,6(6),
,M.KpnNIH50I,Klebsiella aerogenes NCTC9793,P. Informatics,GCYAAG,5(6),
,Lra68I,Klebsiella pneumoniae subsp. ozaenae NCTC10313,S. Doyle,GTTCNAG,6(6),
,Yru12986I,Klebsiella pneumoniae 12208,Q. Liang,AGGAAG,5(6),
,Lra68I,Klebsiella pneumoniae NCTC12463,S. Doyle,GTTCNAG,6(6),
,Lra68I,Klebsiella pneumoniae NCTC13669,S. Doyle,GTTCNAG,6(6),
,Lra68I,Klebsiella pneumoniae NCTC13671,S. Doyle,GTTCNAG,6(6),
,Lra68I,Klebsiella pneumoniae NCTC13672,S. Doyle,GTTCNAG,6(6),
,Lra68I,Klebsiella pneumoniae NCTC13673,S. Doyle,GTTCNAG,6(6),
,Kpn9644II,Klebsiella pneumoniae NCTC13674,S. Doyle,GRACRAC,6(6),
,Lra68I,Klebsiella pneumoniae NCTC13675,S. Doyle,GTTCNAG,6(6),
,Lra68I,Klebsiella pneumoniae NCTC13676,S. Doyle,GTTCNAG,6(6),
,Lra68I,Klebsiella pneumoniae NCTC13688,S. Doyle,GTTCNAG,6(6),
,Lra68I,Klebsiella pneumoniae NCTC13694,S. Doyle,GTTCNAG,6(6),
,Lra68I,Klebsiella pneumoniae NCTC13696,S. Doyle,GTTCNAG,6(6),
,Lra68I,Klebsiella pneumoniae NCTC13697,S. Doyle,GTTCNAG,6(6),
,Lra68I,Klebsiella pneumoniae NCTC13698,S. Doyle,GTTCNAG,6(6),
,Lra68I,Klebsiella pneumoniae NCTC13701,S. Doyle,GTTCNAG,6(6),
,EcoMVII,Klebsiella pneumoniae Kp_Goe_39795,A.E. Zautner,CANCATC,5(6),
,S.KpnAI,Klebsiella pneumoniae M5a1,J.-I. Ryu,GGCANNNNNNTTC,"4(6),-3(6)",
,MboI,Klebsiella pneumoniae ABFPV,J.A. Segre,GATC,?(6),
,MboI,Klebsiella aerogenes AR_0161,J.A. Segre,GATC,2(6),
,S.KpnBI,Klebsiella pneumoniae GM236,J.-I. Ryu,CAAANNNNNNRTCA,"4(6),-3(6)",
,MboI,Klebsiella pneumoniae 2-1,M. Wang,GATC,2(6),
,MboI,Klebsiella pneumoniae AR_0076,J.A. Segre,GATC,2(6),
,MboI,Klebsiella pneumoniae FDAARGOS_156,B. Goldberg,GATC,2(6),
,MboI,Klebsiella pneumoniae NCTC204,S. Doyle,GATC,?(6),
,MboI,Klebsiella pneumoniae NCTC1936,S. Doyle,GATC,?(6),
,MboI,Klebsiella pneumoniae subsp. rhinoscleromatis NCTC5046,S. Doyle,GATC,?(6),
,MboI,Klebsiella pneumoniae NCTC5047,S. Doyle,GATC,?(6),
,MboI,Klebsiella pneumoniae subsp. rhinoscleromatis NCTC5048,S. Doyle,GATC,?(6),
,MboI,Klebsiella pneumoniae NCTC5052,S. Doyle,GATC,?(6),
,MboI,Klebsiella pneumoniae NCTC5053,S. Doyle,GATC,?(6),
,MboI,Klebsiella pneumoniae NCTC5054,P. Informatics,GATC,?(6),
,MboI,Klebsiella pneumoniae NCTC5055,S. Doyle,GATC,?(6),
,MboI,Klebsiella pneumoniae NCTC5056,S. Doyle,GATC,?(6),
,MboI,Klebsiella pneumoniae NCTC5057,P. Informatics,GATC,?(6),
,MboI,Klebsiella pneumoniae NCTC7427,S. Doyle,GATC,?(6),
,MboI,Klebsiella pneumoniae subsp. pneumoniae NCTC7761,P. Informatics,GATC,?(6),
,MboI,Klebsiella pneumoniae NCTC7799,S. Doyle,GATC,?(6),
,MboI,Klebsiella pneumoniae NCTC8172,S. Doyle,GATC,?(6),
,MboI,Klebsiella pneumoniae NCTC8839,P. Informatics,GATC,?(6),
,MboI,Klebsiella aerogenes NCTC8846,P. Informatics,GATC,2(6),
,MboI,Klebsiella pneumoniae NCTC8849,S. Doyle,GATC,?(6),
,MboI,Klebsiella pneumoniae NCTC8883,S. Doyle,GATC,?(6),
,MboI,Klebsiella pneumoniae NCTC8895,S. Doyle,GATC,2(6),
,MboI,Klebsiella pneumoniae NCTC9127,S. Doyle,GATC,?(6),
,MboI,Klebsiella pneumoniae NCTC9129,P. Informatics,GATC,?(6),
,MboI,Klebsiella pneumoniae NCTC9130,S. Doyle,GATC,2(6),
,MboI,Klebsiella pneumoniae NCTC9132,S. Doyle,GATC,2(6),
,MboI,Klebsiella pneumoniae NCTC9133,S. Doyle,GATC,?(6),
,MboI,Klebsiella pneumoniae NCTC9135,P. Informatics,GATC,?(6),
,MboI,Klebsiella pneumoniae NCTC9136,P. Informatics,GATC,?(6),
,MboI,Klebsiella pneumoniae NCTC9137,P. Informatics,GATC,?(6),
,MboI,Klebsiella pneumoniae NCTC9138,P. Informatics,GATC,2(6),
,MboI,Klebsiella pneumoniae NCTC9139,S. Doyle,GATC,?(6),
,MboI,Klebsiella pneumoniae NCTC9142,P. Informatics,GATC,?(6),
,MboI,Klebsiella pneumoniae NCTC9144,P. Informatics,GATC,2(6),
,MboI,Klebsiella pneumoniae NCTC9150,P. Informatics,GATC,?(6),
,MboI,Klebsiella pneumoniae NCTC9151,S. Doyle,GATC,?(6),
,MboI,Klebsiella pneumoniae NCTC9154,S. Doyle,GATC,?(6),
,MboI,Klebsiella pneumoniae NCTC9156,P. Informatics,GATC,?(6),
,MboI,Klebsiella pneumoniae NCTC9159,P. Informatics,GATC,?(6),
,MboI,Klebsiella pneumoniae NCTC9163,P. Informatics,GATC,?(6),
,MboI,Klebsiella pneumoniae NCTC9166,S. Doyle,GATC,2(6),
,MboI,Klebsiella pneumoniae NCTC9167,P. Informatics,GATC,2(6),
,MboI,Klebsiella pneumoniae NCTC9169,P. Informatics,GATC,?(6),
,MboI,Klebsiella pneumoniae NCTC9171,P. Informatics,GATC,2(6),
,MboI,Klebsiella pneumoniae NCTC9174,P. Informatics,GATC,?(6),
,MboI,Klebsiella pneumoniae NCTC9176,S. Doyle,GATC,?(6),
,MboI,Klebsiella pneumoniae NCTC9177,S. Doyle,GATC,?(6),
,MboI,Klebsiella pneumoniae NCTC9180,P. Informatics,GATC,2(6),
,MboI,Klebsiella pneumoniae NCTC9182,P. Informatics,GATC,2(6),
,MboI,Klebsiella pneumoniae NCTC9184,S. Doyle,GATC,?(6),
,MboI,Klebsiella pneumoniae subsp. pneumoniae NCTC9494,S. Doyle,GATC,?(6),
,MboI,Klebsiella pneumoniae NCTC9495,P. Informatics,GATC,?(6),
,MboI,Klebsiella pneumoniae NCTC9498,S. Doyle,GATC,?(6),
,MboI,Klebsiella pneumoniae subsp. pneumoniae NCTC9504,S. Doyle,GATC,?(6),
,MboI,Klebsiella pneumoniae NCTC9601,S. Doyle,GATC,2(6),
,MboI,Klebsiella pneumoniae NCTC9616,P. Informatics,GATC,?(6),
,MboI,Klebsiella pneumoniae NCTC9617,S. Doyle,GATC,?(6),
,MboI,Klebsiella pneumoniae NCTC9632,S. Doyle,GATC,?(6),
,MboI,Klebsiella pneumoniae subsp. pneumoniae NCTC9633,S. Doyle,GATC,?(6),
,MboI,Klebsiella pneumoniae NCTC9635,S. Doyle,GATC,?(6),
,MboI,Klebsiella pneumoniae NCTC9636,S. Doyle,GATC,?(6),
,MboI,Klebsiella pneumoniae NCTC9637,S. Doyle,GATC,?(6),
,MboI,Klebsiella pneumoniae NCTC9656,P. Informatics,GATC,?(6),
,MboI,Klebsiella pneumoniae NCTC9657,S. Doyle,GATC,?(6),
,MboI,Klebsiella pneumoniae NCTC9660,P. Informatics,GATC,2(6),
,MboI,Klebsiella pneumoniae NCTC9661,S. Doyle,GATC,?(6),
,MboI,Klebsiella pneumoniae NCTC9662,S. Doyle,GATC,?(6),
,MboI,Klebsiella aerogenes NCTC9668,P. Informatics,GATC,2(6),
,MboI,Klebsiella aerogenes NCTC9793,P. Informatics,GATC,2(6),
,MboI,Klebsiella pneumoniae subsp. ozaenae NCTC10313,S. Doyle,GATC,?(6),
,MboI,Klebsiella pneumoniae 11311,X. Jia,GATC,2(6),
,MboI,Klebsiella pneumoniae NCTC11359,P. Informatics,GATC,2(6),
,MboI,Klebsiella pneumoniae NCTC11674,S. Doyle,GATC,2(6),
,MboI,Klebsiella pneumoniae NCTC11681,P. Informatics,GATC,2(6),
,MboI,Klebsiella pneumoniae NCTC11697,P. Informatics,GATC,?(6),
,MboI,Klebsiella pneumoniae 13190,X. Jia,GATC,2(6),
,MboI,Klebsiella pneumoniae NCTC13368,S. Doyle,GATC,?(6),
,MboI,Klebsiella pneumoniae NCTC13672,S. Doyle,GATC,?(6),
,MboI,Klebsiella pneumoniae NCTC13673,S. Doyle,GATC,?(6),
,MboI,Klebsiella pneumoniae NCTC13674,S. Doyle,GATC,2(6),
,MboI,Klebsiella pneumoniae NCTC13675,S. Doyle,GATC,?(6),
,MboI,Klebsiella pneumoniae NCTC13676,S. Doyle,GATC,?(6),
,MboI,Klebsiella pneumoniae NCTC13684,S. Doyle,GATC,?(6),
,MboI,Klebsiella pneumoniae NCTC13688,S. Doyle,GATC,?(6),
,MboI,Klebsiella pneumoniae NCTC13691,S. Doyle,GATC,?(6),
,MboI,Klebsiella pneumoniae NCTC13694,S. Doyle,GATC,?(6),
,MboI,Klebsiella pneumoniae NCTC13695,S. Doyle,GATC,?(6),
,MboI,Klebsiella pneumoniae NCTC13696,S. Doyle,GATC,?(6),
,MboI,Klebsiella pneumoniae NCTC13697,S. Doyle,GATC,?(6),
,MboI,Klebsiella pneumoniae NCTC13698,S. Doyle,GATC,?(6),
,MboI,Klebsiella pneumoniae NCTC13700,S. Doyle,GATC,?(6),
,MboI,Klebsiella pneumoniae NCTC13701,S. Doyle,GATC,?(6),
,MboI,Klebsiella pneumoniae Kp_Goe_154414,A.E. Zautner,GATC,2(6),
,MboI,Klebsiella pneumoniae 18-2374,J.S. Kim,GATC,?(6),
,MboI,Klebsiella pneumoniae GYB02,J. Yu,GATC,2(6),
,KpnI,Klebsiella pneumoniae mmK14,W. Piepersberg,GGTACC,,
,,Klebsiella pneumoniae NH25,K. Phannachet,CTRGAG,5(6),
,,Klebsiella pneumoniae subsp. pneumoniae KPNIH30,S. Conlan,GTTCNAC,6(6),
,ScrFI,Klebsiella pneumoniae 2k,A.S. Solonin,^CCNGG,?(5),
,EcoRI,Klebsiella pneumoniae 49k,A.S. Solonin,G^AATTC,,
,CauII,Klebsiella pneumoniae 49k,A.S. Solonin,^CCSGG,,
,MboI,Klebsiella pneumoniae cr-hvkp3,B. Yao,GATC,2(6),
,Lra68I,Klebsiella pneumoniae NCTC9645,S. Doyle,GTTCNAG,6(6),
,MboI,Klebsiella pneumoniae NCTC9645,S. Doyle,GATC,?(6),
,,Kocurea rosea 307,S.K. Degtyarev,G^CCGGC,,
,,Kocuria rosea NCTC7512,P. Informatics,ARCAGKC,4(6),
,NaeI,Kocurea rosea 56,S.K. Degtyarev,GCC^GGC,,I
,SacII,Kluyvera species,U. Mayr,CCGC^GG,,S
,BclI,Kurthia species 22,S.K. Degtyarev,T^GATCA,,IV
,,Kluyvera species 632,DSM 4196,CTCTTC(1/4),,
,HpaI,Kurthia species N88,A. Janulaitis,GTT^AAC,,BV
,,Klebsiella species G5,K.-G. Chan,?,,
,EcoRII,Klebsiella species N12,P.C. Shaw,CCWGG,,
,EcoRII,Klebsiella species N14,P.C. Shaw,CCWGG,,
,CfrI,Klebsiella species N15,P.C. Shaw,YGGCCR,,
,SmaI,Klebsiella terrigena,ATCC 33631,CCCGGG,,
,MboI,Klebsiella variicola AHKv-S01,X. Shen,GATC,2(6),
,MboI,Kurthia zopfii 9,S.K. Degtyarev,^GATC,,IV
,AvaII,Kurthia zopfii 49,S.K. Degtyarev,G^GWCC,,
,MboI,Legionella adelaidensis NCTC12735,P. Informatics,GATC,2(6),
,MboI,Lelliottia amnigena FDAARGOS_395,T. Minogue,GATC,2(6),
,MboI,Lelliottia amnigena NCTC12124,P. Informatics,GATC,2(6),
,,Lachnospiraceae bacterium AC2029,W. Kelly,CYAAANG,5(6),
,MboI,Legionella beliardensis NCTC13315,S. Doyle,GATC,2(6),
,,Lactobacillus brevis UCCLBBS124,M. Feyereisen,CATCNAC,6(6),
,AchA6III,Lactobacillus brevis UCCLBBS449,M. Feyereisen,AGCCAG,5(6),
,MboI,Legionella busanensis NCTC13316,S. Doyle,GATC,2(6),
,ClaI,Lactobacillus casei,N.N. Sokolov,AT^CGAT,,
,Lcr047I,Lactococcus cremoris UL007,D. van Sinderen,CTCCA,"?(6),-4(6)",
,,Lactococcus cremoris UC047,D. van Sinderen,CTCCA,-4(6),
,,Lactococcus cremoris UC109,D. van Sinderen,CTNGAYC,"?(6),-6(6)",
,M.Lcr073I,Lactococcus cremoris UC147,D. van Sinderen,AGAAGC,4(6),
,,Lactococcus cremoris UC147,D. van Sinderen,GGYAAG,5(6),
,,Lactococcus cremoris UC310,D. van Sinderen,CAAAGC,4(6),
,Lcr047I,Lactococcus cremoris 1196,D. van Sinderen,CTCCA,"?(6),-4(6)",
,,Lactococcus cremoris JM1,D. van Sinderen,AGCYAC,5(6),
,,Lactococcus cremoris JM3,D. van Sinderen,GRTAAAT,6(6),
,,Lactococcus cremoris JM3,D. van Sinderen,GMAGG,3(6),
,M.Lcr073I,Lactococcus cremoris JM4,A. Fomenkov,AGAAGC,4(6),
,,Lactobacillus delbrueckii subsp. delbrueckii TUA4408L,E.M. Hebert,ACAAAG,5(6),
,,Lactobacillus delbrueckii subs. lactis Ab1,V.B. Suarez,?,,
,BbvI,Lactobacillus fermentum CP-34,N. Yamamoto,GCAGC,,
,CstMI,Lysinibacillus fusiformis RB-21,R. Ee,AAGGAG,5(6),
,MboI,Legionella geestiana NCTC12373,S. Doyle,GATC,2(6),
,SapI,Lysobacter gummosus RFL1,Fermentas G307,GCTCTTC(1/4),,B
,MboI,Legionella israelensis NCTC12010,S. Doyle,GATC,2(6),
,M.Xor2286II,Legionella jordanis NCTC11533,P. Informatics,GGAGG,3(6),
,Sag901I,Lactobacillus johnsonii CH32,J.-K. Kim,GCAAAT,5(6),
,,Lactococcus lactis subsp. lactis,T.R. Klaenhammer,?,?(6),
,,Lactococcus lactis,D.D. O'Sullivan,?,?(6),
,LlaBIII,Lactococcus lactis subsp. lactis strain 223,D. van Sinderen,GGCTNA,6(6),
,EcoRII,Lactococcus lactis ssp lactis NCDO 497,B. Mayo,CCWGG,,
,,Lactococcus lactis IL1403,M. Chopin,?,?(6),
,,Lactococcus lactis pIL2614,M. Chopin,?,?(6),
,MboI,Legionella lansingensis NCTC12830,NCTC 12830,GATC,2(6),
,MboI,Lactococcus lactis subsp. cremoris W9,J. Josephsen,^GATC,,
,SfeI,Lactococcus lactis subsp. cremoris W56,J. Josephsen,C^TRYAG,,
,,Lactococcus lactis subsp. cremoris W56,J. Josephsen,GGCTNA,"6(6),?(6)",
,HindIII,Lactococcus lactis W15,J. Josephsen,A^AGCTT,1(6),
,ScaI,Lactococcus lactis W39,J. Josephsen,AGTACT,,
,Fnu4HI,Lactococcus lactis W39,J. Josephsen,GCNGC,?(5),
,MboI,Lactococcus lactis subsp. cremoris DCH-4,S. Moineau,GATC,2(6),
,,Lactococcus lactis W12,J. Josephsen,?,,
,,Lactococcus lactis LL42-1,P. Su,?,?(6),
,,Lactococcus lactis,J. Josephsen,CTNGAYG,-6(6),
,NheI,Lactococcus lactis ssp. cremoris,B. Karska-Wysocki,G^CTAGC,,
,,Lactococcus lactis subsp. lactis G50,K. Nakano,CCGTKA,6(6),
,,Lactococcus lactis IO-1,T. Suzuki,?,,
,,Lactococcus lactis,G.F. Fitzgerald,?,"2(5),-3(5)",
,,Lactococcus lactis,G.F. Fitzgerald,?,"2(5),-3(5)",
,MboI,Lactococcus lactis subsp. lactis KR2,D.P. Twomey,GATC,4(5),
,ScrFI,Lactococcus lactis subs. cremoris M19,B. Karska-Wysocki,CCNGG,,
,LlaBIII,Lactococcus lactis subsp. lactis strain NCDO184,D. van Sinderen,GGCTNA,6(6),
,,Lactococcus lactis bv. diacetylactis,N.W. Dunn,?,?(6),
,MboI,Legionella londiniensis NCTC12931,S. Doyle,GATC,2(6),
,,Leuconostoc mesenteroides WiKim32,M. Lee,CTYCAA,"?(6),-5(6)",
,,Lysinibacillus manganicus An22,S.K. Degtyarev,GCTCC(1/-1),,I
,,Luteipulveratus mongoliensis MN07-A0370,NBRC 105296,AGCGCCG,5(4),
,Lmo911II,Listeria monocytogenes PIR00540,A.-C. Portmann,TAGRAG,5(6),
,,Listeria monocytogenes L911,J. Korlach,TAGRAG,4(6),
,Lmo911II,Listeria monocytogenes FDA00006905,M. Hoffmann,TAGRAG,5(6),
,Lmo911II,Listeria monocytogenes FDA00006907,M. Hoffmann,TAGRAG,5(6),
,,Listeria monocytogenes CFSAN010068,E.A. Strain,CCYRNAC,6(6),
,Lmo911II,Listeria monocytogenes FDA00011238,M. Hoffmann,TAGRAG,5(6),
,MboI,Legionella moravica NCTC12239,S. Doyle,GATC,2(6),
,Lmo911II,Listeria monocytogenes CFSAN023459,E.A. Strain,TAGRAG,5(6),
,Lmo911II,Listeria monocytogenes N1-011A,D. Roberson,TAGRAG,5(6),
,BciVI,Listeria monocytogenes H7550-Cds,S. Kathariou,GTATCC,,
,SauI,Listeria murrayi 60,S.K. Degtyarev,CC^TNAGG,,
,,Lactobacillus mucosae LM011,J. Kim,?,,
,Lcr047I,Lacticaseibacillus paracasei Lpc-37,W. Morovic,CTCCA,"?(6),-4(6)",
,MboI,Lactococcus phage phi93,J. Murphy,GATC,2(6),
,ClaI,Lactobacillus plantarum,N.N. Sokolov,AT^CGAT,,
,SdeAI,Lactobacillus plantarum NCU116,T. Huang,CAGRAG,5(6),
,AchA6III,Lactobacillus plantarum PC520,M. Zhao,AGCCAG,5(6),
,,Lactobacillus plantarum LM1004,M. Sohn,AGGRAG,5(6),
,Lpl1004II,Lactobacillus plantarum K25,Y. Jiang,AGGRAG,5(6),
,HaeII,Legionella pneumophila Philadelphia 1,A. Brown,RGC^GCY,,
,,Legionella pneumophila Philadelphia 1,A. Brown,?,,
,MboI,Legionella pneumophila subsp. pneumophila Toronto-2005,A.W. Ensminger,GATC,2(6),
,,Legionella pneumophila NCTC11417,S. Doyle,ACGAAT,5(6),
,MboI,Legionella pneumophila NCTC11984,S. Doyle,GATC,2(6),
,MboI,Legionella pneumophila NCTC11986,S. Doyle,GATC,2(6),
,MboI,Legionella pneumophila NCTC12008,S. Doyle,GATC,2(6),
,MboI,Legionella pneumophila NCTC12025,S. Doyle,GATC,,
,MboI,Legionella pneumophila NCTC12179,P. Informatics,GATC,2(6),
,MboI,Legionella pneumophila NCTC12181,S. Doyle,GATC,2(6),
,,Legionella pneumophila subsp. pascullei NCTC12272,S. Doyle,GCNCAAC,6(6),
,Lpn12272I,Legionella pneumophila subsp. pascullei NCTC12273,P. Informatics,GCNCAAC,6(6),
,,Legionella pneumophila subsp. pneumophila Philadelphia 1,J.J. Russo,"CCG(11/15),CGG,GCGC",,
,MboI,Legionella quateirensis NCTC12376,S. Doyle,GATC,2(6),
,MboI,Legionella quinlivanii NCTC12433,S. Doyle,GATC,2(6),
,EcoRI,Lactococcus lactis subsp. raffinolactis BGTRK10-1,LMM,G^AATTC,,
,,Lactococcus raffinolactis WiKim0068,M.Y. Jung,GTTCNAG,6(6),
,SdeAI,Lactobacillus rhamnosus NCTC13710,P. Informatics,CAGRAG,5(6),
,SdeAI,Lactobacillus rhamnosus NCTC13764,P. Informatics,CAGRAG,5(6),
,SdeAI,Lacticaseibacillus rhamnosus VHProbi Y39,H. Cui,CAGRAG,5(6),
,,Lactobacillus sakei DS4,KCTC 13017BP,TGGAAT,5(6),
,NhoI,Leucobacter salsicius M1-8,J.-H. Yun,GCWGC,,
,AsuII,Lactobacillus species,P. Eastlake,TT^CGAA,,
,,Leeuwenhoekiella sp. Hel_I_48,H. Teeling,AGCACC,4(6),
,BbvI,Listeria species RFL1109,A. Janulaitis,GCAGC(8/12),?(5),B
,MboI,Listeria species RFL1109,A. Janulaitis,GATC,,
,NspI,Listeria species RFL1270,A. Janulaitis,RCATGY,,
,,Leptolyngbya sp. PCC 6406,PCC 6406,CRAGCAC,6(6),
,MboI,Legionella spiritensis NCTC11990,NCTC 11990,GATC,2(6),
,MboI,Leclercia species LSNIH3,J.A. Segre,GATC,2(6),
,MboI,Legionella taurinensis NCTC13314,S. Doyle,GATC,2(6),
,Bbr52II,Loktanella vestfoldensis SMR4r,M. Topel,CTCGCC,"?(6),-5(6)",
,MboI,Legionella wadsworthii NCTC11532,S. Doyle,GATC,2(6),
,MboI,Legionella waltersii NCTC13017,NCTC 13017,GATC,2(6),
,SfaNI,Listeria welshimeri RFL 131,V. Butkus,GCATC(5/9),,B
,MboI,Legionella worsleiensis NCTC12377,S. Doyle,GATC,2(6),
,SexAI,Microbacterium arborescens SE,S.K. Degtyarev,A^CCWGGT,,I
,,Methanococcus aeolicus PL-15/H,K.O. Stetter,C^TAG,,
,,Methanococcus aeolicus PL-15/H,K.O. Stetter,A^CGT,,
,,Methanococcus aeolicus PL-15/H,K.O. Stetter,^GTNAC,,S
,,Microcystis aeruginosa NIES-843,NIES 843,?,?(6),
,,Microcystis aeruginosa NIES-843,NIES 843,?,?(6),
,SplI,Microcystis aeruginosa K-81,M. Shirai,C^GTACG,,
,AsuI,Microcystis aeruginosa K-81,M. Shirai,G^GNCC,,
,CstMI,Microcystis aeruginosa PCC 7806SL,PCC 7806SL,AAGGAG,5(6),
,MtuHN878II,Mycobacterium africanum 25,H. Huang,CACGCAG,6(6),
,DpnI,Marinococus albus I,S.K. Degtyarev,GA^TC,,I
,BsaBI,Microbacterium ammoniaphilum,U. Mayr,GATNN^NNATC,?(6),V
,HinfI,Mesorhizobium amorphae CCNWGS0123,X. Hao,GANTC,2(6),
,,Marinobacter aquaeolei VT8,K. Edwards,CRTTGAC(21/19),?(6),
,AluI,Mycoplasma arthritidis 1581,K. Dybvig,AGCT,,
,PstI,Micrococcus aurantiacus,IFO 12422,CTGCAG,,
,NaeI,Micromonospora aurantiaca,NRRL B16091,GCCGGC,,
,,Microbacterium aurum RFL2,Fermentas G348,CG^CGCGCG,,B
,XhoI,Mycobacterium avium,J.T. Crawford,C^TCGAG,,
,,Methylophilaceae bacterium 11,L. Chistoserdova,AGGCGA,6(6),
,NhoI,Microbacterium barkeri 2011-R4,J. Liu,GCWGC,,
,BsrBI,Moraxella bovis Fr1-022,A. Janulaitis,CCGCTC(-3/-3),,BV
,,Moraxella bovis ATCC 10900,ATCC 10900,^GATC,2(6),BCNQVX
,,Moraxella bovis ATCC 10900,ATCC 10900,GAAGA(8/7),"?(4),-2(4)",BIJNQVX
,AccX,Moraxella bovis ATCC 10900,ATCC 10900,GGARCA,6(6),
,MtuHN878II,Mycobacterium bovis BCG 26,H. Huang,CACGCAG,6(6),
,MtuHN878II,Mycobacterium bovis 30,H. Huang,CACGCAG,6(6),
,AccX,Moraxella bovis NCTC9426,S. Doyle,GGARCA,6(6),
,,Mycobacterium bovis BCG Mexico,P. Orduna,?,,
,,Mycobacterium butyricum,S.S. Debov,?,,
,,Mycobacterium butyricum,S.S. Debov,?,,
,,Mycobacterium butyricum,S.S. Debov,?,,
,,Mycobacterium butyricum,S.S. Debov,?,,
,,Moraxella bovis,ATCC 17947,?,,
,XhoI,Micromonospora carbonacea,C. Kessler,CTCGAG,,
,NarI,Micromonospora carbonacea,NRRL 2997,GGCGCC,,
,,Methylococcus capsulatus,IMV 3494,?,,
,BccI,Mycoplasma capricolum subsp. capricolum ATCC 27343,ATCC 27343,CCATC,"3(6),-2(6)",
,BsePI,Methylococcus capsulatus str. Bath,ATCC 33009,GCGC^GC,?(5),
,NarI,Micromonospora chalcea,ATCC 12452,GG^CGCC,,
,,Mycobacteroides chelonae NCTC946,P. Informatics,WCGATCT,4(6),
,,Mycolicibacterium chubuense NCTC10819,S. Doyle,CYCAGCG,4(6),
,NotI,Mycobacterium chelonei,A.K. Tyagi,GC^GGCCGC,,
,HaeIII,Mycobacterium chelonei,A.K. Tyagi,GG^CC,,
,BseRI,Methylobacterium chloromethanicum CM4,C. Marx,GAGGAG,?(6),
,,Micrococcus cryophilus,U. Mayr,CGRY^CG,,
,S.Mcr10I,Methylohalobius crimeensis 10Ki,DSM 16011,GGCANNNNNNTCC,"4(6),-3(6)",
,NgoAVIII,Mobiluncus curtisii NCTC11820,S. Doyle,GACNNNNNTGA,"2(6),-3(6)",
,XhoI,Micromonospora echinospora subs. echinospora,ATCC 15837,CTCGAG,,
,MboI,Megasphaera elsedenii 3J,P. Pristas,GATC,,
,MboI,Megasphaera elsedenii 5J,P. Pristas,GATC,,
,MboI,Megasphaera elsedenii 7J,P. Pristas,GATC,,
,MboI,Megasphaera elsedenii 4O,P. Pristas,GATC,,
,MboI,Megasphaera elsedenii 5O,P. Pristas,GATC,,
,MboI,Megasphaera elsedenii 2T,P. Pristas,GATC,,
,MboI,Megasphaera elsedenii 5T,P. Pristas,GATC,,
,MboI,Micrococcus euryhalis,ATCC 14389,GATC,,
,HinfI,Methylobacterium extorquens AM1,ATCC 14718,GANTC,2(6),
,,Mycoplasma fermentans,N.F. Halden,C^AATTG,3(6),IN
,XhoII,Microbacterium flavum,IAM 1642,R^GATCY,,
,AvaII,Methanobacterium formicicum RC,J.N. Reeve,GGWCC,,
,HaeIII,Mycobacterium fortuitum TMC 1529,A.K. Tyagi,GG^CC,,
,CauII,Merismopedia glauca 1448-1,A.J. Podhajska,CC^SGG,,
,,Moraxella glueidi LG1,J. Davies,?,,
,,Moraxella glueidi LG2,J. Davies,?,,
,MboI,Mycobacterium gordonae,A.K. Tyagi,^GATC,,
,XhoI,Micromonospora halophytica,NRRL 3097,CTCGAG,,
,Eco57I,Mannheimia haemolytica USDA-ARS-USMARC-185,G.P. Harhay,CTGAAG,5(6),
,Eco57I,Mannheimia haemolytica 187,G.P. Harhay,CTGAAG,"5(6),-5(6)",
,Eco57I,Mannheimia haemolytica 1282,M.L. Clawson,CTGAAG,"5(6),-5(6)",
,Eco57I,Mannheimia haemolytica 1287,M.L. Clawson,CTGAAG,"5(6),-5(6)",
,Eco57I,Mannheimia haemolytica 1309,M.L. Clawson,CTGAAG,"5(6),-5(6)",
,Eco57I,Mannheimia haemolytica 1342,M.L. Clawson,CTGAAG,"5(6),-5(6)",
,Eco57I,Mannheimia haemolytica 1373,M.L. Clawson,CTGAAG,"?(6),-5(6)",
,Eco57I,Mannheimia haemolytica 1383,M.L. Clawson,CTGAAG,"5(6),-5(6)",
,Eco57I,Mannheimia haemolytica 1405,M.L. Clawson,CTGAAG,"5(6),-5(6)",
,Eco57I,Mannheimia haemolytica 1450,M.L. Clawson,CTGAAG,"5(6),-5(6)",
,Eco57I,Mannheimia haemolytica 1451,M.L. Clawson,CTGAAG,"5(6),-5(6)",
,Eco57I,Mannheimia haemolytica 1454,M.L. Clawson,CTGAAG,"5(6),-5(6)",
,Eco57I,Mannheimia haemolytica 1471,M.L. Clawson,CTGAAG,"5(6),-5(6)",
,Eco57I,Mannheimia haemolytica 1476,M.L. Clawson,CTGAAG,"5(6),-5(6)",
,Eco57I,Mannheimia haemolytica 1498,M.L. Clawson,CTGAAG,"5(6),-5(6)",
,Eco57I,Mannheimia haemolytica 1503,M.L. Clawson,CTGAAG,"5(6),-5(6)",
,Eco57I,Mannheimia haemolytica 1512,M.L. Clawson,CTGAAG,"5(6),-5(6)",
,Eco57I,Mannheimia haemolytica 1514,M.L. Clawson,CTGAAG,"5(6),-5(6)",
,Eco57I,Mannheimia haemolytica 1560,M.L. Clawson,CTGAAG,"5(6),-5(6)",
,Eco57I,Mannheimia haemolytica 1563,M.L. Clawson,CTGAAG,"5(6),-5(6)",
,Eco57I,Mannheimia haemolytica 1576,M.L. Clawson,CTGAAG,"5(6),-5(6)",
,Eco57I,Mannheimia haemolytica 1584,M.L. Clawson,CTGAAG,"5(6),-5(6)",
,Eco57I,Mannheimia haemolytica 1609,M.L. Clawson,CTGAAG,"5(6),-5(6)",
,Eco57I,Mannheimia haemolytica USMARC_2286,T.P.L. Smith,CTGAAG,"5(6),-5(6)",
,Eco57I,Mannheimia haemolytica 22549,M.L. Clawson,CTGAAG,"5(6),-5(6)",
,Eco57I,Mannheimia haemolytica 28488,M.L. Clawson,CTGAAG,"5(6),-5(6)",
,Eco57I,Mannheimia haemolytica 32619,M.L. Clawson,CTGAAG,"5(6),-5(6)",
,Eco57I,Mannheimia haemolytica 33041,M.L. Clawson,CTGAAG,"5(6),-5(6)",
,Eco57I,Mannheimia haemolytica 38599,M.L. Clawson,CTGAAG,"?(6),-5(6)",
,PstI,Mycobacterium habana 206,A.K. Tyagi,CTGCA^G,,
,SduI,Micrococcus halobius SD,S.K. Degtyarev,GDGCH^C,,IV
,AsuI,Mycoplasma hominis 2297,A. Duarte,GGNCC,,
,AluI,Mycoplasma hominis 2111,A. Duarte,AGCT,,
,HhaI,Mycoplasma hominis 2965,A. Duarte,GCGC,,
,MboI,Mycoplasma hyorhinis GDL-1,M. Calcutt,GATC,,
,NaeI,Micrococcus species,R.B. Meagher,GCCGGC,,
,MboI,Melbournevirus isolate 1,G. Doutre,GATC,,
,PstI,Micromonospora chalcea sp. izumensis,ATCC 21561,CTGCAG,,
,MaeI,Methanocaldococcus jannaschii DSM 2661,DSM 2661,CTAG,1(4),
,AsuI,Methanocaldococcus jannaschii DSM 2661,DSM 2661,GGNCC,5(5),
,MboI,Methanocaldococcus jannaschii DSM 2661,DSM 2661,GATC,2(6),
,,Methanocaldococcus jannaschii DSM 2661,DSM 2661,GTNNAC,5(6),
,RsaI,Methanocaldococcus jannaschii DSM 2661,DSM 2661,GTAC,4(4),
,,Mycobacterium kansasii,K. Dewar,GAGAYGT,4(6),
,HindIII,Moraxella kingae,ATCC 23331,AAGCTT,,
,PstI,Micrococcus kristinae,ATCC 27571,CTGCAG,,
,MboI,Micrococcus kristinae,CAMB 2591,^GATC,,
,AsuII,Mastigocladus laminosus,CCAP 1447/1,TT^CGAA,,
,,Moraxella lacunata NCTC10359,S. Doyle,CGANNNNNNTCA,"3(6),-3(6)",
,XhoI,Micromonospora lacustris,NRRL B11050,C^TCGAG,,
,BamHI,Micrococcus luteus,ATCC 540,GGATCC,,
,AvaII,Methanoplanus limicola,K.O. Stetter,GGWCC,,
,BalI,Micrococcus luteus Ng 16-122,A. Janulaitis,TGG^CCA,,BV
,AluI,Micrococcus luteus,ATCC 400,AG^CT,,
,,Micrococcus luteus,IFO 12992,A^CGCGT,2(4),BIJNOQRSVX
,BamHI,Micrococcus luteus 23,S.K. Degtyarev,G^GATCC,,
,BalI,Micrococcus luteus 31,V.E. Repin,TGG^CCA,,
,SduI,Micrococcus luteus 40,V.E. Repin,GDGCHC,,
,,Micrococcus luteus SA211,P. DasSarma,AGCCCA,6(6),
,PpuMI,Micrococcus luteus RFL1106,A. Janulaitis,RGGWCCY,,
,EcoRII,Micrococcus luteus 2300,S.K. Degtyarev,CCWGG,,
,RdeGBII,Micrococcus luteus NCTC7503,S. Doyle,ACCCAG,5(6),
,NruI,Micrococcus luteus,ATCC 9273,TCGCGA,,
,NaeI,Micrococcus luteus,ATCC 9273,GCCGGC,,
,NruI,Micrococcus luteus B2,S.K. Degtyarev,TCG^CGA,,
,TspEI,Micrococcus luteus,NEB 1223,^AATT,2(6),N
,BalI,Micrococcus luteus N,S.K. Degtyarev,TGG^CCA,,
,PleI,Micrococcus lylae,NBL 2048,GAGTC(5/5),2(6),N
,NarI,Micrococcus lylae 113,S.K. Degtyarev,GG^CGCC,,I
,PstI,Methanococcus maripaludis JJ,D. Boone,CTGCAG,,
,,Methylophilus methylotrophus,W.J. Brammar,TCCRAC(20/18),5(6),N
,MboI,Methylophilus methylotrophus,W.J. Brammar,GATC,,
,ScrFI,Morganella morganii,P.M. Skowron,^CCNGG,,
,MboI,Mitsuokella multiacida 46/5,P. Pristas,GATC,4(5),
,,Mus musculus,T. Bestor,?,?(5),
,,Mus musculus,T. Bestor,?,?(5),
,,Mus musculus,T. Bestor,?,?(5),
,,Mus musculus,T. Bestor,?,,
,MboI,Mitsuokella multiacida 4P208-58,P. Pristas,GATC,,
,M.MmyCI,Mycoplasma mycoides subsp. capri str. GM12,J.I. Glass,TGAG,3(6),
,BccI,Mycoplasma mycoides subsp. capri str. GM12,J.I. Glass,CCATC,-2(6),
,HaeIII,Moraxella nonliquefaciens,ATCC 19966,GGCC,,
,HpaII,Moraxella nonliquefaciens,ATCC 19966,CCGG,,
,,Moraxella nonliquefaciens,ATCC 17953,CCTC(7/6),-2(6),BINQVX
,HindII,Moraxella nonliquefaciens,ATCC 17954,GTYRAC,,
,HaeIII,Moraxella nonliquefaciens,ATCC 17954,GGCC,,
,,Moraxella nonliquefaciens,ATCC 17954,?,,
,HhaI,Moraxella nonliquefaciens,ATCC 17954,GCGC,,
,HpaII,Moraxella nonliquefaciens,ATCC 19975,C^CGG,,
,,Moraxella nonliquefaciens,ATCC 19975,?,,
,MboI,Moraxella nonliquefaciens,ATCC 19975,GATC,,
,MboI,Moraxella osloensis,ATCC 19976,GATC,,
,BalI,Microbacterium oxydans 20,V.S. Dedkov,TGG^CCA,,I
,M.SssI,Mycoplasma penetrans HF-2,Y. Sasaki,CG,1(5),
,EcoRII,Moraxella phenylpyruvica,ATCC 17955,CCWGG,,
,AvaIII,Moraxella phenylpyruvica RFL1103,A. Janulaitis,ATGCA^T,,B
,DpnI,Moraxella phenylpyruvica RFL1103,A. Janulaitis,GATC,,
,Mch946II,Mycolicibacterium phlei NCTC8156,S. Doyle,WCGATCT,4(6),
,SacII,"Marinomonas protea strain 154, SIDMSP4c8",A. Murray,CCGC^GG,,
,SenTFIV,Marinomonas primoryensis AceL,L. Graham,GATCAG,5(6),
,EcoRII,Micrococcus psychrophilum 16DMSP20c1,A. Murray,CCWGG,,
,XhoI,Micromonospora purpurea,ATCC 15835,CTCGAG,,
,,Mycoplasma pulmonis UAB CTIP,M. Davidson,?,?(6),
,,Mycoplasma pulmonis UAB 6510,K. Dybvig,?,?(6),
,SacII,Micrococcus radiodurans,ATCC 13939,CCGCGG,,
,Sse232I,Micromonospora rhodorangea RFL1,Fermentas G296,CG^CCGGCG,,B
,XhoI,Micromonospora rhodorangea,NRRL 5326,CTCGAG,,
,BspMII,Micrococcus roseus,F. Kato,T^CCGGA,,OV
,NaeI,Micrococcus roseus N,S.K. Degtyarev,G^CCGGC,,IV
,XmnI,Micrococcus roseus XM,S.K. Degtyarev,GAANN^NNTTC,,IV
,MboI,Meiothermus ruber DSM 1279,DSM 1279,GATC,2(6),
,NarI,Micromonospora saitamica,NRRL B16084,GGCGCC,,
,BalI,Micrococcus species,NEB 502,TGG^CCA,4(4),NO
,XhoI,Micromonospora scalabitana sp sporogenes,NRRL B16086,CTCGAG,,
,,Micrococcus species,NEB 446,T^TAA,4(6),NV
,Rer8036II,Mycolicibacterium senegalense NCTC4524,S. Doyle,CCGAKGG,4(6),
,XhoI,Myxococcus stipitatus Mxs2,H. Reichenbach,CTCGAG,,
,,Myxococcus stipitatus Mxs2,H. Reichenbach,?,,
,,Moraxella osloensis,NEB 722,CAYNN^NNRTG,,N
,HpaII,Moraxella species ATCC 49670,ATCC 49670,C^CGG,1(5),BIJNQVX
,HinfI,Mesorhizobium species 8,H. Liu,GANTC,2(6),
,PstI,Micrococcus species 11,V.E. Repin,CTGCAG,,
,BalI,Micrococcus species 16,V.E. Repin,TGGCCA,,
,AcyI,Micrococcus species 17,S.K. Degtyarev,GR^CGYC,,
,BalI,Micrococcus species,S.K. Degtyarev,TGG^CCA,,V
,XbaI,Micrococcus species 23,V.E. Repin,TCTAGA,,
,XhoI,Micrococcus species 23,V.E. Repin,CTCGAG,,
,AsuI,Moraxella species 24,S.K. Degtyarev,GGNCC,,
,ScrFI,Moraxella species MS67,M. Sargent,CC^NGG,,
,MboI,Moraxella species MS67,M. Sargent,GATC,,
,,Microcystis species 130,K. Sivonen,?,,
,HpaII,Microcystis species 199,K. Sivonen,CCGG,,
,AvaII,Methanobacterium species BR10,J.N. Reeve,GGWCC,,
,NspBII,Moraxella species A1,S.K. Degtyarev,CMG^CKG,?(4),INV
,NhoI,Marinobacter species AK21,I. Khatri,GCWGC,,
,MboI,Methanobrevibacter species MMY,J.N. Reeve,GATC,,
,HgiCI,Moraxella species B4,S.K. Degtyarev,G^GYRCC,,
,,Moraxella species B6,S.K. Degtyarev,?,,
,AflII,Micrococcus species,V. Bouriotis,C^TTAAG,,C
,M.MspCY2I,Microbacterium sp. KROCY2,C. Bakermans,AGCGCC,5(4),
,,Mucilaginibacter species F39-2,J. Heo,CCCAATV,5(6),
,NaeI,Microbacterium species Gd 4-13,A.K. Yunusova,GCCGG^C,,
,,Maribacter sp. Hel_I _7,H. Teeling,ACGRAG,5(6),
,,Maribacter sp. Hel_I _7,H. Teeling,GCMGAAG,6(6),
,,Mycobacterium species JLS,C.D. Miller,CNNR(9/13),,N
,AvaII,Meiothermus species Nubra I,P. Sharma,G^GWCC,,
,XhoII,Meiothermus species Nubra I,P. Sharma,R^GATCY,,
,ScrFI,Micrococcus species R9,S.K. Degtyarev,CC^NGG,,I
,,Melaminivora species SC2-7,S.-J. Kim,CCGCGAC,6(6),
,SwaI,Moraxella species SW,S.K. Degtyarev,ATTT^AAAT,,
,HgiAI,Myxosarcinia sp V/281,A.J. Podhajska,GWGCW^C,,
,BsaAI,Microcystis species J2,U. Mayr,YAC^GTR,,
,PmeI,Methylobacterium species Dd 5-732,V. Butkus,GTTT^AAAC,,B
,,Microcoleus species,D.G. Comb,TGC^GCA,,
,SauI,Microcoleus species,D.G. Comb,CC^TNAGG,,
,,Microbacterium testaceum 17B,S.K. Degtyarev,GCGC^NGCGC,,I
,PvuRts1I,Microbacterium testaceum StLB037,T. Morohoshi,C(11/9),,
,MboI,Microbacterium thermosphactum,ATCC 11509,GATC,,
,MboI,Microbacterium thermosphactum 1047,U. Mayr,GATC,,
,MboI,Methanobacterium thermoautotrophicum strain Winter,J.N. Reeve,GATC,,
,AsuI,Methanobacterium thermoautotrophicum,K.O. Stetter,GGNCC,,
,MaeI,Methanobacterium thermoformicicum FTF,DSM 3012,CTAG,,
,HaeIII,Methanobacterium thermoformicicum THF,DSM 3848,GGCC,3(5),
,MaeI,Methanobacterium thermoformicicum Z-245,DSM 3720,C^TAG,1(4),
,MtuHN878II,Mycobacterium tuberculosis 18b,C. Sala,CACGCAG,6(6),
,MtuHN878II,Mycobacterium tuberculosis WBB445_ARS7496,T.G. Clark,CACGCAG,6(6),
,MtuHN878II,Mycobacterium tuberculosis WBB446_ARS7884,T.G. Clark,CACGCAG,6(6),
,MtuHN878II,Mycobacterium tuberculosis WBB447_G67,T.G. Clark,CACGCAG,6(6),
,MtuHN878II,Mycobacterium tuberculosis WBB448_HPV115_08,T.G. Clark,CACGCAG,6(6),
,MtuHN878II,Mycobacterium tuberculosis WBB1007_LQ1975,T.G. Clark,CACGCAG,6(6),
,MtuHN878II,Mycobacterium tuberculosis WBB1008_SL1975,T.G. Clark,CACGCAG,6(6),
,MtuHN878II,Mycobacterium tuberculosis WBB1009_SL1875,T.G. Clark,CACGCAG,6(6),
,MtuHN878II,Mycobacterium tuberculosis WBB1451_04-00887-2,T.G. Clark,CACGCAG,6(6),
,MtuHN878II,Mycobacterium tuberculosis WBB1452_10-01964-2,T.G. Clark,CACGCAG,6(6),
,MtuHN878II,Mycobacterium tuberculosis WBB1453_11-00429-1,T.G. Clark,CACGCAG,6(6),
,MtuHN878II,Mycobacterium tuberculosis WBB1454_IB091-1,T.G. Clark,CACGCAG,6(6),
,MtuHN878II,Mycobacterium tuberculosis WBB1456_11-00225-4,T.G. Clark,CACGCAG,6(6),
,MtuHN878II,Mycobacterium tuberculosis WBB1457_IB_036-1,T.G. Clark,CACGCAG,6(6),
,MtuHN878II,Mycobacterium tuberculosis WBB1459_E14_22547-1,T.G. Clark,CACGCAG,6(6),
,MtuHN878II,Mycobacterium tuberculosis WBB1460_E13-13014-2,T.G. Clark,CACGCAG,6(6),
,MtuHN878II,Mycobacterium tuberculosis 2242,H. Huang,CACGCAG,6(6),
,MtuHN878II,Mycobacterium tuberculosis 2279,H. Huang,CACGCAG,6(6),
,MtuHN878II,Mycobacterium tuberculosis SEA06535P6C4,F. Valafar,CACGCAG,6(6),
,MtuHN878II,Mycobacterium tuberculosis SEA08151P6C4,F. Valafar,CACGCAG,6(6),
,MtuHN878II,Mycobacterium tuberculosis SEA08162P6C4,F. Valafar,CACGCAG,6(6),
,MtuHN878II,Mycobacterium tuberculosis SEA09167P6C4,F. Valafar,CACGCAG,6(6),
,MtuHN878II,Mycobacterium tuberculosis 1-0066P6C4,F. Valafar,CACGCAG,6(6),
,MtuHN878II,Mycobacterium tuberculosis 1-0072P6C4,F. Valafar,CACGCAG,6(6),
,,Mycobacterium tuberculosis CIPT 140010134,P. Supply,?,,
,MtuHN878II,Mycobacterium tuberculosis SEA07010354P6C4,F. Valafar,CACGCAG,6(6),
,MtuHN878II,Mycobacterium tuberculosis SEA11278P6C4,F. Valafar,CACGCAG,6(6),
,MtuHN878II,Mycobacterium tuberculosis ERS2711940,V. Nhdlovu,CACGCAG,6(6),
,MtuHN878II,Mycobacterium tuberculosis ERS2711951,V. Nhdlovu,CACGCAG,6(6),
,MtuHN878II,Mycobacterium tuberculosis SEA12126P6C4,F. Valafar,CACGCAG,6(6),
,MtuHN878II,Mycobacterium tuberculosis SEA12202P6C4,F. Valafar,CACGCAG,6(6),
,MtuHN878II,Mycobacterium tuberculosis SEA12334P6C4,F. Valafar,CACGCAG,6(6),
,MtuHN878II,Mycobacterium tuberculosis WBB1458_05-01296-1,T.G. Clark,CACGCAG,6(6),
,MtuHN878II,Mycobacterium tuberculosis SEA13111P6C4,F. Valafar,CACGCAG,6(6),
,MtuHN878II,Mycobacterium tuberculosis SEA14117P6C4,F. Valafar,CACGCAG,6(6),
,MtuHN878II,Mycobacterium tuberculosis SEA14318P6C4,F. Valafar,CACGCAG,6(6),
,MtuHN878II,Mycobacterium tuberculosis SEA15228P6C4,F. Valafar,CACGCAG,6(6),
,MtuHN878II,Mycobacterium tuberculosis SEA15229P6C4,F. Valafar,CACGCAG,6(6),
,MtuHN878II,Mycobacterium tuberculosis SEA15230P6C4,F. Valafar,CACGCAG,6(6),
,MtuHN878II,Mycobacterium tuberculosis SEA17020028P6C4,F. Valafar,CACGCAG,6(6),
,MtuHN878II,Mycobacterium tuberculosis SEA17020030P6C4,F. Valafar,CACGCAG,6(6),
,MtuHN878II,Mycobacterium tuberculosis SEA09020048P6C4,F. Valafar,CACGCAG,6(6),
,MtuHN878II,Mycobacterium tuberculosis SEA11020057P6C4,F. Valafar,CACGCAG,6(6),
,MtuHN878II,Mycobacterium tuberculosis SEA11020068P6C4,F. Valafar,CACGCAG,6(6),
,MtuHN878II,Mycobacterium tuberculosis SEA07020250P6C4,F. Valafar,CACGCAG,6(6),
,MtuHN878II,Mycobacterium tuberculosis 22115,H. Huang,CACGCAG,6(6),
,MtuHN878II,Mycobacterium tuberculosis 26105,H. Huang,CACGCAG,6(6),
,MtuHN878II,Mycobacterium tuberculosis 37004,H. Huang,CACGCAG,6(6),
,MtuHN878II,Mycobacterium tuberculosis 4-0041P6C4,F. Valafar,CACGCAG,6(6),
,MtuHN878II,Mycobacterium tuberculosis 4-0077P6C4,F. Valafar,CACGCAG,6(6),
,MtuHN878II,Mycobacterium tuberculosis 4-0087P6C4,F. Valafar,CACGCAG,6(6),
,MtuHN878II,Mycobacterium tuberculosis 4-0096P6C4,F. Valafar,CACGCAG,6(6),
,MtuHN878II,Mycobacterium tuberculosis SEA13020298P6C4,F. Valafar,CACGCAG,6(6),
,MtuHN878II,Mycobacterium tuberculosis Beijing-like,J.G. Rodriguez,CACGCAG,6(6),
,,Mycobacterium tuberculosis HN878,T.R. Ioerger,CACGCAG,6(6),
,MtuHN878II,Mycobacterium tuberculosis 1-0013P6C4,F. Valafar,CACGCAG,6(6),
,MtuHN878II,Mycobacterium tuberculosis 1-0006P6C4,F. Valafar,CACGCAG,6(6),
,MtuHN878II,Mycobacterium tuberculosis 1-0007P6C4,F. Valafar,CACGCAG,6(6),
,MtuHN878II,Mycobacterium tuberculosis 1-0017P6C4,F. Valafar,CACGCAG,6(6),
,MtuHN878II,Mycobacterium tuberculosis 1-0009P6C4,F. Valafar,CACGCAG,6(6),
,MtuHN878II,Mycobacterium tuberculosis 2-0013P6C4,F. Valafar,CACGCAG,6(6),
,MtuHN878II,Mycobacterium tuberculosis 1-0160P6C4,F. Valafar,CACGCAG,6(6),
,MtuHN878II,Mycobacterium tuberculosis 1-0021P6C4,F. Valafar,CACGCAG,6(6),
,MtuHN878II,Mycobacterium tuberculosis 1-0023P6C4,F. Valafar,CACGCAG,6(6),
,MtuHN878II,Mycobacterium tuberculosis 1-0028P6C4,F. Valafar,CACGCAG,6(6),
,MtuHN878II,Mycobacterium tuberculosis 1-0030P6C4,F. Valafar,CACGCAG,6(6),
,MtuHN878II,Mycobacterium tuberculosis 1-0031P6C4,F. Valafar,CACGCAG,6(6),
,MtuHN878II,Mycobacterium tuberculosis 1-0036P6C4,F. Valafar,CACGCAG,6(6),
,MtuHN878II,Mycobacterium tuberculosis 1-0039P6C4,F. Valafar,CACGCAG,6(6),
,MtuHN878II,Mycobacterium tuberculosis 2-0043-unknownP6C4,F. Valafar,CACGCAG,6(6),
,MtuHN878II,Mycobacterium tuberculosis 1-0045P6C4,F. Valafar,CACGCAG,6(6),
,MtuHN878II,Mycobacterium tuberculosis 1-0047P6C4,F. Valafar,CACGCAG,6(6),
,MtuHN878II,Mycobacterium tuberculosis 1-0054P6C4,F. Valafar,CACGCAG,6(6),
,MtuHN878II,Mycobacterium tuberculosis 1-0056P6C4,F. Valafar,CACGCAG,6(6),
,MtuHN878II,Mycobacterium tuberculosis 1-0061P6C4,F. Valafar,CACGCAG,6(6),
,MtuHN878II,Mycobacterium tuberculosis 1-0064P6C4,F. Valafar,CACGCAG,6(6),
,MtuHN878II,Mycobacterium tuberculosis 1-0069P6C4,F. Valafar,CACGCAG,6(6),
,MtuHN878II,Mycobacterium tuberculosis 1-0071P6C4,F. Valafar,CACGCAG,6(6),
,MtuHN878II,Mycobacterium tuberculosis 1-0084P6C4,F. Valafar,CACGCAG,6(6),
,MtuHN878II,Mycobacterium tuberculosis 1-0102P6C4,F. Valafar,CACGCAG,6(6),
,MtuHN878II,Mycobacterium tuberculosis 1-0107P6C4,F. Valafar,CACGCAG,6(6),
,MtuHN878II,Mycobacterium tuberculosis 1-0110P6C4,F. Valafar,CACGCAG,6(6),
,MtuHN878II,Mycobacterium tuberculosis 1-0112P6C4,F. Valafar,CACGCAG,6(6),
,MtuHN878II,Mycobacterium tuberculosis 1-0116P6C4,F. Valafar,CACGCAG,6(6),
,MtuHN878II,Mycobacterium tuberculosis 1-0123P6C4,F. Valafar,CACGCAG,6(6),
,MtuHN878II,Mycobacterium tuberculosis 3-0124P6C4,F. Valafar,CACGCAG,6(6),
,MtuHN878II,Mycobacterium tuberculosis 1-0137P6C4,F. Valafar,CACGCAG,6(6),
,MtuHN878II,Mycobacterium tuberculosis 1-0149P6C4,F. Valafar,CACGCAG,6(6),
,MtuHN878II,Mycobacterium tuberculosis 1-0153P6C4,F. Valafar,CACGCAG,6(6),
,MtuHN878II,Mycobacterium tuberculosis 1-0168P6C4,F. Valafar,CACGCAG,6(6),
,MtuHN878II,Mycobacterium tuberculosis 2-0021P6C4,F. Valafar,CACGCAG,6(6),
,MtuHN878II,Mycobacterium tuberculosis 2-0022P6C4,F. Valafar,CACGCAG,6(6),
,MtuHN878II,Mycobacterium tuberculosis 2-0023P6C4,F. Valafar,CACGCAG,6(6),
,MtuHN878II,Mycobacterium tuberculosis 2-0028P6C4,F. Valafar,CACGCAG,6(6),
,MtuHN878II,Mycobacterium tuberculosis 2-0029P6C4,F. Valafar,CACGCAG,6(6),
,MtuHN878II,Mycobacterium tuberculosis 2-0031P6C4,F. Valafar,CACGCAG,6(6),
,MtuHN878II,Mycobacterium tuberculosis 2-0034P6C4,F. Valafar,CACGCAG,6(6),
,MtuHN878II,Mycobacterium tuberculosis 2-0046P6C4,F. Valafar,CACGCAG,6(6),
,MtuHN878II,Mycobacterium tuberculosis 2-0052P6C4,F. Valafar,CACGCAG,6(6),
,MtuHN878II,Mycobacterium tuberculosis 2-0068P6C4,F. Valafar,CACGCAG,6(6),
,MtuHN878II,Mycobacterium tuberculosis 3-0059P6C4,F. Valafar,CACGCAG,6(6),
,MtuHN878II,Mycobacterium tuberculosis 3-0096P6C4,F. Valafar,CACGCAG,6(6),
,MtuHN878II,Mycobacterium tuberculosis 4-0010P6C4,F. Valafar,CACGCAG,6(6),
,MtuHN878II,Mycobacterium tuberculosis 4-0012P6C4,F. Valafar,CACGCAG,6(6),
,MtuHN878II,Mycobacterium tuberculosis 4-0019P6C4,F. Valafar,CACGCAG,6(6),
,MtuHN878II,Mycobacterium tuberculosis 4-0024P6C4,F. Valafar,CACGCAG,6(6),
,MtuHN878II,Mycobacterium tuberculosis 4-0062P6C4,F. Valafar,CACGCAG,6(6),
,MtuHN878II,Mycobacterium tuberculosis 4-0073P6C4,F. Valafar,CACGCAG,6(6),
,MtuHN878II,Mycobacterium tuberculosis SEA02010036P6C4,F. Valafar,CACGCAG,6(6),
,MtuHN878II,Mycobacterium tuberculosis SEA00042P6C4,F. Valafar,CACGCAG,6(6),
,MfeI,Mycoplasma species,A. Janulaitis,C^AATTG,3(6),BS
,EcoRII,Micrococcus varians RFL19,A. Janulaitis,CC^WGG,2(4),B
,AsuII,Micrococcus varians VKPM B-5942,V.E. Repin,TTCGAA,,
,S.Mva1261III,Mannheimia varigena USDA-ARS-USMARC-1261,G.P. Harhay,CTANNNNNNRTTC,"3(6),-3(6)",
,BsmI,Micrococcus varians RFL1269,A. Janulaitis,GAATGC(1/-1),,B
,SfaNI,Mannheimia varigena USDA-ARS-USMARC-1312,G.P. Harhay,GCATC,"3(6),-2(6)",
,FnuDII,Methanobacterium vannuli,J.N. Reeve,CGCG,,
,,Myxococcus virescens V-2,H. Reichenbach,?,,
,,Myxococcus virescens V-2,H. Reichenbach,?,,
,FnuDII,Methanococcus vannielii,M. Thomm,CG^CG,,
,PvuI,Micrococcus varians,P. Babu,CGAT^CG,,
,KpnI,Methylovarius species,IMV 3017,GGTACC,,
,KpnI,Methylovarius species,IMV 3019,GGTACC,,
,KpnI,Methylovarius species,IMV 3027,GGTACC,,
,KpnI,Methylovarius species,IMV 3112,GGTACC,,
,KpnI,Methylovarius species,IMV 3226,GGTACC,,
,KpnI,Methylovarius species,IMV 3100,GGTACC,,
,HpaI,Methylococcus whittenburyi,IMV 3033,GTTAAC,,
,MboI,Moellerella wisconsensis NCTC12132,P. Informatics,GATC,2(6),
,,Methanobacterium wolfei,DSM 2970,GCNNNNN^NNGC,2(4),N
,SacI,Myxococcus xanthus F18E,K. Izaki,GAG^CTC,,
,PvuII,Micromonospora zionensis,H. Lechevalier,CAGCTG,,
,,Nocardia aerocolonigenes,ATCC 23870,GCC^GGC,?(5),CNV
,,Nitriliruptor alkaliphilus DSM 45188,DSM 45188,ACCAGC,4(6),
,NarI,Nocardia amarae,ATCC 27809,GGCGCC,,
,,Neisseria animaloris NCTC12227,P. Informatics,CCANNNNNNTCY,"3(6),-3(6)",
,EcoRV,Neisseria animalis,ATCC 19573,GATATC,,
,DpnI,Neisseria animalis,ATCC 19573,GATC,,
,,Nocardia argentinensis,ATCC 31306,GG^CGCC,,JNQVX
,Eco57MI,Nanoarchaeota archaeon 7A,M. Podar,CTGRAG,5(6),
,PstI,Nocardia asteroides,ATCC 7372,CTGCAG,,
,BamHI,Nocardia asteroides,ATCC 9970,GGATCC,,
,SacI,Nocardia asteroides,ATCC 9969,GAGCTC,,
,NaeI,Nocardia brasiliensis,ATCC 19296,GCCGGC,,
,,Nitrospirae bacterium isolate BD2,S. Hiraoka,?,,
,PvuI,Nocardia blackwellii,ATCC 6846,CGAT^CG,,
,NaeI,Nocardia brasiliensis,ATCC 27936,GCCGGC,,
,,Nitrosospira briensis C-128,J. Norton,ACCGAC,5(6),
,HinfI,Neisseria caviae,NRCC 31003,GANTC,,
,CauII,Neisseria cinerea,NRCC 31006,CC^SGG,2(4),JNV
,MboI,Neisseria cinerea 32615,A. Piekarowicz,GATC,,
,,Nocardia corallina,ATCC 19070,C^CATGG,?(4),BCJNOQRSVX
,BglII,Nocardia carnea C-212,Y. Li,A^GATCT,,
,,Neurospora crassa N,E.U. Selker,?,?(5),
,,Neurospora crassa N,E.U. Selker,?,?(5),
,MboII,Neisseria cuniculi,ATCC 14688,GAAGA(8/7),-2(4),
,Sth132I,Neisseria cuniculi,ATCC 14688,CCCG,,
,NarI,Nocardia dassonvillei,ATCC 21944,GG^CGCC,,
,,Neisseria denitrificans,NRCC 31009,CA^TATG,4(6),BJNQRSVX
,MboI,Neisseria denitrificans,NRCC 31009,^GATC,,J
,MboI,Neisseria flavescens,NRCC 31011,GATC,,
,,Neisseria flavescens,NRCC 31011,?,,
,,Neisseria flavescens,NRCC 31011,?,,
,CdpI,Neisseria flavescens NCTC8263,S. Doyle,GCGGAG,5(6),
,EcoRV,Neisseria flavescens,ATCC 13120,GATATC,,
,MboI,Neisseria flavescens,ATCC 13120,GATC,,
,MboI,Neisseria flavescens,ATCC 13115,GATC,,
,CdpI,Neisseria flavescens NRL30031/H210,N. Weyand,GCGGAG,?(6),
,HpaII,Neisseria flavescens NRL30031/H210,N. Weyand,C^CGG,?(5),
,PstI,Nocardia globerula,ATCC 21292,CTGCAG,,
,,Neisseria gonorrhoeae FA 1090,ATCC 700825,?,?(6),
,HaeII,Neisseria gonorrhoeae FA 1090,ATCC 700825,RGCGCY,3(5),
,HaeIII,Neisseria gonorrhoeae FA 1090,ATCC 700825,GGCC,3(5),
,SacII,Neisseria gonorrhoeae FA 1090,ATCC 700825,CCGC^GG,2(5),
,NaeI,Neisseria gonorrhoeae FA 1090,ATCC 700825,G^CCGGC,2(5),
,S1.NgoAV,Neisseria gonorrhoeae FA 1090,ATCC 700825,GCANNNNNNNNTGC,3(6),
,DpnI,Neisseria gonorrhoeae FA 1090,ATCC 700825,GATC,,
,,Neisseria gonorrhoeae FA 1090,ATCC 700825,GCCGC(7/7),?(5),
,,Neisseria gonorrhoeae FA 1090,ATCC 700825,(12/14)GACNNNNNTGA(13/11),?(6),
,M.NgoAX,Neisseria gonorrhoeae FA 1090,ATCC 700825,CCACC,3(6),
,HphI,Neisseria gonorrhoeae FA 1090,ATCC 700825,GGTGA,5(6),
,HaeII,Neisseria gonorrhoeae WR302,D.C. Stein,RGCGCY,?(5),
,NlaIV,Neisseria gonorrhoeae WR302,D.C. Stein,GGNNCC,?(5),
,HphI,Neisseria gonorrhoeae WR302,D.C. Stein,GGTGA,5(6),
,Fnu4HI,Neisseria gonorrhoeae WR302,D.C. Stein,GCNGC,,
,HaeII,Neisseria gonorrhoeae,CDC 66,RGCGCY,,
,HaeIII,Neisseria gonorrhoeae,CDC 66,GGCC,,
,,Neisseria gonorrhoeae JKD211,J.K. Davies,?,,
,SacII,Neisseria gonorrhoeae JKD211,J.K. Davies,CCGCGG,,
,,Neisseria gonorrhoeae MS11 DC,D.C. Stein,GCCHR,3(4),
,HphI,Neisseria gonorrhoeae JKD211,J.K. Davies,GGTGA,,
,DpnI,Neisseria gonorrhoeae JKD211,J.K. Davies,GATC,,
,HaeII,Neisseria gonorrhoeae FA5100,D.C. Stein,RGCGCY,,
,HhaI,Neisseria gonorrhoeae FA5100,D.C. Stein,GCGC,,
,TauI,Neisseria gonorrhoeae 1291C,D.C. Stein,GCSGC,?(5),
,HaeII,Neisseria gonorrhoeae WR220,D.C. Stein,RGCGCY,,
,HaeIII,Neisseria gonorrhoeae WR220,D.C. Stein,GGCC,3(5),
,SacII,Neisseria gonorrhoeae WR220,D.C. Stein,CCGCGG,,
,NlaIV,Neisseria gonorrhoeae WR220,D.C. Stein,GGNNCC,,
,HphI,Neisseria gonorrhoeae 82409/55,C. Korch,GGTGA,-2(5),
,HaeII,Neisseria gonorrhoeae JKD109,J.K. Davies,RGCGCY,,
,SacII,Neisseria gonorrhoeae JKD109,J.K. Davies,CCGCGG,,
,HphI,Neisseria gonorrhoeae JKD109,J.K. Davies,GGTGA,,
,SacII,Neisseria gonorrhoeae KH 7764-45,L. Mayer,CCGCGG,,
,HaeII,Neisseria gonorrhoeae MS11,M. So,RGCGCY,?(5),
,SacII,Neisseria gonorrhoeae MS11,M. So,CCGCGG,?(5),
,NaeI,Neisseria gonorrhoeae MS11,M. So,G^CCGGC,2(5),N
,NlaIV,Neisseria gonorrhoeae MS11,M. So,GGNNCC,5(5),
,HphI,Neisseria gonorrhoeae MS11,M. So,GGTGA,5(6),
,M.NgoAX,Neisseria gonorrhoeae MS11,M. So,CCACC,?(6),
,HaeIII,Neisseria gonorrhoeae DOV,D.C. Stein,GGCC,,
,HaeIII,Neisseria gonorrhoeae P9-2,J.R. Saunders,GG^CC,3(5),
,SacII,Neisseria gonorrhoeae P9-2,J.R. Saunders,CCGC^GG,,
,HaeIII,Neisseria gonorrhoeae Pgh3-2,D.C. Stein,GGCC,?(5),
,HaeIII,Neisseria gonorrhoeae FA293,D.C. Stein,GGCC,,
,HaeII,Neisseria gonorrhoeae,G.A. Wilson,RGCGCY,,
,,Nitrobacter hamburgensis X14,P. Richardson,CAAGRAG,?(6),
,,Neisseria mucosa,ATCC 25999,G^CTAGC,6(4),BCJNOQRSVX
,,Nitrolancetus hollandicus Lb,Genoscope,GCWGC,,
,HaeIII,Neisseria lactamica,NRCC 2118,GGCC,,
,MboI,Neisseria lactamica,NRCC 2118,^GATC,,
,,Neisseria lactamica,NRCC 2118,CATG^,2(6),N
,,Neisseria lactamica,NRCC 2118,GGN^NCC,?(5),NV
,,Neisseria lactamica 020-06,R. Chalmers,CATCAC(19/17),?(6),
,MboI,Neisseria lactamica 5841,D.C. Stein,GATC,,
,AsuI,Neisseria lactamica 5841,D.C. Stein,GGNCC,,
,SacII,Neisseria lactamica 5841,D.C. Stein,CCGCGG,,
,SacII,Neisseria lactamica,NRCC 31016,CCGCGG,,
,AcyI,Neisseria lactamica,NRCC 31016,GRCGYC,,
,AvaI,Nostoc linckia,A. de Waard,CYCGRG,,
,AvaII,Nostoc linckia,A. de Waard,GGWCC,,
,AvaI,Nostoc linckia,A.I. Melnik,CYCGR^G,,
,AvaII,Nostoc linckia,A.I. Melnik,GGWCC,,
,,Neisseria meningitidis DRES-W34,R. Sparling,?,,
,,Neisseria meningitidis DRES-W34,R. Sparling,?,,
,,Neisseria meningitidis M1011,R. Sparling,?,,
,,Neisseria meningitidis DRES-30,R. Sparling,?,,
,CdpI,Neisseria meningitidis NCTC9390,S. Doyle,GCGGAG,5(6),
,DpnI,Neisseria meningitidis Z2491,M. Achtman,GATC,,
,,Neisseria meningitidis Z2491,M. Achtman,GCCGAG(21/19),5(6),N
,,Neisseria meningitidis Z2491,R.D. Morgan,GCCGAC(21/19),?(6),
,HgaI,Neisseria meningitidis B strain MC58,E.R. Moxon,GACGC,,
,DpnI,Neisseria meningitidis BL859,C.B. Bruni,GATC,,
,MboI,Neisseria meningitidis C114,C.A. Hart,^GATC,,
,Cfr10I,Neisseria meningitidis 2120,U. Vogel,(12/7)RCCGGY(7/12),"2(5),-2(5)",
,PvuII,Neisseria meningitidis,CAMB 2584,CAG^CTG,,
,ScaI,Neisseria meningitidis 800615,A. Van der Ende,AGTACT,5(4),
,KpnI,Nocardia minima,ATCC 19150,GGTACC,,
,NaeI,Neisseria mucosa,NRCC 31013,GCCGGC,,
,NmeAIII,Neisseria mucosa NCTC 10774,NCTC 10774,GCCGAG,5(6),
,AvaI,Nostoc muscorum M-131-G,A. de Waard,CYCGRG,,
,AvaII,Nostoc muscorum M-131-G,A. de Waard,GGWCC,,
,Tsp45I,Neisseria mucosa C9-2,V. Butkus,^GTSAC,,B
,DpnI,Neisseria mucosa,ATCC 25997,GATC,,
,DpnI,Neisseria mucosa,ATCC 25996,GATC,,
,AsuI,Neisseria mucosa,ATCC 25996,GGNCC,,
,NaeI,Neisseria mucosa,ATCC 19697,GCCGGC,,
,AsuI,Neisseria mucosa,ATCC 19693,GGNCC,,
,PstI,Nocardia otitidis-caviarum,ATCC 14629,CTGCAG,,
,SalI,Nocardia opaca,ATCC 21507,G^TCGAC,,
,,Nocardia opaca,ATCC 21507,?,,
,,Nocardia otitidis-caviarum,ATCC 14630,GC^GGCCGC,2(4),BCJNOQRSVX
,,Neisseria ovis,NRCC 31020,?,,
,HinfI,Neisseria ovis,NRCC 31020,GANTC,,
,,Nodularia species BY1,K. Sivonen,?,,
,,Nodularia species HEM,K. Sivonen,?,,
,,Nodularia species HKVV,K. Sivonen,?,,
,,Novosphingobium pentaromativorans US6-1,KCTC 10454,GATCGAC,6(6),
,MboI,Neisseria pharyngis C245,C.A. Hart,^GATC,,
,XhoII,Nitratiruptor phage NrS-3,Y. Takaki,RGATCY,3(6),
,,Nocardia rubra ATCC 15906,ATCC 15906,TCG^CGA,2(4),CIJNQSVX
,Eam1105I,Nocardia species G,S.K. Degtyarev,GACNNN^NNGTC,,
,MstI,Neisseria subflava Va-1,A. Janulaitis,TGC^GCA,,B
,AvaIII,Neisseria sicca,ATCC 29256,ATGCA^T,5(6),JNQSVX
,,Neisseria sicca,ATCC 29256,?,,
,MboI,Neisseria sicca,ATCC 9913,GATC,,
,EcoRV,Neisseria sicca C351,C.A. Hart,GAT^ATC,,
,HinfI,Neisseria sicca,NRCC 31004,GANTC,,
,PvuII,Niabella soli DSM 19437,DSM 19437,CAGCTG,4(4),
,,Nostoc species C,ATCC 29411,RCATG^Y,2(5),NV
,SduI,Nostoc species C,ATCC 29411,GDGCH^C,,
,AvaI,Nostoc species C,ATCC 29411,C^YCGRG,?(4),
,AsuI,Nostoc species C,ATCC 29411,G^GNCC,,
,AsuII,Nostoc species C,ATCC 29411,TT^CGAA,,J
,,Nostoc species 152,K. Sivonen,?,,
,HinfI,Nitratireductor species 1536,G. Merlino,GANTC,2(6),
,AsuI,Nostoc species 7121,PCC 7121,G^GNCC,,
,AsuII,Nostoc species,ATCC 29132,TTCGAA,,
,BamHI,Nostoc species,ATCC 29132,G^GATCC,,
,MboI,Nocardia species,ATCC 19170,GATC,,
,AsuII,Nostoc species,ATCC 29131,TTCGAA,,
,,Nostoc species,ATCC 29131,CMG^CKG,,
,,Natrinema species CBA1119,S.W. Roh,?,,
,AvaI,Nostoc species,ATCC 29105,CYCGRG,,
,AvaII,Nostoc species,ATCC 29105,GGWCC,,
,AvaI,Nostoc species,ATCC 27896,CYCGRG,,
,,Nostoc species,ATCC 27896,?,,
,,Novosphingobium species ES2-1,S. Li,CRTTCAG,6(6),
,AsuII,Nostoc species,ATCC 29150,TTCGAA,,
,AvaII,Nostoc species 23-9B,C.P. Wolk,GGWCC,,
,NspI,Nostoc species,ATCC 29106,RCATG^Y,2(5),
,AvaII,Nostoc species,ATCC 29106,GGWCC,,
,MstI,Nostoc species,ATCC 29106,TGCGCA,,
,AsuII,Nostoc species 78-12B,C.P. Wolk,TTCGAA,,
,AvaII,Nostoc species 19-6C-C,C.P. Wolk,GGWCC,,
,MstI,Nostoc species UM-3,C.P. Wolk,TGCGCA,,
,AsuI,Nostoc species UM-3,C.P. Wolk,GGNCC,,
,,Nostoc species UM-3,C.P. Wolk,?,,
,,Nostoc species UM-3,C.P. Wolk,?,,
,HaeIII,Nocardia species LK,N.I. Matvienko,GG^CC,,
,MstI,Nostoc species,ATCC 27897,TGCGCA,,
,BglII,Nostoc species,PCC 8009,A^GATCT,,
,AvaI,Nostoc species SA,D. Jones,C^YCGRG,,
,BstEII,Nostoc species SA,D. Jones,G^GTNACC,,
,NcoI,Nostoc species SA,D. Jones,CCATGG,,
,BamHI,Nostoc species SA,D. Jones,G^GATCC,,
,NaeI,Nocardia species,ATCC 29100,GCCGGC,,
,MboI,Neisseria subflava,ATCC 14221,GATC,,
,DpnI,Neisseria subflava,ATCC 19243,GATC,,
,Tth111I,Nocardia tartaricans,ATCC 31191,GACNNNGTC,,
,StuI,Nocardia tartaricans,ATCC 31190,AGGCCT,,
,NaeI,Nocardia tartaricans,ATCC 31190,GCCGGC,,
,,Nicotiana tabacum cv. Xanthi,H. Sano,?,?(5),
,BspMI,Neglecta timonensis isolate MGYG-HGUT-01539,EMBL-EBI,ACCTGC,?(5),
,,Natronorubrum tibetense GA33,JCM 10636,?,,
,,Nocardia uniformis,ATCC 21806,?,,
,NarI,Nocardia uniformis,ATCC 21806,GG^CGCC,,
,HinfI,Ochrobactrum anthropi NCTC12168,S. Doyle,GANTC,2(6),
,,Opitutae bacterium isolate BS10,S. Hiraoka,ACGAG,4(6),
,HaeIII,Oscillatoria chalybea,B.K. Hurlburt,GGCC,,
,XhoI,Oceanospirillum commune,ATCC 27118,CTCGAG,,
,AvaI,Oscillatoria foreaui A-1340,V. Nagaraja,C^YCGRG,,
,,Oceanicola granulosus HTCC2516,S.J. Giovannoni,CAACNAC,?(6),
,HinfI,Ochrobactrum intermedium NCTC12171,S. Doyle,GANTC,2(6),
,BamHI,Oceanospirillum kriegii,NEB 972,G^GATCC,,
,,Oceanospirillum linum 4-5D,V. Butkus,CACNN^NNGTG,,B
,HgiJII,Oceanospirillum minutulum,NEB 970,GRGCYC,,
,HgiJII,Oceanospirillum minutulum,NEB 971,GRGCYC,,
,AccI,Oceanospirillum minutulum,NEB 971,GTMKAC,,
,HinfI,Ochrobactrum pituitosum AA2,B. Niu,GANTC,2(6),
,MboI,Oceanisphaera profunda SM1222,KCTC 32510,GATC,2(6),
,HinfI,Ochrobactrum pseudogrignonense K8,J.W. Chen,GANTC,2(6),
,,Oryza sativa,R.A. Wing,?,?(5),
,,Oryza sativa,R.A. Wing,?,?(5),
,,Oryza sativa,R.A. Wing,?,?(5),
,AsuII,Oscillatoria splendida,B.K. Hurlburt,TTCGAA,,
,MboI,Oceanisphaera species AMac2203,H. Sung,GATC,2(6),
,,Oceanicola sp. HL-35,J. Frederickson,YAGGAG,5(6),
,AluI,Oerskovia turbata,ATCC 27403,AGCT,,
,AluI,Oerskovia turbata,ATCC 25835,AGCT,,
,AluI,Oerskovia xanthineolytica,R. Shekman,AGCT,,
,,Oerskovia xanthineolytica,R. Shekman,?,,
,SauI,Oerskovia xanthineolytica N,NEB 401,CC^TNAGG,,
,RsaI,Pyrococcus abyssi,Genoscope,GTA^C,3(6),
,,Pseudomonas alcaligenes,NEB 585,TTAAT^TAA,,BN
,S.PacII,Pseudomonas alcaligenes,NEB 585,CCCNNNNNRTTGY,"2(4),?(6)",
,,Pseudomonas alcaligenes,NEB 585,GTAATC,4(6),
,SmaI,Pseudomonas alcaligenes,NCIB 9867,C^CCGGG,?(4),
,BamHI,Pseudomonas alcaligenes RFL1110,A. Janulaitis,GGATCC,,
,EcoRV,Pseudomonas alcaligenes RFL1110,A. Janulaitis,GATATC,,
,,Pontibacter actiniarum DSM 19842,DSM 19842,CCTTGA,6(6),
,SphI,Pseudomonas aeruginosa,N.N. Sokolov,GCATG^C,,B
,SacII,Pseudomonas aeruginosa RFL7,A. Janulaitis,CCGCGG,,
,PstI,Pseudomonas aeruginosa RFL8,A. Janulaitis,CTGCAG,,
,PstI,Pseudomonas aeruginosa RFL9,A. Janulaitis,CTGCAG,,
,PstI,Pseudomonas aeruginosa RFL14,A. Janulaitis,CTGCAG,,
,PstI,Pseudomonas aeruginosa RFL15,A. Janulaitis,CTGCAG,,
,SacII,Pseudomonas aeruginosa RFL17,A. Janulaitis,CCGCGG,,
,PstI,Pseudomonas aeruginosa RFL22,A. Janulaitis,CTGCAG,,
,PstI,Pseudomonas aeruginosa RFL24,A. Janulaitis,CTGCAG,,
,PstI,Pseudomonas aeruginosa RFL25,A. Janulaitis,CTGCAG,,
,PstI,Pseudomonas aeruginosa RFL26,A. Janulaitis,CTGCAG,,
,SacII,Pseudomonas aeruginosa RFL36,A. Janulaitis,CCGCGG,,
,PstI,Pseudomonas aeruginosa RFL39,A. Janulaitis,CTGCAG,,
,PstI,Pseudomonas aeruginosa RFL40,A. Janulaitis,CTGCAG,,
,PstI,Pseudomonas aeruginosa RFL41,A. Janulaitis,CTGCAG,,
,SacII,Pseudomonas aeruginosa RFL42,A. Janulaitis,CCGCGG,,
,SacII,Pseudomonas aeruginosa RFL43,A. Janulaitis,CCGCGG,,
,SacII,Pseudomonas aeruginosa RFL44,A. Janulaitis,CCGCGG,,
,Pst273I,Pseudomonas aeruginosa AR_0095,J.A. Segre,GATCGAG,6(6),
,BamHI,Pseudomonas aeruginosa RFL177,A. Janulaitis,GGATCC,,
,CauII,Pseudomonas aeruginosa RFL181,A. Janulaitis,CCSGG,,
,,Pseudomonas aeruginosa NCTC8506,S. Doyle,CATCGAR,6(6),
,,Pseudomonas aeruginosa NCTC10662,P. Informatics,TGACGAG,6(6),
,CstMI,Pseudomonas aeruginosa NCTC11449,S. Doyle,AAGGAG,5(6),
,CstMI,Pseudomonas aeruginosa NCTC12448,S. Doyle,AAGGAG,5(6),
,Bce83I,Pseudomonas aeruginosa NCTC12924,P. Informatics,CTTGAG,5(6),
,MboI,Pasteurella aerogenes NCTC13378,P. Informatics,GATC,2(6),
,Pst273I,Pseudomonas aeruginosa NCTC13437,P. Informatics,GATCGAG,6(6),
,Pst273I,Pseudomonas aeruginosa NCTC13719,S. Doyle,GATCGAG,6(6),
,SacII,Pseudomonas aeruginosa,CAMB 2549,CCGC^GG,,
,SmaI,Pseudomonas aeruginosa - 18,N.N. Sokolov,CCC^GGG,,
,SphI,Pseudomonas aeruginosa,NRCC 5003,GCATGC,,
,HgiJII,Pseudomonas aeruginosa 4148,A.S. Solonin,GRGCY^C,,
,PstI,Pseudomonas aeruginosa 4148,A.S. Solonin,CTGCA^G,,
,,Pseudomonas aeruginosa PA7,DSM 20468,?,,
,,Pseudomonas aeruginosa PA99,K. Phannachet,AAGAYC,4(6),
,Pfl8569I,Pseudomonas aeruginosa strain PS50,B. Birren,GCN^NGC,,
,SacII,Pseudomonas aeruginosa Q2,CAMB 2637,CCGC^GG,,
,XhoI,Pseudomonas aeruginosa,G.A. Jacoby,C^TCGAG,5(6),NV
,BglII,Pseudomonas aeruginosa 2k,A.S. Solonin,A^GATCT,,
,SacII,Pseudomonas aeruginosa 5k,A.S. Solonin,CCGC^GG,,
,SacII,Pseudomonas aeruginosa 14k,A.S. Solonin,CCGC^GG,,
,PvuII,Pseudomonas aeruginosa 17k,A.S. Solonin,CAG^CTG,,
,BglII,Pseudomonas aeruginosa 18k,A.S. Solonin,A^GATCT,,
,BspHI,Pseudomonas alcaligenes Sau 14-027,A. Janulaitis,T^CATGA,,B
,HaeIII,Pseudomonas alcaligenes,ATCC 12815,GGCC,,
,HaeIII,Providencia alcalifaciens,ATCC 9886,GG^CC,,
,,Polycyclovorans algicola TG408,W. Whitman,CCRTGAG,6(6),
,AscI,Pseudomonas alcaligenes BS17,S.K. Degtyarev,GG^CGCGCC,,I
,MboI,Pseudoalteromonas aliena EH1,E. Kim,GATC,2(6),
,MstI,Phormidium ambiguum,A.J. Podhajska,TGC^GCA,,
,AcyI,Phormidium ambiguum,A.J. Podhajska,GR^CGYC,,
,NcoI,Paracoccus aminophilus,JCM 7686,C^CATGG,1(5),
,Pfl8569I,Pseudomonas amygdali pv. lachrymans strain YM7902,D.S. Guttman,GCN^NGC,,
,XhoI,Pseudomonas alkanolytica,IFO 12319,C^TCGAG,,
,NhoI,Pantoea ananatis PA13,J. Kim,GCWGC,,
,AarI,Paucibacter aquatile CR182,A. Choi,CACCTGC(4/8),?(5),N
,BclI,Pseudomonas aeroginosa,Vivantis 21,T^GATCA,,
,,Pseudomonas anguilliseptica RFL1,V. Butkus,CC^CWGGG,,B
,NarI,Pseudomonas atlantica,ATCC 19262,GGCGCC,,
,PvuRts1I,Pseudoalteromonas atlantica T6c,A.C. Karls,C(11/9),,
,BsePI,Paracoccus alcaliphilus ZVK3-3,A. Janulaitis,G^CGCGC,,B
,NspI,Phormidium autumnale,A.J. Podhajska,RCATG^Y,,
,AhaIII,Phormidium autumnale,A.J. Podhajska,TTT^AAA,,
,,Peptostreptococcaceae bacterium oral taxon 929 W2294,M.E. Holder,GTAAG,4(6),
,MboI,Pasteurella bettyae NCTC10535,S. Doyle,GATC,2(6),
,BamHI,Plectonema boryanum CALU 465,F.I. Tovkach,GGATCC,,
,MboI,Previtella bryantii TC1-1,G. Avgustin,^GATC,,
,,Prevotella buccae NCTC13063,S. Doyle,GTATYC,3(6),
,FokI,Pseudobutyrivibrio species JK 720,P. Pristas,GGATG,,
,VspI,Pseudobutyrivibrio species MZ 1,P. Pristas,ATTAAT,,
,,Pelobacter carbinolicus,DSM 2380,GACGAG,5(6),
,MboI,Pasteurella canis NCTC11621,S. Doyle,GATC,2(6),
,MboI,Pasteurella canis NCTC11650,S. Doyle,GATC,2(6),
,EcoRII,Pectobacterium carotovorum ssp. atrosepticum,E. Lojkowska,CCWGG,,
,MboI,Pectobacterium carotovorum subsp. carotovorum 67,M.F. Li,GATC,2(6),
,StuI,Planococcus citreus 55,S.K. Degtyarev,AGG^CCT,,V
,BspLU11I,Planococcus citreus SE-F45,NEB 1781,A^CATGT,,IN
,SapI,Planococcus citreus S,S.K. Degtyarev,GCTCTTC(1/4),,I
,AloI,Prevotella copri,DSM 18205,GAACNNNNNNTCC,?(6),
,,Psychrobacter cryohalolentis FDAARGOS_308,ATCC BAA-1226D-5,CCAAAG,5(6),
,,Paracoccus carotinifaciens 3K,S.K. Degtyarev,WCGNNNN^NNNCGW,,I
,BsmI,Planococcus citreus SM,S.K. Degtyarev,GAATGC(1/-1),,I
,MboI,Photobacterium damselae NCTC11646,S. Doyle,GATC,2(6),
,MboI,Photobacterium damselae NCTC11647,S. Doyle,GATC,2(6),
,MboI,Photobacterium damselae NCTC11648,S. Doyle,GATC,2(6),
,MboI,Photobacterium damselae subsp. damselae KC-Na-1,J.H. Kim,GATC,2(6),
,AsuI,Paracoccus denitrificans 12,S.K. Degtyarev,G^GNCC,,
,HaeIII,Paracoccus denitrificans 133,S.K. Degtyarev,GG^CC,,
,HpaII,Paracoccus denitrificans 137,S.K. Degtyarev,C^CGG,,
,NaeI,Pseudomonas diminuta Mck 33-321,V. Butkus,GCC^GGC,,B
,Pdi8503III,Parabacteroides distasonis FDAARGOS_344,T. Minogue,CCGGNAG,6(6),
,,Parabacteroides distasonis ATCC 8503,ATCC 8503,CCGGNAG,6(6),
,Pdi8503III,Parabacteroides distasonis NCTC11152,S. Doyle,CCGGNAG,6(6),
,XmnI,Pseudomonas diminuta Auk 5-324,V. Butkus,GAANN^NNTTC,,B
,,Paenibacillus durus,DSM 1735,CACCAC,5(6),
,MboI,Pseudomonas eisenbergii MAFF 9403,P.C. Shaw,GATC,,
,,Porphyromonas endodontalis ATCC 35406,ATCC 35406,GCAGT,,
,MboI,Pseudomonas facilis,M. Van Montagu,GATC,,
,HgiCI,Phormidium favosum,A.J. Podhajska,G^GYRCC,,
,NdeI,Phormidium favosum,A.J. Podhajska,CA^TATG,,
,SphI,Phormidium favosum,A.J. Podhajska,GCATG^C,,
,TfiI,Psychrobacter faecalis RFL1,A. Janulaitis,G^AWTC,,B
,,Pseudomonas fluorescens,IFO 3507,?,,
,BamHI,Pseudomonas fluorescens 8,A.V. Pertsev,G^GATCC,,
,EcoRV,Pseudomonas fluoroviolaceus RFL16,A. Janulaitis,GATATC,,
,SacI,Pseudomonas fluorescens RFL18,A. Janulaitis,GAGCTC,,
,AvaII,Pseudomonas fluorescens RFL19,A. Janulaitis,GGWCC,,
,PstI,Pseudomonas species 21,A.V. Pertsev,CTGCA^G,,
,ApaLI,Pseudomonas fluorescens RFL23,A. Janulaitis,GTGCAC,,
,SplI,Pseudomonas fluorescens RFL23,A. Janulaitis,C^GTACG,,B
,PpuMI,Pseudomonas fluorescens RFL27,A. Janulaitis,RG^GWCCY,,
,PstI,Pseudomonas fluorescens RFL37,A. Janulaitis,CTGCAG,,
,XhoI,Pseudomonas fluorescens RFL67,A. Janulaitis,CTCGAG,,
,,Pseudomonas fluorescens RFL1108,A. Janulaitis,TCGTAG,,
,SacII,Pseudomonas fluorescens RFL1108,A. Janulaitis,CCGCGG,,
,,Pseudomonas fluorescens NCTC3756,S. Doyle,CCCTNAG,6(6),
,,Pseudomonas fluorescens strain DSM8569,DSM 8569,GCN^NGC,,
,,Pseudomonas fluorescens NCTC10783,P. Informatics,GCGTCAG,6(6),
,FnuDII,Pseudomonas fluorescens type A,ATCC 17582,CGCG,,
,PflMI,Pseudomonas fluorescens type B,M.M. Wijdenbosch,CCANNNN^NTGG,,
,Tth111I,Pseudomonas fluorescens biotype F,NEB 999,GACN^NNGTC,,NV
,HaeIII,Pseudomonas fluorescens,CAMB 2619,GG^CC,,
,,Pseudomonas fluorescens,NEB 375,CCANNNN^NTGG,3(6),NV
,XhoI,Pseudomonas fluorescens,ATCC 33512,CTCGAG,,
,,Pseudomonas fluorescens Pt14,P. Rani,RGCCCAC,6(6),
,XhoI,Pseudomonas fluorescens,T.S. Wang,CTCGAG,,
,,Pseudomonas fluorescens biovar 126,A. Janulaitis,T^CCNGGA,,B
,ApaLI,Pseudomonas fragi RFL12,A. Janulaitis,GTGCAC,,
,PvuRts1I,Propionibacterium freudenreichii subsp. shermanii CIRM-BIA1,V. Loux,C(11/9),,
,PfrJS15III,Propionibacterium freudenreichii JS2,P. Deptula,CTTCNAC,6(6),
,,Propionibacterium freudenreichii JS12,P. Deptula,TANAAG,5(6),
,,Propionibacterium freudenreichii JS12,P. Deptula,GGCGGAG,6(6),
,,Propionibacterium freudenreichii JS15,P. Deptula,CTTCNAC,6(6),
,PfrJS15III,Propionibacterium freudenreichii JS23,P. Deptula,CTTCNAC,6(6),
,PfrJS12IV,Propionibacterium freudenreichii JS12a,P.K.S. Laine,TANAAG,5(6),
,PfrJS12V,Propionibacterium freudenreichii JS12a,P.K.S. Laine,GGCGGAG,6(6),
,PfrJS15III,Propionibacterium freudenreichii JS15a,P. Deptula,CTTCNAC,6(6),
,PfrJS15III,Propionibacterium freudenreichii P.UF1,M. Gong,CTTCNAC,6(6),
,SplI,Pseudomonas fluorescens,NEB 431,CGTACG,,
,ClaI,Pseudomonas gladioli B4,S.K. Degtyarev,AT^CGAT,,
,PpiP13II,Phaeobacter gallaeciensis P73,H.M. Freese,CGCRGAC,6(6),
,,Phaeobacter gallaeciensis P73,H.M. Freese,TTCGAG,5(6),
,Bbr52II,Phaeobacter gallaeciensis P128,H.M. Freese,GGCGAG,5(6),
,Bbr52II,Phaeobacter gallaeciensis P129,H.M. Freese,GGCGAG,5(6),
,MboI,Pluralibacter gergoviae FDAARGOS_186,B. Goldberg,GATC,2(6),
,MboI,Pluralibacter gergoviae NCTC11434,S. Doyle,GATC,2(6),
,MboI,Porphyromonas gingivalis,A. Progulske-Fox,GATC,2(6),
,NaeI,Pseudomonas glycinae,J.V. Leary,GCCGGC,,
,,Pseudomonas glycinae,J.V. Leary,?,,
,PmaCI,Pseudomonas glathei RFL34,A. Janulaitis,CACGTG,,
,SfaNI,Pasteurella haemolytica,G.H. Frank,GCATC(5/9),,
,,Pasteurella haemolytica,S.K. Highlander,?,?(6),
,,Pasteurella haemolytica,P.E. Shewen,?,?(6),
,MboI,Pseudoalteromonas haloplanktis TAC125,C. Medigue,GATC,?(6),
,,Myxococcus xanthus phage Mx8,P. Youderian,CTSSAG,5(6),
,HaeIII,Bacillus subtilis phage Phi3T,T.A. Trautner,"GGCC,GCNGC","3(5), 2(5)",
,TaqI,Bacillus subtilis phage Phi3T,T.A. Trautner,TCGA,2(5),
,HaeIII,Pyrococcus horikoshii OT3,ATCC 700860,GG^CC,3(4),
,ScaI,Pseudomonas indigofera,ATCC 14036,AGTACT,,
,Cco11366VI,Prevotella intermedia KCOM 2734,J.-K. Kook,GAAGAA,6(6),
,AgeI,Pseudomonas inequalis,M.M. Wijdenbosch,A^CCGGT,,QVX
,AvaIII,Phormidium inundatum,CCAP 1462/9,ATGCA^T,,
,BspMII,Phormidium inundatum,CCAP 1462/9,T^CCGGA,,
,,Prevotella intermedia 17F,C.D. Johnston,GGYGAB,5(6),
,RlaII,Phaeobacter inhibens P10,H.M. Freese,ACACAG,5(6),
,,Phaeobacter piscinae P23,H.M. Freese,CTRKCAG,6(6),
,RlaII,Phaeobacter inhibens P30,H.M. Freese,ACACAG,5(6),
,PinP23II,Phaeobacter piscinae P42,H.M. Freese,CTRKCAG,6(6),
,RlaII,Phaeobacter inhibens P57,H.M. Freese,ACACAG,5(6),
,,Phaeobacter inhibens P59,H.M. Freese,GAAGNAG,6(6),
,PpiP13II,Phaeobacter inhibens P88,H.M. Freese,CGCRGAC,6(6),
,Eco57I,Prevotella jejuni F0697,C.D. Johnston,CTGAAG,"5(6),-5(6)",
,Eco57I,Prevotella jejuni F0106,C.D. Johnston,CTGAAG,"5(6),-5(6)",
,BisI,Planomicrobium koreense 78k,S.K. Degtyarev,GCN^GC,,I
,HaeIII,Phormidium lapideum,H. Ochiai,GG^CC,,
,AsuII,Phormidium lapideum,H. Ochiai,TT^CGAA,,
,AvaI,Phormidium laminosum,A.J. Podhajska,C^YCGRG,,
,RsaI,Phormidium laminosum,A.J. Podhajska,GT^AC,,
,PstII,Parvibaculum lavamentivorans DS-1,DSM 13023,CATCAG(21/19),?(6),
,,Pseudomonas lemoignei,NEB 418,GAGTC(4/5),2(6),N
,PvuI,Pseudomonas lemoignei 19,S.K. Degtyarev,CGAT^CG,,I
,HaeIII,Photobacterium leiognathi,V.E. Repin,GGCC,,
,ApaLI,Pseudomonas lindbergii,ATCC 31099,GTGCAC,,
,,Planctomyces limnophilus DSM 3776,DSM 3776,CGCCGAC,6(6),
,,Paracentrotus lividus,M. Branno,?,?(5),
,StuI,Pseudomonas fluorescens,Viikki 152,AGGCCT,,
,NarI,Photorhabdus luminescens,E. Duchaud,GGCGC^C,3(5),N
,PstI,Pseudomonas maltophilia,D.G. Comb,CTGCAG,,
,PstI,Pseudomonas maltophilia,CAMB 2550,CTGCAG,,
,,Pseudomonas maltophilia CB50P,C.A. Hart,CAC^GTG,,
,BbvCI,Pseudomonas mandelii RFL49,Fermentas G350,CCTCAGC,,
,,Pseudomonas mendocina,NEB 698,GTTT^AAAC,,N
,AvaII,Pseudomonas mendocina,NEB 698,GGWCC,4(5),
,PcaII,Pseudomonas mendocina S5.2,T.M. Chong,GACGAG,5(6),
,HpaII,Pseudomonas medicaginis RFL35,A. Janulaitis,CCGG,,
,StuI,Pseudomonas mendocina 55,S.K. Degtyarev,AGG^CCT,,
,Pin17FIII,Prevotella melaninogenica F0301,C.D. Johnston,GGYGAB,5(6),
,BalI,Pseudomonas oleovorans NCTC10692,S. Doyle,TGGCCA,6(6),
,,Pseudomonas mendocina NCTC10899,S. Doyle,GACAGG,4(6),
,PcaII,Pseudomonas mendocina S13.2,T.M. Chong,GACGAG,5(6),
,,Proteus mirabilis,N.L. Bakh,?,,
,MboI,Proteus mirabilis AR_0029,J.A. Segre,GATC,2(6),
,MboI,Proteus mirabilis FDAARGOS_67,H. Sichtig,GATC,2(6),
,MboI,Proteus mirabilis NCTC4199,P. Informatics,GATC,2(6),
,MboI,Proteus mirabilis NCTC13376,S. Doyle,GATC,2(6),
,PmaCI,Pseudomonas maltophilia,NEB 515,CAC^GTG,3(5),NV
,NarI,Photobacterium mandapamensis 579,V.E. Repin,GGCGCC,,
,MboI,Pasteurella multocida FDAARGOS_216,T. Minogue,GATC,2(6),
,MboI,Pasteurella multocida FDAARGOS_217,T. Minogue,GATC,2(6),
,MboI,Pasteurella multocida FDAARGOS_261,B. Goldberg,GATC,2(6),
,MboI,Pasteurella multocida FDAARGOS_384,B. Goldberg,GATC,2(6),
,MboI,Pasteurella multocida FDAARGOS_385,B. Goldberg,GATC,2(6),
,MboI,Pasteurella multocida subsp. gallicida NCTC10204,P. Informatics,GATC,2(6),
,MboI,Pasteurella multocida NCTC10322,NCTC 10322,GATC,2(6),
,MboI,Pasteurella multocida NCTC10323,P. Informatics,GATC,2(6),
,MboI,Pasteurella multocida NCTC10382,S. Doyle,GATC,2(6),
,MboI,Pasteurella multocida NCTC10722,S. Doyle,GATC,2(6),
,MboI,Pasteurella multocida subsp. septica NCTC11995,S. Doyle,GATC,2(6),
,MboI,Pasteurella multocida USDA-ARS-USMARC-59910,G.P. Harhay,GATC,2(6),
,MboI,Pasteurella multocida USDA-ARS-USMARC-59962,G.P. Harhay,GATC,2(6),
,MboI,Pasteurella multocida USDA-ARS-USMARC-60213,G.P. Harhay,GATC,2(6),
,MboI,Pasteurella multocida USDA-ARS-USMARC-60214,G.P. Harhay,GATC,2(6),
,MboI,Pasteurella multocida USDA-ARS-USMARC-60215,G.P. Harhay,GATC,2(6),
,MboI,Pasteurella multocida USDA-ARS-USMARC-60248,G.P. Harhay,GATC,2(6),
,MboI,Pasteurella multocida USDA-ARS-USMARC-60380,G.P. Harhay,GATC,2(6),
,MboI,Pasteurella multocida USDA-ARS-USMARC-60381,G.P. Harhay,GATC,2(6),
,MboI,Pasteurella multocida USDA-ARS-USMARC-60385,G.P. Harhay,GATC,2(6),
,MboI,Pasteurella multocida USDA-ARS-USMARC-60494,G.P. Harhay,GATC,2(6),
,MboI,Pasteurella multocida USDA-ARS-USMARC-60675,G.P. Harhay,GATC,2(6),
,MboI,Pasteurella multocida USDA-ARS-USMARC-60712,G.P. Harhay,GATC,2(6),
,MboI,Pasteurella multocida USDA-ARS-USMARC-60713,G.P. Harhay,GATC,2(6),
,MboI,Pasteurella multocida USDA-ARS-USMARC-60714,G.P. Harhay,GATC,2(6),
,MboI,Pasteurella multocida USDA-ARS-USMARC-60717,G.P. Harhay,GATC,2(6),
,MboI,Pasteurella multocida,ATCC 11039,GATC,?(6),
,MboI,Pasteurella multocida Pm70,V. Kapur,GATC,?(6),
,PstI,Proteus myxofaciens,ATCC 19692,CTGCAG,,
,PvuI,Propionibacterium intermedium,ATCC 14072,CGATCG,,
,AvaII,Pseudomonas oleovorans,Viikki 13,GGWCC,,
,BclI,Pseudomonas ovalis,S. Riazuddin,TGATCA,,
,Eco31I,Pseudomonas paucimobilis,NEB 376,GGTCTC,,
,AsuII,Phormidium papyraceum,A.J. Podhajska,TT^CGAA,,
,TaqI,Phormidium papyraceum,A.J. Podhajska,T^CGA,,
,ApaI,Phormidium persicinum,CCAP 1462/5,GGGCC^C,,
,PvuRts1I,Proteus penneri,ATCC 35198,C(11/9),,
,HgiCI,Photobacterium phosphoreum 14,V.E. Repin,GGYRCC,,
,MboI,Photobacterium phosphoreum 288,V.E. Repin,GATC,,
,AsuI,Photobacterium phosphoreum 1579,V.E. Repin,GGNCC,,
,,Photobacterium phosphoreum 1591,V.E. Repin,?,,
,AsuI,Photobacterium phosphoreum 1773,V.E. Repin,GGNCC,,
,PstI,Photobacterium phosphoreum 2059,V.E. Repin,CTGCAG,,
,PstI,Photobacterium phosphoreum 2066,V.E. Repin,CTGCAG,,
,HgiAI,Pseudomonas phaseolicola 3215,U. Mayr,GWGCWC,,
,Bsp460III,Pannonibacter phragmitetus NCTC13350,S. Doyle,CGCGCAG,6(6),
,,Pseudomonas putida Jo 4-731,V. Butkus,(7/12)GAACNNNNNCTC(13/8),"3(6),-2(6)",
,,Phaeobacter piscinae P13,H.M. Freese,CGCRGAC,6(6),
,PinP23II,Phaeobacter piscinae P36,H.M. Freese,CTRKCAG,6(6),
,PleI,Pseudomonas pseudoalcaligenes PL,S.K. Degtyarev,GAGTC(4/5),,I
,NhoI,Paraglaciecola psychrophila 170,Q.L. Qin,GCWGC,,
,HaeIII,Pseudomonas putida C-83,Toyobo,GGCC,,
,BsaAI,Pseudomonas putida RFL6,A. Janulaitis,YACGTR,,
,AvaIII,Pseudomonas putida RFL10,A. Janulaitis,A^TGCAT,,
,BsaAI,Pseudomonas putida RFL11,A. Janulaitis,YACGTR,,
,StuI,Pseudomonas putida RFL13,A. Janulaitis,AGGCCT,,
,HgiJII,Pseudomonas putida RFL20,A. Janulaitis,GRGCYC,,
,BsaAI,Pseudomonas putida RFL21,A. Janulaitis,YAC^GTR,,B
,EcoRI,Pseudomonas putida P111,D. Focht,G^AATTC,,
,AatII,Pseudomonas putida RFL1253,A. Janulaitis,GACGTC,,
,SplI,Pseudomonas putida A1,P. Adams,C^GTACG,,
,,Pseudomonas putida M,NEB 372,RG^GWCCY,?(5),N
,PpuMI,Pseudomonas putida X,M.M. Wijdenbosch,RG^GWCCY,,
,RdeGBI,Providencia rettgeri AR_0082,J.A. Segre,CCGCAG,5(6),
,HaeIII,Previtella ruminicola 23,G. Avgustin,GG^CC,,
,NhoI,Providencia rustigianii,DSM 4541,GCWGC,,
,,Providencia rustigianii NCTC8113,P. Informatics,CAGANGC,4(6),
,Pru8113I,Providencia rustigianii NCTC12026,S. Doyle,CAGANGC,4(6),
,,Pisum sativum,R.L.P. Adams,?,?(5),
,HaeIII,"Polar sea bacterium R9879, C5SW4c3",A. Murray,GGCC,,
,BspLU11I,Paracoccus species RFL1,Fermentas G291,A^CATGT,,B
,XmnI,Planktothrix species 2,K. Sivonen,GAANNNNTTC,,
,,Planktothrix species 2,K. Sivonen,?,,
,,Planktothrix species 18,K. Sivonen,?,,
,AsuII,Planktothrix species 27,K. Sivonen,TTCGAA,,
,AsuII,Planktothrix species 28,K. Sivonen,TTCGAA,,
,,Planktothrix species 45,K. Sivonen,?,,
,,Planktothrix species 49,K. Sivonen,?,,
,,Planktothrix species 97,K. Sivonen,?,,
,,Planktothrix species NIVA-CYA126,K. Sivonen,?,,
,,Planktothrix species NIVA-CYA128,K. Sivonen,?,,
,,Planktothrix species 193,K. Sivonen,?,,
,AsuI,Pseudoanabaena species,ATCC 29541,GGNCC,,
,,Pelobacter seleniigenes DSM 18267,DSM 18267,RCCGAAG,6(6),
,,Plesiomonas shigelloides 319-73,T. Shimada,GACNN^NNGTC,2(6),NV
,VspI,Plesiomonas shigelloides TPS970,S. Matsushita,AT^TAAT,,
,PmaCI,Plesiomonas shigelloides PL50,T. Shimada,CACGTG,,
,PmaCI,Plesiomonas shigelloides PL59,T. Shimada,CACGTG,,
,MboI,Plesiomonas shigelloides NCTC10360,P. Informatics,GATC,2(6),
,MboI,Plesiomonas shigelloides NCTC10363,S. Doyle,GATC,2(6),
,MboI,Plesiomonas shigelloides NCTC10364,S. Doyle,GATC,2(6),
,PstI,Plesiomonas shigelloides TPS1044,S. Matsushita,CTGCAG,,
,,Pseudomonas species SE-G49,NEB 1784,TTA^TAA,6(6),IN
,AsuI,Pseudoanabaena species,ATCC 27263,GGNCC,,
,AvaII,Phormidium species,A.J. Podhajska,GGWC^C,,
,PvuII,Pseudomonas species RFL3,A. Janulaitis,CAGCTG,,
,XhoI,Pseudomonas species RFL4,A. Janulaitis,CTCGAG,,
,PvuII,Pseudomonas species RFL5,A. Janulaitis,CAGCTG,,
,PpuMI,Pseudomonas species RFL5,A. Janulaitis,RG^GWCCY,,B
,EcoRII,Pseudomonas species B6,S.K. Degtyarev,^CCWGG,,I
,PstI,Pseudomonas species 23,A.V. Pertsev,CTGCA^G,,
,PstI,Pseudomonas species RFL28,A. Janulaitis,CTGCAG,,
,HaeIII,Pseudomonas species RFL29,A. Janulaitis,GGCC,,
,ApaI,Pseudomonas species RFL30,A. Janulaitis,GGGCCC,,
,HgiJII,Pseudomonas species RFL31,A. Janulaitis,GRGCYC,,
,SalI,Pseudomonas species RFL32,A. Janulaitis,GTCGAC,,
,SalI,Pseudomonas species RFL33,A. Janulaitis,GTCGAC,,
,PmaCI,Pseudomonas species RFL38,A. Janulaitis,CACGTG,,
,EcoRII,Pseudoalteromonas species 39 C65DMSP4c2,A. Murray,CCWGG,,
,PstI,Pseudomonas species RFL46,A. Janulaitis,CTGCAG,,
,BamHI,Pseudomonas species RFL56,A. Janulaitis,GGATCC,,
,NaeI,Pseudomonas species MS61,M. Sargent,GCCGGC,,
,,Pseudomonas species GM67,D. Pelletier,?,,
,SalI,Pseudomonas species RFL89,A. Janulaitis,GTCGAC,,
,,Paenibacillus species FSL H7-0357,M. Wiedmann,GCGAAG,5(6),
,BglI,Paenibacillus species,V.E. Repin,GCCNNNN^NGGC,,
,,Prochlorococcus species MIT 1314,P.M. Berube,GCTGCTG,"2(4),-6(99)",
,AclI,Pseudomonas pseudoalcaligenes RFL1406,A. Janulaitis,AA^CGTT,,B
,MboI,Parashewanella species MEBiC05444,K.K. Kwon,GATC,2(6),
,SmaI,Pseudomonas species,D. White,C^CCGGG,,
,SmaI,Pseudomonas species AL1637,S.K. Degtyarev,CCC^GGG,,
,,Parabacteroides species AT13,N.-R. Shin,CCGANAG,6(6),
,PmaCI,Pseudomonas species,D. Clark,CACGTG,,
,,Psychrobacter species 4Bb,E. Collins,?,,
,SacI,Pseudomonas species 124B,S.K. Degtyarev,GAGCT^C,,IV
,PmaCI,Pseudomonas species C,S.K. Degtyarev,CAC^GTG,,IV
,NruI,Pseudomonas species,NEB 1538,TCGCGA,,
,,Pseudomonas species B11D7D,J. Elkins,CCGCGAG,6(6),
,BstEII,Pseudomonas species E,S.K. Degtyarev,G^GTNACC,,IV
,BseYI,Paenibacillus species RFL1,Fermentas G332,CCCAGC(-5/-1),,
,EcoRII,Pyrococcus species G1H,NEB 906,^CCWGG,?(4),N
,Ble402II,Prevotella sp. 10(H),M.G. Dominguez-Bello,GRAGCAG,6(6),
,MboI,Parashewanella spongiae HJ039,K.K. Kwon,GATC,2(6),
,SplI,Pseudomonas species L,S.K. Degtyarev,C^GTACG,,I
,,Pseudomonas species ERMR1:02,R. Kumar,CAAGAAC,6(6),
,XhoI,Pseudomonas species,ATCC 29862,CTCGAG,,
,NlaIV,Pseudomonas species N4,S.K. Degtyarev,GGN^NCC,,I
,MboI,Pantoea species PSNIH2,S. Conlan,GATC,2(6),
,ApaI,Pseudomonas species OM2164,NEB 1783,G^GGCCC,5(4),INV
,,Pseudomonas species OM2164,NEB 1783,CGCCCAR(20/18),6(6),
,AsuI,Psychrobacter immobilis TA137,R. Gerday,G^GNCC,4(5),C
,PpuMI,Pseudomonas species PP,S.K. Degtyarev,RG^GWCCY,,I
,,Psychrobacter species PRwf-1,J.M. Tiedje,CCYCAG(15/13),?(6),
,,Pseudomonas species R84,A.R. Varadarajan,TACYCAC,6(6),
,PstI,Pseudomonas species S,CAMB 2676,CTGCAG,,
,HinfI,Phreatobacter species S-12,S.-J. Kim,GANTC,2(6),
,MboI,Pseudoalteromonas species 16-SW-7,T.H. Nguyen,GATC,2(6),
,MboI,Pseudoalteromonas species SiA1,K. Jeon,GATC,2(6),
,,Pseudomonas species A1-1,NEB 1782,VC^TCGAGB,,IN
,,Pseudomonas stutzeri N2,S.K. Degtyarev,(7/12)GAACNNNNNNTAC(12/7),,I
,DraII,Pseudomonas species,R.A. Makula,RGGNC^CY,,
,,Pseudomonas species,R.A. Makula,?,,
,,Providencia stuartii 164,ATCC 49762,CTGCA^G,5(6),BCIJNOQRSVX
,,Providencia stuartii 164,ATCC 49762,CTGATG(25/27),4(6),
,,Providencia stuartii FDAARGOS_145,H. Sichtig,CTAMRAG,6(6),
,,Pseudomonas stutzeri 273,S. Wu,GATCGAG,6(6),
,MboI,Pseudomonas stutzeri NCTC11607,P. Informatics,GATC,2(6),
,,Paenibacillus stellifer,DSM 14472,CNYACAC,6(6),
,AlwNI,Pseudomonas stutzeri 217,S.K. Degtyarev,CAGNNN^CTG,,I
,NheI,Pseudomonas stutzeri NH,S.K. Degtyarev,G^CTAGC,,
,XhoII,Pseudomonas stutzeri Mck 28-pH52,V. Butkus,R^GATCY,,B
,PvuI,Pseudomonas stutzeri 161,S.K. Degtyarev,CGAT^CG,,
,BsaAI,Phormidium subfuscum,A.J. Podhajska,YAC^GTR,,
,,Pseudoxanthomonas suwonensis 11-1,J. Gladden,BBCGD,,
,SgrAI,Pseudomonas stutzeri 1660,NEB 1317,CRCCGGYG,?(5),
,Tth111I,Pseudomonas syringae Lki 1-pH124,V. Butkus,GACN^NNGTC,,B
,BspMII,Phormidium tadzschicicum,A.J. Podhajska,T^CCGGA,,
,BsePI,Paenibacillus terrae RFL2,Fermentas G357,G^CGCGC,,
,MstI,Phormidium uncinatum 1462/7,A.J. Podhajska,TGC^GCA,,
,PvuII,Phormidium uncinatum 1462/7,A.J. Podhajska,CAG^CTG,,
,AvaI,Phormidium uncinatum,A.J. Podhajska,C^YCGRG,,
,NspI,Phormidium uncinatum,A.J. Podhajska,RCATG^Y,,
,,Proteus vulgaris,ATCC 13315,CGAT^CG,,BNOQRSX
,,Proteus vulgaris,ATCC 13315,CAG^CTG,4(4),BCIJNOQSVX
,PvuI,Proteus vulgaris 84,S.K. Degtyarev,CGATCG,,
,PvuII,Proteus vulgaris 84,S.K. Degtyarev,CAG^CTG,,
,MboI,Proteus vulgaris NCTC13145,P. Informatics,GATC,2(6),
,PvuII,Proteus vulgaris HKU,P.C. Shaw,CAGCTG,,
,PvuRts1I,Paraprevotella xylaniphila YIT 11841,DSM 19681T,C(11/9),,
,EcoRV,Pseudobutyrivibrio species AR 11,P. Pristas,GATATC,,
,AvaIII,Pseudobutyrivibrio species JK 664,P. Pristas,ATGCAT,,
,SauI,Pseudobutyrivibrio species MZ 5,P. Pristas,CCTNAGG,,
,MboI,Pseudanabaena yagii GIHE-NHR1,J. Jeong,GATC,2(6),
,HinfI,Rhizobium acidisoli FH23,W. Tong,GANTC,2(6),
,BinI,Ruminococcus albus 8,B.A. White,GGATC,,
,MboI,Ruminococcus albus F-40,K. Gregg,^GATC,,
,,Riemerella anatipestifer NCTC11014,NCTC 11014,GAAAGAG,6(6),
,SacII,Rahnella aquatilis RFL2,Fermentas G352,CCGC^GG,,
,,Ruminococcaceae bacterium AE2021,W. Kelly,CACGAGH,5(6),
,M.AspDUT2IV,Ruminococcaceae bacterium AE2021,W. Kelly,CGAGG,3(6),
,BspHI,Rhodococcus capsulatum,M.M. Wijdenbosch,T^CATGA,,
,,Rhodospirillum centenum SW,ATCC 51521,CATCGAC(20/18),?(6),
,RdeGBI,Rothia dentocariosa NCTC10917,S. Doyle,CCGCAG,5(6),
,RdeGBIII,Rothia dentocariosa NCTC10917,S. Doyle,TGRYCA,6(6),
,RdeGBII,Rothia dentocariosa NCTC10917,S. Doyle,ACCCAG,5(6),
,RdeGBII,Rothia dentocariosa NCTC10918,P. Informatics,ACCCAG,5(6),
,,Rothia dentocariosa,ATCC 17931,CCGCAG,?(6),
,,Rothia dentocariosa,ATCC 17931,ACCCAG(20/18),?(6),
,,Rothia dentocariosa,ATCC 17931,(9/11)TGRYCA(11/9),?(6),
,BisI,Rhodanobacter denitrificans 2APBS1,S.J. Green,GCNGC,,
,Rsp008IV,Rhodococcus erythropolis NCTC8036,S. Doyle,ACGCAG,5(6),
,,Rhodococcus erythropolis NCTC8036,S. Doyle,CCGAKGG,4(6),
,HinfI,Rhizobium etli CIAT 652,V. Gonzalez,GANTC,2(6),
,BisI,Ruminococcus flavefaciens 17,M.E. Berg-Miller,GC^NGC,,
,SalI,Ruminococcus flavefaciens FD-1,B.A. White,G^TCGAC,,
,ScaI,Ruminococcus flavefaciens FD-1,B.A. White,AGT^ACT,,
,,Ruminococcus flavefaciens FD-1,B.A. White,CGCCAG,?(6),
,SgfI,Rhizobium galegae,S.K. Degtyarev,GCGAT^CGC,,I
,,Rhodococcus gordoniae NCTC13296,S. Doyle,GRAAGCG,4(6),
,BspHI,Rhodococcus species SE1991,D. Clark,TCATGA,,
,SalI,Rhodococcus species,ATCC 21664,GTCGAC,,
,MboI,Rodentibacter heylii G1,J.A. Segre,GATC,2(6),
,Rho5650I,Rhodococcus hoagii NCTC1621,S. Doyle,AACGAG,5(6),
,,Rhodococcus hoagii NCTC5650,S. Doyle,AACGAG,5(6),
,HaeIII,Bacillus subtilis phage Rho11,T.A. Trautner,"GGCC,GCNGC","3(5), 2(5)",
,TaqI,Bacillus subtilis phage Rho11,T.A. Trautner,TCGA,2(5),
,SalI,Rhodococcus species,ATCC 19148,GTCGAC,,
,,Rhodococcus species,ATCC 19148,?,,
,BamHI,Rhodococcus species,ATCC 13259,GGATCC,,
,FseI,Rhizobium yangligense,S.K. Degtyarev,GGCCGG^CC,,I
,HinfI,Rhizobium jaguaris CCGE525,S.T. Ramirez-Puebla,GANTC,2(6),
,,Rothia kristinae NCTC11038,S. Doyle,GGANNNNNRTGA,"3(6),-3(6)",
,,Ruminococcus lactaris ATCC 29176,ATCC 29176,VCW,,
,,Ruminococcus lactaris ATCC 29176,ATCC 29176,ACACAG(20/18),?(6),
,,Rhizobium leguminosarum 300,J. Beringer,?,,
,Eco31I,Rhizobium leguminosarum 69,V.E. Repin,GGTCTC,,
,,Rhizobium leguminosarum,U. Mayr,CCCACA(12/9),,
,NaeI,Rhizobium lupini 1,W. Heumann,GCCGGC,,
,MboI,Rhodococcus luteus RFL1,A. Janulaitis,GATC,,
,NlaIV,Rhodococcus luteus RFL3,A. Janulaitis,GGNNCC,,
,BamHI,Rhodococcus luteus RFL4,A. Janulaitis,GGATCC,,
,MaeI,Rhodothermus marinus,ITI 378,C^TAG,,
,AsuII,Rhodothermus marinus,ITI 376,TTCGAA,,
,MaeI,Rhodothermus marinus,ITI 485,CTAG,,
,MaeI,Rhodothermus marinus,ITI 486,CTAG,,
,MaeI,Rhodothermus marinus,ITI 490,CTAG,,
,MaeI,Rhodothermus marinus,ITI 495,CTAG,,
,EcoRV,Rhodothermus marinus,ITI 495,GATATC,,
,MaeI,Rhodothermus marinus,ITI 496,CTAG,,
,EcoRV,Rhodothermus marinus,ITI 496,GATATC,,
,MaeI,Rhodothermus marinus,ITI 497,CTAG,,
,EcoRV,Rhodothermus marinus,ITI 497,GATATC,,
,MaeI,Rhodothermus marinus,ITI 500,CTAG,,
,MaeI,Rhodothermus marinus,ITI 501,CTAG,,
,MaeI,Rhodothermus marinus,ITI 503,CTAG,,
,MaeI,Rhodothermus marinus,ITI 506,CTAG,,
,MaeI,Rhodothermus marinus,ITI 509,CTAG,,
,MaeI,Rhodothermus marinus,ITI 510,CTAG,,
,MaeI,Rhodothermus marinus,ITI 515,CTAG,,
,MaeI,Rhodothermus marinus,ITI 516,CTAG,,
,MaeI,Rhodothermus marinus,ITI 517,CTAG,,
,MaeI,Rhodothermus marinus,ITI 518,CTAG,,
,MaeI,Rhodothermus marinus,ITI 519,CTAG,,
,MaeI,Rhodothermus marinus,ITI 522,CTAG,,
,AsuII,Rhodothermus marinus,ITI 523,TTCGAA,,
,,Rhizobium meliloti,J.L. Denarie,?,,
,ClaI,Rhizobium meliloti,I.S. Andreeva,AT^CGAT,,
,,Rothia mucilaginosa FDAARGOS_369,B. Goldberg,GGCYAC,5(6),
,,Rattus norvegicus,S. Kohsaka,?,?(5),
,KpnNH25III,Raoultella ornithinolytica FDAARGOS_431,M. Croxen,CTRGAG,5(6),
,MboI,Raoultella ornithinolytica NCTC9152,P. Informatics,GATC,?(6),
,MboI,Raoultella ornithinolytica NCTC9155,P. Informatics,GATC,?(6),
,MboI,Raoultella ornithinolytica NCTC9164,P. Informatics,GATC,2(6),
,,Rhodopseudomonas palustris CGA009,ATCC BAA-98,GTYGGAG(11/9),6(6),
,,Rhodopseudomonas palustris BisB18,ATCC BAA-1124,CCCGCAG(20/18),?(6),
,,Rhodopseudomonas palustris BisB5,ATCC BAA-1123,CGRGGAC(20/18),?(6),
,,Rhodopseudomonas palustris TIE-1,D. Emerson,GRTGGAG,?(6),
,Yps3606I,Raoultella planticola NCTC9527,P. Informatics,CGGAAG,5(6),
,M.KpnNIH50I,Raoultella planticola NCTC13095,S. Doyle,GCYAAG,5(6),
,MboI,Raoultella planticola NCTC9179,P. Informatics,GATC,?(6),
,MboI,Raoultella planticola NCTC9527,P. Informatics,GATC,?(6),
,MboI,Raoultella planticola NCTC9528,S. Doyle,GATC,?(6),
,MboI,Raoultella planticola NCTC12998,P. Informatics,GATC,?(6),
,,Rattus rattus,H. Kimura,?,?(5),
,,Rhodospirillum rubrum,J. Chirikjian,?,,
,SalI,Rhodococcus rhodochrous,ATCC 14349,GTCGAC,,
,,Rhodococcus rhodochrous,ATCC 14349,?,,
,SalI,Rhodococcus rhodochrous,ATCC 4273,G^TCGAC,5(6),
,NaeI,Rhodococcus rhodochrous J-1,FERM BP-1478,GCC^GGC,?(5),
,,Rhodococcus rhodnii,NBRC 100604,?,,
,SalI,Rhodococcus rhodochrous,ATCC 4276,GTCGAC,,
,NruI,Rhodococcus ruber RFL5,Fermentas G359,TCG^CGA,,
,,Rhodospirillum rubrum 68,D. Yoch,?,,
,,Rhodopseudomonas sphaeroides,S. Kaplan,GT^AC,4(4),BCIJNQRVX
,RsaI,Rhodopseudomonas sphaeroides N,S.K. Degtyarev,G^TAC,,I
,MslI,Riemerella species RFL1,Fermentas G323,CAYNN^NNRTG,,B
,PvuI,Rhodobacter sphaeroides 2.4.1,S. Kaplan,CGAT^CG,1(5),
,CauII,Rhodobacter sphaeroides 2.4.1,S. Kaplan,CCSGG,,
,PvuI,Rhodopseudomonas sphaeroides,R. Lascelles,CGATCG,,
,,Rhodococcus species 008,P.C. Loewen,ACGCAG,5(6),
,,Rhodococcus species 008,P.C. Loewen,GCCCAT,5(6),
,PvuI,Rhodobacter sphaeroides 2.4.1 JZ,J. Zeilstra-Ryalls,CGATCG,1(5),
,HinfI,Rhizobium species CCGE531,S.T. Ramirez-Puebla,GANTC,2(6),
,,Rhizobium species CCGE531,S.T. Ramirez-Puebla,CACACG,4(6),
,HinfI,Rhizobium species CCGE532,S.T. Ramirez-Puebla,GANTC,2(6),
,SphI,Rhodococcus species LK2,N.I. Matvienko,GCATG^C,,
,BamHI,Rhodococcus species LK2,N.I. Matvienko,G^GATCC,,
,,Rhodococcus species PBTS2,R. Stamer,CTTCGAG,6(6),
,BglI,Roseiflexus species RS-1,D. Bryant,GCCNNNNNGGC,,
,BspHI,Rhodococcus species,W.-C. Tsui,T^CATGA,,
,EcoRI,Rhodobacter sphaeroides strain 630,S. Kaplan,G^AATTC,3(6),
,,Rhodobacter sphaeroides strain 630,S. Kaplan,CG^GWCCG,?(5),NQX
,RsrII,Rhodobacter sphaeroides SE-I2,S.K. Degtyarev,CG^GWCCG,,IV
,MboI,Raoultella terrigena NCTC9185,P. Informatics,GATC,2(6),
,MboI,Raoultella terrigena NCTC13038,P. Informatics,GATC,2(6),
,MboI,Raoultella terrigena NCTC13097,S. Doyle,GATC,2(6),
,SalI,Rhizobium trifolii,L.R. Lebedev,G^TCGAC,,
,BbvII,Rhizobium trifolii 20,V.E. Repin,GAAGAC,,
,SalI,Rhizobium trifolii 63,V.E. Repin,G^TCGAC,,
,,Rathayibacter tritici NCPPB 1953,J. Park,TGANNNNNNTGA,"3(6),-3(6)",
,HaeIII,Bacillus subtilis phage SPBeta,T.A. Trautner,"GGCC,GCNGC","3(5), 2(5)",
,HaeIII,Bacillus subtilis phage SPR,T.A. Trautner,"GGCC,CCGG,CCWGG","3(5), 1(5), 2(5)",
,SacII,Streptomyces alanosinicus,ATCC 15710,CCGCGG,,
,SacII,Streptomyces albohelvatus,ATCC 19820,CCGCGG,,
,,Streptomyces achromogenes,ATCC 12767,GAGCT^C,4(5),BJNOQRSVX
,,Streptomyces achromogenes,ATCC 12767,CCGC^GG,2(5),JNOQVX
,,Streptomyces achromogenes,ATCC 12767,?,,
,NaeI,Streptomyces achromogenes,ATCC 21353,GCCGGC,,
,HgiJII,Streptomyces achromogenes N-J-H,A.J. Podhajska,GRGCY^C,,
,,Spirochaeta africana DSM 8902,DSM 8902,CAATNAG,6(6),
,HaeIII,Streptococcus agalactiae B96,M.T. Poch,GGCC,,
,PstI,Streptococcus agalactiae 16,I. Mikula,CTGCA^G,,
,PstI,Streptococcus agalactiae 23,I. Mikula,CTGCA^G,,
,,Streptococcus agalactiae TFJ0901,X.B. Mo,GCAAAT,5(6),
,Sag901I,Streptococcus agalactiae NCTC8187,S. Doyle,GCAAAT,5(6),
,Sag901I,Streptococcus agalactiae NCTC11242,S. Doyle,GCAAAT,5(6),
,Sag901I,Streptococcus agalactiae NCTC13948,S. Doyle,GCAAAT,5(6),
,Sag901I,Streptococcus agalactiae NCTC13949,P. Informatics,GCAAAT,5(6),
,SimI,Staphylococcus auricularis RFL18,A. Janulaitis,GGGTC,,
,SacII,Streptomyces akiyoshiensis,ATCC 13480,CCGCGG,,
,,Streptomyces albus G,ATCC 49789,G^TCGAC,5(6),BCIJNOQRVX
,,Streptomyces albus G,ATCC 49789,?,,
,PstI,Streptomyces albus 13,V.E. Repin,CTGCAG,,
,XhoI,Streptomyces albus 1974,U. Mayr,CTCGAG,,
,MboI,Streptomyces albus,ATCC 21725,GATC,,
,NaeI,Streptomyces albus,ATCC 21290,GCCGGC,,
,NruI,Streptomyces albus,ATCC 21132,TCGCGA,,
,MboI,Shewanella algae 150735,A.J. Martin-Rodriguez,GATC,2(6),
,MboI,Streptomyces albulus,ATCC 12757,GATC,,
,PstI,Streptomyces albus,CMI 52766,CTGCA^G,,
,,Salmonella anatum,Y. Yoshida,?,,
,,Streptomyces species,T.G. Simcox,GG^GWCCC,,
,NaeI,Streptomyces albofaciens,ATCC 25184,GCCGGC,,
,,Saccharopolyspora species,NEB 597,GCTCTTC(1/4),"2(4),-5(6)",N
,MseI,Salinibacterium aquaticus RFL1,Fermentas G362,T^TAA,,
,StuI,Streptomyces aureomonopodiales,ATCC 19825,AGG^CCT,,
,BseRI,Sphingomonas asaccharolytica RFL2,Fermentas G330,GAGGAG,,
,Fnu4HI,Staphylococcus arlettae RFL 832,V. Butkus,GC^NGC,,B
,,Streptomyces aureofaciens IKA 18/4,J. Timko,CC^TNAGG,,
,AsuI,Staphylococcus aureus RFL2,A. Janulaitis,GGNCC,,
,AsuI,Staphylococcus aureus RFL5,A. Janulaitis,GGNCC,,
,KpnI,Staphylococcus aureus RFL10,A. Janulaitis,GGTACC,,
,Eco31I,Staphylococcus aureus RFL12,A. Janulaitis,GGTCTC,,
,AsuI,Staphylococcus aureus RFL13,A. Janulaitis,GGNCC,,
,AsuI,Staphylococcus aureus RFL14,A. Janulaitis,GGNCC,,
,MboI,Staphylococcus aureus RFL15,A. Janulaitis,GATC,,
,EcoRII,Staphylococcus aureus RFL16,A. Janulaitis,CCWGG,,
,AsuI,Staphylococcus aureus RFL17,A. Janulaitis,GGNCC,,
,AsuI,Staphylococcus aureus 32,I. Mikula,GGNCC,,
,AsuI,Staphylococcus aureus 33,I. Mikula,GGNCC,,
,,Staphylococcus aureus 42CR3-L,D.C. Coleman,?,?(6),
,SmlI,Staphylococcus aureus 90,I. Mikula,CTYRAG,,
,SmlI,Staphylococcus aureus 93,I. Mikula,CTYRAG,,
,AsuI,Staphylococcus aureus PS96,ATCC 49831,G^GNCC,4(5),JNV
,SmlI,Staphylococcus aureus 98,I. Mikula,CTYRAG,,
,AsuI,Staphylococcus aureus 557,V.E. Repin,GGNCC,,
,,Staphylococcus aureus NCTC1803,P. Informatics,CGANNNNNNTAC,"3(6),-3(6)",
,XhoI,Streptomyces aureofaciens,CCM 3239,C^TCGAG,5(6),
,,Staphylococcus aureus NCTC5656,S. Doyle,GTTGCA,6(6),
,MboI,Staphylococcus aureus 6782,E.E. Arutyunyan,GATC,,
,Sau64037IV,Staphylococcus aureus NCTC7718,S. Doyle,GTANNNNNNTGG,"3(6),-3(6)",
,Sau1803III,Staphylococcus aureus NCTC7988,P. Informatics,CGANNNNNNTAC,"3(6),-3(6)",
,Sau1803III,Staphylococcus aureus NCTC9555,P. Informatics,CGANNNNNNTAC,"3(6),-3(6)",
,M.MjaIX,Staphylococcus aureus NCTC11963,S. Doyle,YACNNNNNTGG,"2(6),-3(6)",
,M.MjaIX,Staphylococcus aureus NCTC12035,S. Doyle,CCANNNNNGTR,"3(6),-2(6)",
,M.MjaIX,Staphylococcus aureus NCTC13142,P. Informatics,YACNNNNNTGG,"2(6),-3(6)",
,M.MjaIX,Staphylococcus aureus NCTC13616,P. Informatics,YACNNNNNTGG,"2(6),-3(6)",
,,Streptomyces aureofaciens IKA 22201,J. Timko,?,,
,,Staphylococcus aureus CFSAN064037,M. Hoffmann,GTANNNNNNTGG,"3(6),-3(6)",
,NaeI,Streptomyces aureofaciens,ATCC 15852,GCCGGC,,
,MboI,Staphylococcus aureus 3A,ATCC 49834,^GATC,4(5),CJNVX
,AsuI,Staphylococcus aureus,DSM 20652,GGNCC,,
,NaeI,Streptomyces aureofaciens strain BM-K,J. Timko,GCC^GGC,,
,MboI,Staphylococcus aureus 3C,NCTC 8327,GATC,,
,MboI,Staphylococcus aureus 55,NCTC 8358,GATC,,
,MboI,Staphylococcus aureus 71,NCTC 9315,GATC,,
,MboI,Staphylococcus aureus 879,E.E. Stobberingh,GATC,,
,MboI,Staphylococcus aureus 1030,E.E. Stobberingh,GATC,,
,SauI,Streptomyces aureofaciens 13,J. Muchova,CCTNAGG,,
,NaeI,Streptomyces aureofaciens R8/26,P. Pristas,GCC^GGC,,
,NaeI,Streptomyces aureofaciens B-96,P. Pristas,GCC^GGC,2(5),
,XhoI,Streptomyces aureofaciens B-96,P. Pristas,C^TCGAG,,
,MboI,Staphylococcus aureus M,CAMB 2545,^GATC,,
,,Staphylococcus aureus MJ015,P. Zhu,GARCNAG,6(6),
,NaeI,Streptomyces aureofaciens NMU,P. Pristas,GCC^GGC,,
,S.SauN315I,Staphylococcus aureus N315,K. Aoki,AGGNNNNNGAT,"1(6),-1(6)",
,NaeI,Streptomyces aureofaciens 16,P. Pristas,GCC^GGC,,
,,Staphylococcus aureus RN450,R. Novick,?,,
,SmlI,Staphylococcus aureus 96m,I. Mikula,CTYRAG,,
,PvuII,Salmonella bareilly,Y. Yoshida,CAGCTG,,
,,Sphingobacteriaceae bacterium GW460-11-11-14-LB5,J. Ray,GGNGAYG,5(6),
,MboI,Salmonella enterica subs. enterica serovar Bareilly CFSAN000189,D. Roberson,GATC,2(6),
,Sse8387I,Streptomyces species Bf-61,S.K. Degtyarev,CCTGCA^GG,6(6),INV
,DpnI,Streptomyces bambergiensis S712,C.R. Hutchinson,GATC,,
,XhoI,Streptomyces bikiniensis JAM68,S.K. Degtyarev,C^TCGAG,,
,StyI,Salmonella blockley YY156,Y. Yoshida,CCWWGG,,
,StyI,Salmonella blockley YY176,Y. Yoshida,CCWWGG,,
,StyI,Salmonella blockley YY242,Y. Yoshida,CCWWGG,,
,SacII,Streptomyces bobili,ATCC 3310,CCGCGG,,
,NruI,Shigella boydii 13,NCTC 9361,TCG^CGA,,
,,Streptococcus bovis AG46,W. Kelly,TGAAC,4(6),
,MboI,Shigella boydii 54-1621,J.Y. Kim,GATC,2(6),
,MboI,Shigella boydii NCTC 9734,NCTC 9734,GATC,2(6),
,MboI,Shigella boydii ATCC 12034,ATCC 12034,GATC,2(6),
,MboI,Salmonella bongori NCTC 12419,ATCC 43975,GATC,2(6),
,MboI,Shigella boydii NCTC12985,S. Doyle,GATC,?(6),
,MboI,Shigella boydii ATCC 35965,ATCC 35965,GATC,2(6),
,MboI,Shigella boydii ATCC 49812,ATCC 49812,GATC,2(6),
,EcoRII,Shigella boydii 54-1621,J.Y. Kim,CCWGG,?(5),
,,Salmonella bredeney,Y. Yoshida,?,,
,HaeIII,Streptococcus bovis II/1,P. Javorsky,GG^CC,,
,,Streptomyces caespitosus,H. Takahashi,AGT^ACT,5(4),BCJNOQVX
,XhoI,Streptomyces carneus 1827,U. Mayr,CTCGAG,,
,NaeI,Saccharomyces cerevisiae,H.P. Zassenhaus,G^CCGGC,,
,FnuDII,Synechococcus cedrorum,ATCC 29140,CGCG,,
,EcoRII,Streptomyces hybrid,A.V. Orekhov,CCWGG,,
,PleI,Staphylococcus cohnii Lki 19-320,V. Butkus,GAGTC(5/5),,B
,SacII,Streptomyces chusanensis ZS-2,M.-C. Kao,CCGC^GG,,
,XhoI,Streptoverticillium cinnamoneum,S.T. Williams,CTC^GAG,,
,XhoI,Streptomyces circulatus 1831,U. Mayr,CTCGAG,,
,BstEII,Synechocystis species,ATCC 27175,GGTNACC,,
,PvuII,Synechocystis species,ATCC 27175,CAGCTG,,
,XhoI,Streptoverticillium cinnamoneum,Glaxo 2566C,CTCGAG,,
,HhaI,Spiroplasma citri ASP2,M.A. Stephens,G^CGC,,
,SacI,Streptomyces coelicolor,ATCC 10147,GAGCTC,,
,PstI,Streptomyces corchorusii,ATCC 25444,CTGCAG,,
,,Streptomyces coelicolor A3(2),D.A. Hopwood,?,,
,,Staphylococcus cohnii SNUDS-2,J.H. Kim,GCTAAT,5(6),
,ApaLI,Salinivibrio costicola,NEB 1324,GTGCAC,,
,,Streptococcus cremoris F,C. Daly,CC^NGG,2(5),JNVX
,XhoI,Streptomyces cupidosporus,KCC S0316,CTCGAG,,
,Sse8387I,Streptomyces diastaticus Ng7-324,V. Butkus,CCTGCA^GG,,BV
,BisI,Saccharophagus degradans 2-40,ATCC 43961,GCNGC,,
,,Sulfurimonas denitrificans DSM 1251,DSM 1251,CAGRAG(21/19),5(6),
,EcoRII,Sulfurimonas denitrificans DSM 1251,DSM 1251,^CCWGG,2(5),
,,Shewanella denitrificans OS217,DSM 15013,(11/13)GACNNNNRTGA(12/10),?(6),
,SfiI,Streptomyces diastaticus,F. Kimizuka,GGCCNNNN^NGGCC,,
,XhoI,Streptomyces diastatochromogenes,M. Bae,CTCGAG,,
,,Streptococcus durans RFL3,A. Janulaitis,GDGCH^C,,B
,AsuI,Streptococcus dysgalactiae,ATCC 9926,GGNCC,,
,,Streptococcus dysgalactiae subsp. equisimilis NCTC5370,S. Doyle,CACNNNNNTCY,"2(6),-3(6)",
,FinI,Streptococcus dysgalactiae subsp. equisimilis NCTC6407,P. Informatics,GTCCC,"?(6),-4(6)",
,,Streptococcus dysgalactiae subsp. equisimilis NCTC7136,S. Doyle,GAGNNNNNTAA,"2(6),-3(6)",
,,Streptococcus dysgalactiae subsp. equisimilis NCTC9603,P. Informatics,GCANNNNNNNTGA,"3(6),-3(6)",
,FinI,Streptococcus dysgalactiae subsp. equisimilis NCTC10321,P. Informatics,GGGAC,4(6),
,FinI,Streptococcus dysgalactiae NCTC13762,S. Doyle,GGGAC,4(6),
,SmlI,Streptococcus dysgalactiae NCTC13762,S. Doyle,CTYRAG,5(6),
,MboI,Shigella dysenteriae 80-547,J.Y. Kim,GATC,2(6),
,MboI,Shigella dysenteriae 07-3308,J.Y. Kim,GATC,2(6),
,MboI,Shigella dysenteriae 08-3380,J.Y. Kim,GATC,2(6),
,MboI,Shigella dysenteriae 69-3818,J.Y. Kim,GATC,2(6),
,MboI,Shigella dysenteriae 53-3937,J.Y. Kim,GATC,2(6),
,MboI,Shigella dysenteriae NCTC4837,S. Doyle,GATC,2(6),
,MboI,Shigella dysenteriae NCTC 9718,NCTC 9718,GATC,2(6),
,MboI,Shigella dysenteriae CFSAN010954,ATCC 9750,GATC,2(6),
,MboI,Shigella dysenteriae ATCC 12039,ATCC 12039,GATC,2(6),
,MboI,Shigella dysenteriae ATCC 13313,ATCC 13313,GATC,2(6),
,MboI,Shigella dysenteriae E670/74,ATCC 49345,GATC,2(6),
,,Synechocystis species 6701,ATCC 27170,C^CNNGG,,
,HpaII,Synechocystis species 6701,ATCC 27170,CCGG,,
,SauI,Synechocystis species 6701,ATCC 27170,CCTNAGG,,
,FnuDII,Synechococcus elongatus,H. Kotani,^CGCG,,
,AsuI,Synechococcus elongatus T3,L. Wu,GGNCC,,
,EcoRII,Synechococcus elongatus PCC 7942,PCC 7942,CCWGG,?(5),
,SenTFIV,Salmonella enterica subsp. enterica serovar Typhimurium SARA13,E.A. Strain,GATCAG,5(6),
,M.EcoNIH6II,Salmonella enterica subsp. enterica serovar Saintpaul SGB23,Y. Ding,ATGAAG,5(6),
,SenTFIV,Salmonella enterica subsp. enterica serovar Typhimurium AR_0031,J.A. Segre,GATCAG,5(6),
,SenTFIV,Salmonella enterica subsp. enterica serovar Typhimurium NCTC74,S. Doyle,GATCAG,5(6),
,EcoMVII,Salmonella enterica subsp. enterica serovar Saintpaul FDAARGOS_373,B. Goldberg,CANCATC,5(6),
,SenTFIV,Salmonella enterica subsp. enterica serovar Enteritidis 92-0392,D.A. Tadesse,GATCAG,5(6),
,SenTFIV,Salmonella enterica subsp. enterica serovar Typhimurium CDC 2011K-0870,D.M. Harhay,GATCAG,5(6),
,SenTFIV,Salmonella enterica subsp. enterica serovar Typhimurium str. 08-1736,E.A. Strain,GATCAG,5(6),
,SenTFIV,Salmonella enterica subsp. enterica serovar Typhimurium USDA-ARS-USMARC-1878,S.V. Nguyen,GATCAG,5(6),
,SenTFIV,Salmonella enterica subsp. enterica serovar Typhimurium USDA-ARS-USMARC-1880,S.V. Nguyen,GATCAG,5(6),
,SenTFIV,Salmonella enterica subsp. enterica serovar Typhimurium USDA-ARS-USMARC-1896,S.V. Nguyen,GATCAG,5(6),
,SenTFIV,Salmonella enterica subsp. enterica serovar Typhimurium USDA-ARS-USMARC-1898,S.V. Nguyen,GATCAG,5(6),
,SenTFIV,Salmonella enterica subsp. enterica serovar Typhimurium USDA-ARS-USMARC-1906,S.V. Nguyen,GATCAG,5(6),
,SenTFIV,Salmonella enterica subsp. enterica serovar Typhimurium USDA-ARS-USMARC-1908,S.V. Nguyen,GATCAG,5(6),
,SenTFIV,Salmonella enterica subsp. enterica serovar Typhimurium USDA-ARS-USMARC-1910,S.V. Nguyen,GATCAG,5(6),
,Sen5794III,Salmonella enterica subsp. enterica serovar Poona NCTC4840,S. Doyle,ACGAACB,5(6),
,SenTFIV,Salmonella enterica subsp. enterica NCTC5713,S. Doyle,GATCAG,5(6),
,SenA1673III,Salmonella enterica subsp. enterica serovar Derby NCTC5722,S. Doyle,GNGGCAG,6(6),
,,Salmonella enterica NCTC5794,S. Doyle,ACGAACB,5(6),
,SenA1673III,Salmonella enterica subsp. enterica NCTC5798,S. Doyle,GNGGCAG,6(6),
,Sen17963III,Salmonella enterica NCTC5800,S. Doyle,CCAAAC,5(6),
,,Salmonella enterica subsp. enterica NCTC6480,S. Doyle,GTTCAT,5(6),
,SenTFIV,Salmonella enterica NCTC8392,S. Doyle,GATCAG,5(6),
,SenSARA26III,Salmonella enterica subsp. enterica NCTC9787,S. Doyle,ACRCAG,5(6),
,Sen17963III,Salmonella enterica NCTC9884,S. Doyle,CCAAAC,5(6),
,SmaUMH5I,Salmonella enterica subsp. enterica serovar Senftenberg NCTC10080,S. Doyle,CTTGAC,5(6),
,SenTFIV,Salmonella enterica subsp. enterica serovar Typhimurium NCTC12023,S. Doyle,GATCAG,5(6),
,SenTFIV,Salmonella enterica subsp. enterica NCTC12116,S. Doyle,GATCAG,5(6),
,SenTFIV,Salmonella enterica subsp. enterica NCTC12416,S. Doyle,GATCAG,5(6),
,SenTFIV,Salmonella enterica subsp. enterica serovar Typhimurium,ATCC 13311,GATCAG,5(6),
,SenTFIV,Salmonella enterica subsp. enterica serovar Typhimurium NCTC13348,P. Informatics,GATCAG,5(6),
,,Salmonella enterica subsp. enterica serovar Minnesota CFSAN017963,M. Hoffmann,CCAAAC,5(6),
,SenTFIV,Salmonella enterica subsp. enterica 16A242,Y. Kim,GATCAG,5(6),
,,Salmonella enterica subsp. enterica serovar Poona ATCC BAA-1673,ATCC BAA-1673,GNGGCAG,6(6),
,EcoRII,Salmonella enterica subsp. enterica 16A242,Y. Kim,CCWGG,?(5),
,M.SenLT7I,"Salmonella enterica subsp. arizonae serovar 62:z4,z23:--",ATCC BAA-731,CAGAG,4(6),
,MboI,"Salmonella enterica subsp. arizonae serovar 62:z4,z23:--",ATCC BAA-731,GATC,2(6),
,MboI,Salmonella enterica subsp. enterica serovar Abaetetuba CFSAN000658,E.A. Strain,GATC,2(6),
,MboI,Salmonella enterica subsp. enterica serovar Abony CFSAN001275,E.A. Strain,GATC,2(6),
,EcoRII,Salmonella enterica subsp. enterica serovar Anatum CFSAN000665,E.A. Strain,CCWGG,2(5),
,SenTFIV,Salmonella enterica subsp. enterica serovar Typhimurium USDA-ARS-USMARC-1808,S.V. Nguyen,GATCAG,5(6),
,SenTFIV,Salmonella enterica subsp. enterica serovar Typhimurium USDA-ARS-USMARC-1810,S.V. Nguyen,GATCAG,5(6),
,Cdu23823II,Salmonella enterica subsp. enterica serovar Madelia NCTC6482,S. Doyle,GTGAAG,5(6),
,MboI,Salmonella enterica subsp. enterica serovar Madelia NCTC6482,S. Doyle,GATC,?(6),
,MboI,Salmonella enterica subsp. arizonae NCTC7299,S. Doyle,GATC,2(6),
,MboI,Salmonella enterica subsp. arizonae NCTC7304,S. Doyle,GATC,?(6),
,MboI,Salmonella enterica NCTC9854,S. Doyle,GATC,2(6),
,EcoRII,Salmonella enterica subsp. enterica serovar Anatum USDA-ARS-USMARC-1765,S.V. Nguyen,CCWGG,1(5),
,,Salmonella enterica Cerro 87,A. Fomenkov,?,,
,,Salmonella enterica Cerro 87,A. Fomenkov,?,,
,,Salmonella enterica Cerro 87,A. Fomenkov,?,,
,MboI,Salmonella enterica subsp. enterica serovar Saintpaul SGB23,Y. Ding,GATC,2(6),
,MboI,Salmonella enterica subsp. enterica NCTC92,S. Doyle,GATC,?(6),
,MboI,Salmonella enterica FDAARGOS_313,S. Zhao,GATC,2(6),
,MboI,Salmonella enterica subsp. enterica serovar Thompson CFSAN000738,ATCC BAA-1738,GATC,2(6),
,MboI,Salmonella enterica subsp. enterica serovar Montevideo CDC 07-0954,S.V. Nguyen,GATC,2(6),
,MboI,Salmonella enterica subsp. enterica serovar Enteritidis 74-1357,D.A. Tadesse,GATC,2(6),
,MboI,Salmonella enterica subsp. enterica serovar Anatum USDA-ARS-USMARC-1764,D.M. Harhay,GATC,2(6),
,MboI,Salmonella enterica subsp. enterica serovar Anatum USDA-ARS-USMARC-1781,S.V. Nguyen,GATC,2(6),
,MboI,Salmonella enterica subsp. diarizonae 11-01853,R.G. Gerlach,GATC,2(6),
,MboI,Salmonella enterica subsp. enterica serovar Typhimurium USDA-ARS-USMARC-1896,S.V. Nguyen,GATC,2(6),
,MboI,Salmonella enterica subsp. enterica serovar Typhimurium USDA-ARS-USMARC-1898,S.V. Nguyen,GATC,2(6),
,MboI,Salmonella enterica subsp. enterica serovar Montevideo USMARC-1901,S.V. Nguyen,GATC,?(6),
,MboI,Salmonella enterica subsp. enterica serovar Typhimurium USDA-ARS-USMARC-1908,S.V. Nguyen,GATC,2(6),
,MboI,Salmonella enterica subsp. enterica serovar Montevideo USMARC-1912,S.V. Nguyen,GATC,2(6),
,MboI,Salmonella enterica subsp. enterica serovar Newport USMARC-1927,D.M. Harhay,GATC,2(6),
,MboI,Salmonella enterica subsp. enterica serovar Infantis FSIS1502169,J. Folster,GATC,2(6),
,MboI,Salmonella enterica subsp. enterica serovar Infantis FSIS1502916,J. Folster,GATC,2(6),
,MboI,Salmonella enterica NCTC3072,S. Doyle,GATC,?(6),
,MboI,Salmonella enterica subsp. enterica serovar Infantis CFSAN003307,M. Hoffmann,GATC,2(6),
,MboI,Salmonella enterica subsp. enterica serovar Newport CFSAN003387,M. Hoffmann,GATC,2(6),
,MboI,Salmonella enterica subsp. enterica serovar Typhimurium ER3625,J. Zaworski,GATC,2(6),
,MboI,Salmonella enterica subsp. enterica serovar Typhimurium ATCC 14028,ATCC 14028,GATC,?(6),
,MboI,Salmonella enterica subsp. enterica serovar Saintpaul CFSAN004173,M. Hoffmann,GATC,2(6),
,MboI,Salmonella enterica subsp. enterica serovar Saintpaul CFSAN004174,M. Hoffmann,GATC,2(6),
,MboI,Salmonella enterica subsp. enterica serovar Saintpaul CFSAN004175,M. Hoffmann,GATC,2(6),
,MboI,Salmonella enterica subsp. enterica NCTC4444,S. Doyle,GATC,?(6),
,MboI,Salmonella enterica subsp. enterica serovar Java NCTC5706,P. Informatics,GATC,2(6),
,MboI,Salmonella enterica subsp. enterica serovar Heidelberg NCTC5717,S. Doyle,GATC,2(6),
,MboI,Salmonella enterica subsp. enterica serovar Derby NCTC5722,S. Doyle,GATC,2(6),
,MboI,Salmonella enterica subsp. enterica serovar Choleraesuis NCTC5735,S. Doyle,GATC,?(6),
,MboI,Salmonella enterica subsp. enterica serovar Virchow NCTC5742,S. Doyle,GATC,2(6),
,MboI,Salmonella enterica subsp. enterica serovar Oranienburg NCTC5743,S. Doyle,GATC,2(6),
,MboI,Salmonella enterica subsp. enterica serovar Montevideo NCTC5747,S. Doyle,GATC,?(6),
,MboI,Salmonella enterica subsp. enterica serovar Sendai NCTC5772,S. Doyle,GATC,2(6),
,MboI,Salmonella enterica subsp. salamae NCTC5773,P. Informatics,GATC,2(6),
,MboI,Salmonella enterica NCTC5785,S. Doyle,GATC,?(6),
,MboI,Salmonella enterica subsp. enterica serovar Aberdeen NCTC5791,S. Doyle,GATC,2(6),
,MboI,Salmonella enterica NCTC5797,S. Doyle,GATC,2(6),
,MboI,Salmonella enterica subsp. enterica NCTC5798,S. Doyle,GATC,?(6),
,MboI,Salmonella enterica subsp. enterica NCTC6024,S. Doyle,GATC,?(6),
,MboI,Salmonella enterica subsp. enterica serovar Havana NCTC6086,P. Informatics,GATC,2(6),
,MboI,Salmonella enterica subsp. enterica serovar Infantis NCTC6703,S. Doyle,GATC,2(6),
,MboI,Salmonella enterica subsp. enterica NCTC6759,P. Informatics,GATC,2(6),
,MboI,Salmonella enterica subsp. enterica serovar Hartford NCTC6802,S. Doyle,GATC,?(6),
,MboI,Salmonella enterica NCTC7101,S. Doyle,GATC,?(6),
,MboI,Salmonella enterica NCTC7112,S. Doyle,GATC,?(6),
,MboI,Salmonella enterica subsp. arizonae NCTC7302,S. Doyle,GATC,2(6),
,MboI,Salmonella enterica subsp. arizonae NCTC7303,S. Doyle,GATC,?(6),
,MboI,Salmonella enterica subsp. arizonae NCTC7308,S. Doyle,GATC,?(6),
,MboI,Salmonella enterica NCTC7346,S. Doyle,GATC,?(6),
,MboI,Salmonella enterica NCTC7388,S. Doyle,GATC,2(6),
,MboI,Salmonella enterica subsp. enterica serovar Sanjuan NCTC7406,P. Informatics,GATC,2(6),
,MboI,Salmonella enterica subsp. enterica NCTC7411,P. Informatics,GATC,2(6),
,MboI,Salmonella enterica subsp. enterica NCTC7831,P. Informatics,GATC,2(6),
,MboI,Salmonella enterica subsp. enterica NCTC7832,S. Doyle,GATC,?(6),
,MboI,Salmonella enterica subsp. enterica NCTC7836,S. Doyle,GATC,2(6),
,MboI,Salmonella enterica subsp. enterica NCTC8267,P. Informatics,GATC,2(6),
,MboI,Salmonella enterica subsp. salamae NCTC8273,P. Informatics,GATC,2(6),
,MboI,Salmonella enterica subsp. arizonae NCTC8297,S. Doyle,GATC,2(6),
,MboI,Salmonella enterica subsp. enterica serovar Thompson NCTC8496,S. Doyle,GATC,2(6),
,MboI,Salmonella enterica subsp. enterica serovar Singapore NCTC8705,S. Doyle,GATC,?(6),
,MboI,Salmonella enterica subsp. enterica serovar Paratyphi A NCTC9322,S. Doyle,GATC,2(6),
,MboI,Salmonella enterica subsp. salamae NCTC9606,S. Doyle,GATC,2(6),
,MboI,Salmonella enterica subsp. enterica NCTC9684,P. Informatics,GATC,2(6),
,MboI,Salmonella enterica subsp. enterica NCTC9787,S. Doyle,GATC,2(6),
,MboI,Salmonella enterica subsp. enterica NCTC9868,S. Doyle,GATC,?(6),
,MboI,Salmonella enterica subsp. salamae serovar Greenside NCTC9936,S. Doyle,GATC,2(6),
,MboI,Salmonella enterica subsp. diarizonae NCTC10060,S. Doyle,GATC,?(6),
,MboI,Salmonella enterica NCTC10252,S. Doyle,GATC,2(6),
,MboI,Salmonella enterica subsp. salamae NCTC10310,S. Doyle,GATC,2(6),
,MboI,Salmonella enterica subsp. enterica,NCTC 10384,GATC,2(6),
,MboI,Salmonella enterica subsp. houtenae serovar Houten NCTC10401,S. Doyle,GATC,2(6),
,MboI,Salmonella enterica subsp. enterica serovar Pullorum NCTC10705,S. Doyle,GATC,2(6),
,MboI,Salmonella enterica NCTC10718,S. Doyle,GATC,2(6),
,MboI,Salmonella enterica subsp. enterica serovar Tennessee ATCC 10722,ATCC 10722,GATC,2(6),
,MboI,Salmonella enterica subsp. enterica serovar Pomona,ATCC 10729,GATC,2(6),
,MboI,Salmonella enterica subsp. enterica NCTC12116,S. Doyle,GATC,?(6),
,MboI,Salmonella enterica subsp. enterica NCTC12416,S. Doyle,GATC,?(6),
,MboI,Salmonella enterica subsp. diarizonae NCTC12417,P. Informatics,GATC,2(6),
,MboI,Salmonella enterica subsp. houtenae NCTC12418,P. Informatics,GATC,?(6),
,MboI,Salmonella enterica subsp. indica NCTC12420,S. Doyle,GATC,2(6),
,MboI,Salmonella enterica subsp. enterica serovar Goldcoast NCTC13175,P. Informatics,GATC,2(6),
,MboI,Salmonella enterica subsp. enterica serovar Enteritidis NCTC13349,S. Doyle,GATC,?(6),
,MboI,Salmonella enterica subsp. enterica serovar Newport WA_14882,E.A. Strain,GATC,2(6),
,MboI,Salmonella enterica subsp. enterica serovar Sloterdijk,ATCC 15791,GATC,2(6),
,MboI,Salmonella enterica subsp. enterica serovar Infantis CVM44454,J. Folster,GATC,2(6),
,MboI,Salmonella enterica CFSAN045763,J.A. Haendiges,GATC,2(6),
,MboI,Salmonella enterica subsp. enterica serovar Albany ATCC 51960,ATCC 51960,GATC,2(6),
,MboI,Salmonella enterica subsp. enterica serovar Infantis N55391,J. Folster,GATC,2(6),
,MboI,Salmonella enterica CFSAN064033,M. Hoffmann,GATC,2(6),
,MboI,Salmonella enterica subsp. enterica serovar Fresno USMARC-69835,D.M. Harhay,GATC,2(6),
,MboI,Salmonella enterica subsp. enterica serovar Oranienburg CFSAN076211,J. Haendiges,GATC,2(6),
,MboI,Salmonella enterica subsp. enterica serovar Enteritidis CFSAN076214,J. Haendiges,GATC,2(6),
,EcoRII,Salmonella enterica subsp. enterica serovar Typhimurium SARA13,E.A. Strain,CCWGG,?(5),
,EcoRII,Salmonella enterica subsp. enterica serovar Typhimurium AR_0031,J.A. Segre,CCWGG,?(5),
,EcoRII,Salmonella enterica subsp. enterica serovar Typhi B/SF/13/03/195,A. Ismail,CCWGG,1(5),
,EcoRII,Salmonella enterica subsp. enterica serovar Montevideo str. 507440-20,E.A. Strain,CCWGG,1(5),
,EcoRII,Salmonella enterica subsp. enterica serovar Enteritidis 92-0392,D.A. Tadesse,CCWGG,?(6),
,EcoRII,Salmonella enterica subsp. enterica serovar Montevideo CDC 07-0954,S.V. Nguyen,CCWGG,1(5),
,EcoRII,Salmonella enterica subsp. enterica serovar Oranienburg 0250,E.A. Strain,CCWGG,?(5),
,EcoRII,Salmonella enterica subsp. enterica serovar Tennessee CFSAN001387,E.A. Strain,CCWGG,?(5),
,EcoRII,Salmonella enterica subsp. enterica serovar Enteriditis 77-1427,E.A. Strain,CCWGG,?(5),
,EcoRII,Salmonella enterica subsp. enterica serovar Anatum USDA-ARS-USMARC-1677,S.V. Nguyen,CCWGG,?(5),
,EcoRII,Salmonella enterica subsp. enterica serovar Anatum USDA-ARS-USMARC-1781,S.V. Nguyen,CCWGG,?(5),
,EcoRII,Salmonella enterica subsp. enterica serovar Anatum USDA-ARS-USMARC-1783,S.V. Nguyen,CCWGG,1(5),
,EcoRII,Salmonella enterica subsp. diarizonae 11-01853,R.G. Gerlach,CCWGG,?(5),
,EcoRII,Salmonella enterica subsp. enterica serovar Typhimurium USDA-ARS-USMARC-1880,S.V. Nguyen,CCWGG,1(5),
,EcoRII,Salmonella enterica subsp. enterica serovar Montevideo USMARC-1900,S.V. Nguyen,CCWGG,1(5),
,EcoRII,Salmonella enterica subsp. enterica serovar Montevideo USMARC-1901,S.V. Nguyen,CCWGG,1(5),
,EcoRII,Salmonella enterica subsp. enterica serovar Newport USMARC-1929,D. Harhay,CCWGG,2(5),
,EcoRII,Salmonella enterica subsp. enterica serovar Montevideo CDC 08-1942,S.V. Nguyen,CCWGG,2(5),
,EcoRII,Salmonella enterica subsp. enterica serovar Infantis CFSAN003307,M. Hoffmann,CCWGG,?(5),
,EcoRII,Salmonella enterica subsp. enterica serovar Saintpaul CFSAN004173,M. Hoffmann,CCWGG,?(5),
,EcoRII,Salmonella enterica subsp. enterica serovar Saintpaul CFSAN004174,M. Hoffmann,CCWGG,?(5),
,EcoRII,Salmonella enterica subsp. enterica serovar Saintpaul CFSAN004175,M. Hoffmann,CCWGG,?(5),
,EcoRII,Salmonella enterica subsp. enterica serovar Derby NCTC5722,S. Doyle,CCWGG,?(5),
,EcoRII,Salmonella enterica NCTC5800,S. Doyle,CCWGG,?(5),
,EcoRII,Salmonella enterica NCTC6022,S. Doyle,CCWGG,?(5),
,EcoRII,Salmonella enterica subsp. enterica serovar Bredeney NCTC6026,S. Doyle,CCWGG,?(5),
,EcoRII,Salmonella enterica NCTC8392,S. Doyle,CCWGG,2(5),
,EcoRII,Salmonella enterica subsp. enterica serovar Pullorum,ATCC 9120,CCWGG,2(5),
,EcoRII,Salmonella enterica subsp. diarizonae NCTC10381,S. Doyle,CCWGG,?(5),
,EcoRII,Salmonella enterica subsp. enterica serovar Choleraesuis,ATCC 10708,CCWGG,2(5),
,EcoRII,Salmonella enterica subsp. enterica serovar Typhimurium,ATCC 13311,CCWGG,2(5),
,EcoRII,Salmonella enterica subsp. enterica serovar Newport CVM N18486,E.A. Strain,CCWGG,1(5),
,EcoRII,Salmonella enterica subsp. enterica serovar Enteritidis 18569,E.A. Strain,CCWGG,1(99),
,EcoRII,Salmonella enterica subsp. enterica serovar Typhimurium CFSAN018746,M. Hoffmann,CCWGG,?(5),
,EcoRII,Salmonella enterica subsp. enterica serovar Newport CVM 22425,E.A. Strain,CCWGG,?(5),
,EcoRII,Salmonella enterica subsp. enterica serovar Give CFSAN024229,M. Hoffmann,CCWGG,?(5),
,MboI,Salmonella enterica subsp. enterica serovar Gallinarum 9184,ATCC 9184,GATC,2(6),
,MboI,Salmonella enterica subsp. enterica serovar Montevideo CDC 2011K-1674,S.V. Nguyen,GATC,2(6),
,MboI,Salmonella enterica subsp. enterica serovar Typhimurium LB5000,J. Zaworski,GATC,2(6),
,EcoRII,Salmonella enterica subsp. enterica serovar Typhimurium LB5000,J. Zaworski,CCWGG,?(5),
,MboI,Salmonella enterica subsp. enterica serovar Newport Levine 1,E.A. Strain,GATC,2(6),
,M.SenLT7I,Salmonella typhimurium LT7,C. Colson,CAGAG,4(6),
,,Salmonella typhimurium LT7,C. Colson,?,5(6),
,S.SenLT7III,Salmonella typhimurium LT7,C. Colson,GAGNNNNNNRTAYG,"2(6),-4(6)",
,MboI,Salmonella typhimurium LT7,C. Colson,GATC,2(6),
,EcoRII,Salmonella typhimurium LT7,C. Colson,CCWGG,2(5),
,XmaIII,Salmonella enteritidis PT16,A. Nakamura,C^GGCCG,,
,SacII,Salmonella enteritidis PT14b,A. Nakamura,CCGC^GG,,
,MboI,Salmonella enterica subsp. enterica serovar Typhimurium SL1344RX,C. Dorman,GATC,?(6),
,,Salmonella enterica subsp. enterica serovar Saintpaul SARA26,E.A. Strain,ACRCAG,5(6),
,MboI,Salmonella enterica subsp. enterica serovar Saintpaul SARA26,E.A. Strain,GATC,2(6),
,MboI,Salmonella enterica subsp. enterica serovar Typhimurium str. SL1344,G. Dougan,GATC,?(6),
,,Salmonella enterica subsp. enterica serovar Typhimurium var. 5- CFSAN001921,E.A. Strain,GATCAG,5(6),
,MboI,Salmonella enterica subsp. enterica serovar Typhimurium strain sg_wt7,L.Y. Liu,GATC,2(6),
,MboI,Salmonella enterica subsp. enterica serovar Stanley strain sg_wt8,L.Y. Liu,GATC,2(6),
,EcoRII,Salmonella enterica subsp. enterica serovar Brancaster strain sg_ww281,L.Y. Liu,CCWGG,2(5),
,SenTFIV,Salmonella enterica subsp. enterica serovar Typhimurium WW012,W. Wang,GATCAG,5(6),
,SacII,Salmonella enteritidis,I. Rychlik,CCGCGG,?(5),
,AvaIII,Staphylococcus epidermidis,CAMB 2635,ATGCA^T,,
,SdeAI,Staphylococcus epidermidis isolate BPH0704,J. Lee,CAGRAG,5(6),
,M.Nba100970III,Staphylococcus epidermidis isolate BPH0723,J. Lee,GGAAC,4(6),
,,Staphylococcus epidermidis NCTC11964,S. Doyle,CGYCAT,5(6),
,EcoRV,Staphylococcus epidermidis,H. Azeddoug,GAT^ATC,,
,Avi249I,Streptococcus equinus NCTC10386,S. Doyle,TGCAG,4(6),
,,Streptococcus equi subsp. zooepidemicus NCTC11824,S. Doyle,CTANNNNNCTC,"3(6),-2(6)",
,,Synechocystis equalis,N. Anand,?,,
,,Streptomyces werraensis,S.K. Degtyarev,ASST^,,I
,XhoI,Streptomyces exfoliatus,KCC S0030,CTCGAG,,
,,Streptomyces exfoliatus,KCC S0030,?,,
,,Streptomyces exfoliatus,B. Frey,A^CCWGGT,2(5),N
,SacII,Streptomyces exfoliatus,J. Yim,CCGC^GG,,
,SacII,Streptomyces exfoliatus,M. Bae,CCGC^GG,,
,HaeIII,Streptococcus faecalis var. zymogenes,R. Wu,GG^CC,,
,SgfI,Sphingomonas faenia RFL1,Fermentas G309,GCGAT^CGC,,B
,HpaII,Streptococcus faecalis GU,J. Chirikjian,CCGG,,
,,Streptococcus faecalis ND547,ATCC 49761,GCATC(5/9),,INV
,SfeI,Streptococcus faecium,NEB 674,C^TRYAG,,N
,,Streptococcus faecalis,S.K. Degtyarev,C^TRYAG,,
,,Streptomyces fimbriatus,ATCC 15051,GGCCNNNN^NGGCC,3(4),BCIJNOQVX
,MboI,Serratia ficaria NCTC12148,NCTC 12148,GATC,2(6),
,PstI,Streptoverticillium flavopersicum,UC 5066,CTGCA^G,,
,Sep11964I,Staphylococcus fleurettii NCTC13829,S. Doyle,CGYCAT,5(6),
,,Staphylococcus fleurettii NCTC13829,S. Doyle,GNYCAG,5(6),
,MboI,Shigella flexneri FDAARGOS_74,H. Sichtig,GATC,2(6),
,MboI,Shigella flexneri 1c Y394,P. Parajuli,GATC,2(6),
,MboI,Shigella flexneri 2016AM-0877,H.E. Webb,GATC,2(6),
,MboI,Shigella flexneri 2a 1508,X. Pu,GATC,2(6),
,MboI,Shigella flexneri 95-3008,J.Y. Kim,GATC,2(6),
,MboI,Shigella flexneri Y 93-3063,J.Y. Kim,GATC,2(6),
,MboI,Shigella flexneri 98-3193,J.Y. Kim,GATC,2(6),
,MboI,Shigella flexneri NCTC8524,S. Doyle,GATC,2(6),
,MboI,Shigella flexneri NCTC 9728,NCTC 9728,GATC,2(6),
,MboI,Shigella flexneri 2a,ATCC 29903,GATC,2(6),
,MboI,Shigella flexneri 04-3145,J.Y. Kim,GATC,2(6),
,MboI,Shigella flexneri 89-141,J.Y. Kim,GATC,2(6),
,MboI,Shigella flexneri 61-4982,J.Y. Kim,GATC,2(6),
,MboI,Shigella flexneri 73-5612,J.Y. Kim,GATC,2(6),
,EcoRII,Shigella flexneri FDAARGOS_74,H. Sichtig,CCWGG,?(5),
,EcoRII,Shigella flexneri 2016AM-0877,H.E. Webb,CCWGG,2(4),
,EcoRII,Shigella flexneri 95-3008,J.Y. Kim,CCWGG,?(5),
,EcoRII,Shigella flexneri Y 93-3063,J.Y. Kim,CCWGG,?(5),
,EcoRII,Shigella flexneri 98-3193,J.Y. Kim,CCWGG,?(5),
,EcoRII,Shigella flexneri NCTC 9728,NCTC 9728,CCWGG,?(5),
,EcoRII,Shigella flexneri 04-3145,J.Y. Kim,CCWGG,?(5),
,EcoRII,Shigella flexneri 61-4982,J.Y. Kim,CCWGG,?(5),
,EcoRII,Shigella flexneri 1794,P.C. Shaw,CCWGG,,
,EcoRII,Shigella flexneri 2374,P.C. Shaw,CCWGG,,
,EcoRII,Shigella flexneri 2731,P.C. Shaw,CCWGG,,
,EcoRII,Shigella flexneri 6873,P.C. Shaw,CCWGG,,
,EcoRII,Shigella flexneri 7234,P.C. Shaw,CCWGG,,
,EcoRII,Shigella flexneri 7462,P.C. Shaw,CCWGG,,
,EcoRII,Shigella flexneri 8401,P.C. Shaw,CCWGG,,
,CauII,Shigella flexneri 10695,P.C. Shaw,CCSGG,,
,EcoRII,Shigella flexneri 10790,P.C. Shaw,CCWGG,,
,CauII,Shigella flexneri11086,P.C. Shaw,CCSGG,,
,CauII,Shigella flexneri 11087,P.C. Shaw,CCSGG,,
,CauII,Shigella flexneri 11572,P.C. Shaw,CCSGG,,
,CauII,Shigella flexneri 11573,P.C. Shaw,CCSGG,,
,MboI,Shigella flexneri NCTC5,S. Doyle,GATC,2(6),
,EcoRII,Shigella flexneri 2a plasmid KMR114,L.I. Solodukhina,CCWGG,,
,EcoRII,Shigella flexneri 2a plasmid KMR115,L.I. Solodukhina,CCWGG,,
,AvaII,Serratia fonticola,ATCC 29938,GGWCC,,
,NarI,Serratia fonticola,NEB 369,GGC^GCC,?(5),NV
,SacII,Streptomyces fradiae,ATCC 3355,CCGCGG,,
,XhoI,Streptomyces fradiae 274,S.K. Degtyarev,C^TCGAG,,IV
,SacII,Streptomyces fradiae 303,S.K. Degtyarev,CCGC^GG,,IV
,SacII,Streptomyces fradiae 382,U. Mayr,CCGCGG,,
,AsuII,Streptomyces fulvissimus,U. Mayr,TT^CGAA,,SV
,XhoI,Streptomyces fulvissimus 1762,U. Mayr,CTCGAG,,
,XhoI,Streptomyces ganmycicus,KCC S0759,CTCGAG,,
,,Streptomyces griseoflavus RFL11,A. Janulaitis,CNNGNNNNNNNNN^,,B
,,Streptomyces griseoruber,R. Williams,GCGAT^CGC,,R
,AvaII,Streptomyces ghanaesis 1835,U. Mayr,GGWCC,,
,,Streptomyces ghanaensis,ATCC 14672,?,,
,NaeI,Streptomyces ghanaensis,ATCC 14672,GCCGGC,?(5),
,PstI,Streptomyces griseoflavus,Viikki 346,CTGCAG,,
,XhoI,Streptomyces goshikiensis,KCC S0294,CTCGAG,,
,,Streptomyces griseus,ATCC 23345,?,,
,EcoRII,Streptomyces griseus Kr. 20,A.V. Orekhov,CCWGG,,
,AsuII,Streptomyces griseoflavus 1839,U. Mayr,TTCGAA,,
,XhoI,Streptomyces griseoroseus 1841,U. Mayr,CTCGAG,,
,,Streptomyces griseus NCTC7807,S. Doyle,GCCGAGG,5(6),
,SacI,Streptomyces griseus subsp. griseus NBRC 13350,NBRC 13350,GAGCTC,4(5),
,SapI,Streptomyces griseus subsp. griseus NBRC 13350,NBRC 13350,GCTCTTC,"2(4),-5(6)",
,,Streptomyces griseus,U. Mayr,CR^CCGGYG,3(5),N
,,Streptomyces griseus,U. Mayr,CGAGATC,5(6),
,SacII,Streptomyces griseus,V. Bouriotis,CCGC^GG,,C
,,Streptomyces griseus RFL6,Fermentas G302,CG^TCGACG,,B
,MboI,Serratia grimesii NCTC11543,S. Doyle,GATC,2(6),
,,Streptomyces griseoflavus Tu4000,M. Fischbach,CCDS(10/14),,
,AscI,Streptomyces griseus RFL5,Fermentas G295,GG^CGCGCC,,B
,FspEI,Streptomyces griseus RFL12,A. Janulaitis,CC(12/16),,
,SimI,Staphylococcus haemolyticus 3104,NEB 1448,GGGTC,,
,SacII,Streptomyces hygroscopicus 0477,F. Walter,CCGCGG,,
,XhoI,Streptomyces hygroscopicus 1766,U. Mayr,CTCGAG,,
,,Streptomyces hygroscopicus,T. Yamaguchi,?,,
,,Staphylococcus intermedius 6H,S.K. Degtyarev,GGGTC(-3/0),,
,AvaII,Salmonella infantis,A. de Waard,G^GWCC,4(5),
,AvaII,Salmonella infantis YY163,Y. Yoshida,GGWCC,,
,AvaII,Salmonella infantis YY190,Y. Yoshida,GGWCC,,
,AvaII,Salmonella infantis 85005,S. Horiuchi,GGWCC,,
,AvaII,Salmonella infantis 85020,S. Horiuchi,GGWCC,,
,AvaII,Salmonella infantis 85064,S. Horiuchi,GGWCC,,
,AvaII,Salmonella infantis 85084,S. Horiuchi,GGWCC,,
,AvaII,Salmonella infantis 85144,S. Horiuchi,GGWCC,,
,AvaII,Salmonella infantis 85166,S. Horiuchi,GGWCC,,
,AvaII,Salmonella infantis 85325,S. Horiuchi,GGWCC,,
,MboI,Staphylococcus intermedius,ATCC 29663,GATC,,
,,Staphylococcus intermedius,ATCC 29663,?,,
,,Salmonella isangi,Y. Yoshida,?,,
,NaeI,Streptomyces karnatakensis,ATCC 25463,GCCGGC,,
,PstI,Streptomyces karnatakensis,ATCC 25463,CTGCAG,,
,Pst273I,Stutzerimonas kunmingensis 7850S,K. Shang,GATCGAG,6(6),
,XhoI,Streptomyces lavendulae,ATCC 8664,C^TCGAG,,C
,Eco31I,Streptomyces albidoflavus,Viikki 329,GGTCTC,,
,EcoRII,Synechococcus leopoliensis,PCC 1402-1,^CCWGG,,
,,Streptomyces lipmanii,R.H. Baltz,?,,
,,Streptomyces lipmanii,R.H. Baltz,?,,
,XhoI,Streptomyces luteoreticuli,KCC S0788,CTCGAG,,
,NaeI,Streptomyces lusitanus 1777,U. Mayr,GCC^GGC,,
,,Serratia marcescens Sb,ATCC 49779,CCC^GGG,2(4),BCIJNOQRSVX
,MboI,Serratia marcescens Sb,ATCC 49779,GATC,2(6),
,,Stenotrophomonas maltophilia FDAARGOS_325,B. Goldberg,ARCCCT,5(4),
,,Stenotrophomonas maltophilia NCTC10259,P. Informatics,CAAAGA,6(6),
,Sma325I,Stenotrophomonas maltophilia NCTC10498,S. Doyle,ARCCCT,5(4),
,SplI,Spirulina maxima,UTEX 2342,CGTACG,,
,Tth111I,Spirulina maxima,UTEX 2342,GACNNNGTC,,
,PvuI,Spirulina maxima,UTEX 2342,CGATCG,,
,PvuII,Spirulina maxima,UTEX 2342,CAGCTG,,
,MboI,Serratia marcescens FDAARGOS_62,H. Sichtig,GATC,2(6),
,MboI,Serratia marcescens FDAARGOS_79,H. Sichtig,GATC,2(6),
,MboI,Serratia marcescens AR_0121,J.A. Segre,GATC,2(6),
,MboI,Serratia marcescens AR_0122,J.A. Segre,GATC,2(6),
,MboI,Serratia marcescens AR_0123,J.A. Segre,GATC,2(6),
,MboI,Serratia marcescens AR_0130,J.A. Segre,GATC,2(6),
,MboI,Serratia marcescens AR_0131,J.A. Segre,GATC,2(6),
,MboI,Serratia marcescens NCTC10211,S. Doyle,GATC,?(6),
,MboI,Serratia marcescens NCTC13382,S. Doyle,GATC,?(6),
,,Serratia marcescens UMH5,M.T. Anderson,CTTGAC,5(6),
,,Serratia marcescens UMH8,M.T. Anderson,GCGAACB,5(6),
,MboI,Serratia marcescens UMH1,M.T. Anderson,GATC,2(6),
,MboI,Serratia marcescens UMH9,M.T. Anderson,GATC,2(6),
,MboI,Serratia marcescens UMH10,M.T. Anderson,GATC,2(6),
,MboI,Serratia marcescens UMH11,M.T. Anderson,GATC,2(6),
,MboI,Serratia marcescens UMH12,M.T. Anderson,GATC,2(6),
,HinfI,Sinorhizobium meliloti,L. Shapiro,GANTC,2(6),
,HinfI,Sinorhizobium medicae WSM1115,W. Reeve,GANTC,2(6),
,SwaI,Streptococcus milleri S,S.K. Degtyarev,ATTT^AAAT,,BIV
,MslI,Sphingobacterium mizutae M,S.K. Degtyarev,CAYNN^NNRTG,,IV
,EcoRV,Sphingobacterium mizutae M,S.K. Degtyarev,GATATC,,
,MboI,Streptococcus milleri MB,S.K. Degtyarev,GATC,,
,,Stenotrophomonas maltophilia,NEB 1007,C^TYRAG,5(6),N
,SmlI,Stenotrophomonas maltophilia RFL1,Fermentas G306,C^TYRAG,,B
,NaeI,Streptomyces moderatus,DSM 40529,GCCGGC,,
,HpaII,Streptobacillus moniliformis DSM 12112,DSM 12112,C^CGG,,
,PenI,Streptobacillus moniliformis DSM 12112,DSM 12112,GCAGT,?(6),
,FauI,Sphingobacterium multivorum RFL21,V. Butkus,CCCGC(4/6),,
,FspPK15I,Sphingobacterium multivorum NCTC11034,S. Doyle,GARGAAG,6(6),
,AvaIII,Streptococcus species,I. Nasz,ATGCAT,,
,AvaII,Streptococcus mutans E,I. Nasz,G^GWCC,,
,,Sphaerotilus natans C,A. Pope,GTATAC,,
,,Sphaerotilus natans subsp. sulfidivorans D-507,M.Y. Grabovich,CRTTGAG,6(6),
,NruI,Sphaerotilus natans 3286,U. Mayr,TCGCGA,,
,,Sphaerotilus natans,ATCC 15291,TAC^GTA,3(4),CN
,Cin11811I,Staphylococcus nepalensis NCTC13834,S. Doyle,TGKMCA,6(6),
,EcoRII,Streptomyces niveus,ATCC 19793,CC^WGG,,
,ApaLI,Streptomyces novocastria,P. Eastlake,G^TGCAC,,
,,Starkeya novella,DSM 506,GGCCGAG,?(6),
,,Streptomyces oderifer,ATCC 6246,?,,
,,Streptomyces oderifer,ATCC 6246,?,,
,Aod1I,Schaalia odontolytica XH001,A.J. Collins,GATCNAC,6(6),
,BamHI,Streptoverticillium olivoverticillatum,J. Yim,G^GATCC,,
,PvuII,Streptomyces olivaceus IMRU 3335,P.C. Shaw,CAGCTG,,
,XhoI,Streptomyces olivochromogenes ST10179,S.K. Degtyarev,C^TCGAG,,
,ClaI,Shewanella oneidensis MR-1,ATCC 700550,ATCGAT,5(6),
,SpnRII,Streptococcus oralis ATCC 35037 NCTC11427,P. Informatics,TCGAG,4(6),
,XhoI,Streptomyces albus subspecies pathocidicus,KCC S-0166,CTCGAG,,
,SphI,Synechococus parietina,M.M. Wijdenbosch,GCATG^C,,
,Tth111I,Spirulina platensis strain pacifica,D. Borthakur,GACNNNGTC,,
,PvuI,Spirulina platensis strain pacifica,D. Borthakur,CGATCG,,
,PvuII,Spirulina platensis strain pacifica,D. Borthakur,CAGCTG,,
,HindIII,Spirulina platensis strain pacifica,D. Borthakur,AAGCTT,,
,SphI,Streptomyces phaeochromogenes,IFO 3108,GCATGC,,
,,Sphaerotilus natans,ATCC 13923,A^CTAGT,1(6),JNOQRSVX
,,Shewanella pealeana,ATCC 700345,?,,
,,Spirochaeta perfilievii P DSM-19205,M.Y. Grabovich,GGACY,3(6),
,,Streptomyces phaeochromogenes,NRRL B-3559,GCATG^C,,CIJNOQVX
,XhoI,Streptomyces phaeopurpureus 1719,U. Mayr,CTCGAG,,
,,Spirulina platensis,M. Kawamura,C^GTACG,,
,Tth111I,Spirulina platensis,M. Kawamura,GACNNNGTC,,
,HaeIII,Spirulina platensis,M. Kawamura,GGCC,,
,SplI,Spirulina platensis,UTEX 2340,CGTACG,,
,Tth111I,Spirulina platensis,UTEX 2340,GACNNNGTC,,
,PvuI,Spirulina platensis,UTEX 2340,CGATCG,,
,PvuII,Spirulina platensis,UTEX 2340,CAGCTG,,
,MboI,Serratia plymuthica NCTC8015,P. Informatics,GATC,2(6),
,MboI,Serratia plymuthica NCTC8900,P. Informatics,GATC,2(6),
,CchIII,Serratia plymuthica 3Rp8,G. Berg,CCCAAG,5(6),
,ClaI,Sphingobacterium mizutae,V.E. Repin,AT^CGAT,,
,SpnRII,Streptococcus pneumoniae 475,I. Bitar,TCGAG,4(6),
,SpnRII,Streptococcus pneumoniae 525,I. Bitar,TCGAG,4(6),
,SpnRII,Streptococcus pneumoniae 573,I. Bitar,TCGAG,4(6),
,SpnRII,Streptococcus pneumoniae NCTC7466,S. Doyle,TCGAG,4(6),
,SpnRII,Streptococcus pneumoniae NCTC10319,S. Doyle,TCGAG,4(6),
,SpnRII,Streptococcus pneumoniae NCTC11891,S. Doyle,TCGAG,4(6),
,SpnRII,Streptococcus pneumoniae NCTC11905,S. Doyle,TCGAG,4(6),
,SpnRII,Streptococcus pneumoniae NCTC13276,S. Doyle,TCGAG,4(6),
,SpnRII,Streptococcus pneumoniae NCTC13754,S. Doyle,TCGAG,4(6),
,S1.SpnRIII,Streptococcus pneumoniae D39,J.A. Lanie,CRAANNNNNNNNCTG,,
,,Streptococcus pneumoniae D39,J.A. Lanie,CRAANNNNNNNNNTTC,,
,,Streptococcus pneumoniae D39,J.A. Lanie,CACNNNNNNNCTT,,
,,Streptococcus pneumoniae D39,J.A. Lanie,CACNNNNNNNCTG,,
,MboI,Streptococcus pneumoniae 23F,ATCC 700669,GATC,4(5),
,,Streptococcus pneumoniae R6,J.I. Glass,TCGAG,4(6),
,SpnRII,Streptococcus pneumoniae 521,I. Bitar,TCGAG,4(6),
,NruI,Salmonella potsdam,D. Raines,TCG^CGA,,
,,Silicibacter pomeroyi DSS-3,M.A. Moran,GCGGRAG,?(6),
,PstI,Streptomyces prasinus,ATCC 15825,CTGCAG,,
,SacII,Streptomyces pulveraceus,ATCC 29083,CCGC^GG,,
,MboI,Shewanella putrefaciens NCTC10695,S. Doyle,GATC,2(6),
,MboI,Shewanella putrefaciens NCTC10736,S. Doyle,GATC,2(6),
,MboI,Shewanella putrefaciens NCTC10738,S. Doyle,GATC,2(6),
,MboI,Shewanella putrefaciens NCTC12093,P. Informatics,GATC,2(6),
,BamHI,Streptomyces parvus,NRRL B-1255,GGATCC,,
,CdiI,Streptococcus pyogenes NCTC10866,S. Doyle,CATCG,"2(6),-3(6)",
,MboI,Salmonella enterica subsp. enterica serovar Thompson NCTC5740,S. Doyle,GATC,2(6),
,NhoI,Sediminimonas qiaohouensis,DSM 21189,GCWGC,,
,MboI,Serratia quinivorans NCTC13188,P. Informatics,GATC,2(6),
,MboI,Serratia quinivorans NCTC13189,S. Doyle,GATC,2(6),
,MboI,Serratia quinivorans NCTC13194,S. Doyle,GATC,2(6),
,,Streptomyces species Srf,T.G. Simcox,GCCC^GGGC,,N
,TpyTP2I,Sphingomonas rhizophila KACC 19189,D.-W. Hyun,ACCAAG,5(6),
,PstI,Streptomyces griseoflavus,Viikki 41,CTGCAG,,
,XhoI,Streptomyces rimosus forma paramomycinus,ATCC 14827,CTCGAG,,
,NaeI,Selenomonas ruminantium subsp. lactilytica 84,P. Pristas,G^CCGGC,,
,AvaIII,Selenomonas ruminantium subsp. lactilytica 84,P. Pristas,ATGCAT,,
,AhaIII,Selenomonas ruminantium 19,I. Vanat,TTTAAA,,
,PstI,Selenomonas ruminantium 1,I. Vanat,CTGCAG,,
,PstI,Selenomonas ruminantium 2,I. Vanat,CTGCAG,,
,PstI,Selenomonas ruminantium 5,I. Vanat,CTGCA^G,,
,VspI,Selenomonas ruminantium 8,I. Vanat,ATTAAT,,
,PstI,Selenomonas ruminantium 32,I. Vanat,CTGCAG,,
,EcoRI,Selenomonas ruminantium 32,I. Vanat,G^AATTC,,
,EcoRI,Selenomonas ruminantium subsp. lactilytica 55,I. Vanat,G^AATTC,,
,VspI,Selenomonas ruminantium subsp. lactilytica 55,I. Vanat,ATTAAT,,
,SfeI,Selenomonas ruminantium 56,I. Vanat,C^TRYAG,,
,AhaIII,Selenomonas ruminantium 61,I. Vanat,TTTAAA,,
,VspI,Selenomonas ruminantium 65,I. Vanat,ATTAAT,,
,AhaIII,Selenomonas ruminantium 76,I. Vanat,TTTAAA,,
,NaeI,Selenomonas ruminantium 77,I. Vanat,GCCGGC,,
,VspI,Selenomonas ruminantium 17,I. Vanat,ATTAAT,,
,AhaIII,Selenomonas ruminantium 18D,I. Vanat,TTT^AAA,,
,BalI,Serratia rubidaea NCTC10848,S. Doyle,TGGCCA,6(6),
,VspI,Selenomonas ruminantium,I. Vanat,AT^TAAT,,
,StuI,Selenomonas ruminantium 30,P. Pristas,AGG^CCT,,
,MboI,Serratia rubidaea NCTC9419,P. Informatics,GATC,2(6),
,MboI,Serratia rubidaea NCTC10036,P. Informatics,GATC,2(6),
,,Salinigranum rubrum GX10,S. Han,?,,
,,Staphylococcus saprophyticus,ATCC 13518,?,,
,HindIII,Streptomyces scabies,J.L. Schottel,A^AGCTT,,
,,Salmonella schwarzengrund,Y. Yoshida,?,,
,HinfI,Staphylococcus species L1,N.I. Matvienko,G^ANTC,2(6),
,BclI,Synechococcus species,ATCC 29203,TGATCA,,
,SacII,Synechococcus species,ATCC 29203,CCGCGG,,
,TspEI,Sporosarcina species 9,S.K. Degtyarev,^AATT,2(6),IV
,,Streptomyces species RH232,I. Kato,CG^CCGGCG,,
,SanDI,Streptomyces species,Y. Ishino,GG^GWCCC,,
,,Streptomyces species 8387,Takara 8387,CCTGCA^GG,,
,,Streptomyces species,Y. Ishino,AG^GWCCT,,
,NarI,Streptomyces species A,V. Bouriotis,GG^CGCC,,
,StuI,Streptomyces species B,V. Bouriotis,AGG^CCT,,C
,SauI,Salmonella shikmonah,K. Mise,CC^TNAGG,,
,AciI,Staphylococcus sciuri RFL1,Fermentas G266,CCGC(-3/-1),,B
,MboI,Staphylococcus species A,N.N. Sokolov,^GATC,,
,MboI,Staphylococcus species B,N.N. Sokolov,^GATC,,
,EcoRII,Streptococcus salivarius ssp thermophilus,L. Benbadis,CC^WGG,,
,,Streptococcus salivarius subsp. thermophilus,FERM 16215,?,,
,,Streptococcus salivarius subsp. thermophilus,FERM 16216,?,,
,,Streptococcus salivarius subsp. thermophilus,FERM 16217,?,,
,,Streptococcus salivarius subsp. thermophilus,FERM 16218,?,,
,,Streptococcus salivarius subsp. thermophilus,FERM 16219,?,,
,PstII,Streptomyces sampsonii RFL6,A. Janulaitis,CTGATG,,
,SacII,Streptomyces sampsonii RFL6,A. Janulaitis,CCGCGG,,
,SacI,Streptomyces species SM4,P. Pristas,GAGCTC,,
,SacI,Streptomyces species SM5,P. Pristas,GAGCTC,,
,SacII,Streptomyces species SM5,P. Pristas,CCGCGG,,
,EcoRI,Shigella sonnei 47,T.M. Uporova,G^AATTC,2(6),
,ScrFI,Shigella sonnei 47,T.M. Uporova,^CCNGG,2(5),
,,Shigella sonnei 47,T.M. Uporova,?,,
,,Shigella sonnei 47,T.M. Uporova,?,,
,,Shigella sonnei 47,T.M. Uporova,?,,
,MboI,Shigella sonnei FDAARGOS_71,H. Sichtig,GATC,2(6),
,MboI,Shigella sonnei FDAARGOS_128,B. Goldberg,GATC,2(6),
,MboI,Shigella sonnei NCTC12984,S. Doyle,GATC,2(6),
,MboI,Shigella sonnei ATCC 29930,ATCC 29930,GATC,2(6),
,EcoRII,Shigella sonnei FDAARGOS_90,B. Goldberg,CCWGG,?(5),
,,Sphaerotilus species,ATCC 13925,AAT^ATT,?(6),BCIJNQVX
,AsuII,Streptomyces species RFL1,A. Janulaitis,TT^CGAA,,
,CauII,Streptomyces species RFL2,A. Janulaitis,CCSGG,,
,XhoI,Streptomyces species RFL4,A. Janulaitis,CTCGAG,,
,PstI,Streptomyces species ST-12,V.E. Repin,CTGCAG,,
,AsuII,Streptomyces species 14,O.M. Reva,TTCGAA,,
,,Streptomyces species 27,O.M. Reva,?,,
,AsuII,Streptomyces species 34,V.V. Lukyanchuk,TTCGAA,,
,AsuII,Streptomyces species 42,O.M. Reva,TTCGAA,,
,AsuII,Streptomyces species 43,O.M. Reva,TTCGAA,,
,AsuII,Streptomyces species 45,O.M. Reva,TTCGAA,,
,AsuII,Streptomyces species 47,O.M. Reva,TTCGAA,,
,AsuII,Streptomyces species 48,B.P. Matselyukh,TTCGAA,,
,AsuII,Streptomyces species 152,U. Mayr,TTCGAA,,
,,Streptomyces sp. WMMB 714,C. Currie,CGCAGCG,4(6),
,SacII,Streptomyces spadicis 1725,U. Mayr,CCGCGG,,
,Bsp1407I,Streptomyces species BMTU 4800,DSM 6181,T^GTACA,,
,AatII,Streptomyces species 5230,P. Westermann,GACGT^C,,
,SpoDI,Synechocystis species PCC 6714,PCC 6714,GCGGRAG,6(6),
,MboI,Synechocystis species PCC 6803,PCC 6803,GATC,2(6),
,,Synechocystis species PCC 6803,PCC 6803,GAAGGC,3(6),
,SenTFIV,Salmonella species NCTC 11881 NCTC11881,P. Informatics,GATCAG,5(6),
,ClaI,Synechococcus species,ATCC 27144,AT^CGAT,,
,EcoRII,Synechococcus species,AN 6301,^CCWGG,,
,Bsp1407I,Streptomyces species,B. Frey,T^GTACA,,
,NaeI,Streptomyces species,M. Rina,GCC^GGC,,
,NarI,Sphingomonas species RFL1,Fermentas G308,G^GCGCC,,B
,HphI,Staphylococcus species D5,N. Matvienko,GGTGA(8/8),,
,AvaIII,Staphylococcus species D5,N. Matvienko,ATGCA^T,,
,MboI,Shewanella species FDAARGOS_354,T. Minogue,GATC,2(6),
,MboI,Salmonella species NCTC 6947,P. Informatics,GATC,2(6),
,SnaBI,Spirulina species J,M. Sakakibara,TACGTA,,
,AcyI,Spirulina species J,M. Sakakibara,GRCGYC,,
,,Salarchaeum species JOR-1,B.P. Anton,AGCGANC,5(6),
,SplI,Spirulina species K,M. Sakakibara,CGTACG,,
,HinfI,Sinorhizobium species LM21,L. Dziewit,GANTC,,
,MaeI,Sporosarcina species M,S.K. Degtyarev,C^TAG,,I
,SnaBI,Spirulina species M1,M. Sakakibara,TACGTA,,
,AcyI,Spirulina species M1,M. Sakakibara,GRCGYC,,
,HgiCI,Spirulina species M1,M. Sakakibara,GGYRCC,,
,SnaBI,Spirulina species M2,M. Sakakibara,TACGTA,,
,AcyI,Spirulina species M2,M. Sakakibara,GRCGYC,,
,MboI,Serratia species SSNIH1,J.A. Segre,GATC,2(6),
,FinI,Sporosarcina species P33,A.S. Oliver,GGGAC,4(6),
,HinfI,Sinorhizobium species RAC02,K.R. Fixen,GANTC,2(6),
,AsuII,Synechococcus species RF-1,J. Tu,TT^CGAA,,
,MboI,Shewanella species SNU WT4,W.T. Oh,GATC,2(6),
,,Serratia species SAI,B. Torheim,?,,
,HpaI,Staphylococcus saprophyticus B6,S.K. Degtyarev,GTT^AAC,,
,,Spiroplasma species MQ1,A. Razin,CG,1(5),
,SacI,Streptomyces stanford,S. Goff,GAGCT^C,,C
,SacII,Streptomyces stanford,S. Goff,CCGC^GG,,
,,Streptomyces stanford,S. Goff,?,,
,BclI,Streptomyces stanford,S. Goff,TGATCA,,
,PstI,Streptomyces species ST-12,V.E. Repin,CTGCA^G,,
,,Sagittula stellata E-37,M.A. Moran,CGAAGAC(20/18),6(6),
,Eco57I,Sagittula stellata E-37,M.A. Moran,CTGAAG,-5(6),
,MboI,Streptococcus suis strain 211,T. Sekizaki,GATC,,
,MboI,Streptococcus suis strain 212,T. Sekizaki,GATC,,
,MboI,Streptococcus suis strain 220,T. Sekizaki,GATC,,
,MboI,Streptococcus suis strain 89-2479,T. Sekizaki,GATC,,
,MboI,Streptococcus suis strain 89-2479,T. Sekizaki,GATC,,
,MboI,Streptococcus suis strain 89-4109-1,T. Sekizaki,GATC,,
,MboI,Streptococcus suis strain 89-4109-1,T. Sekizaki,GATC,,
,MboI,Streptococcus suis strain 4961,T. Sekizaki,GATC,,
,MboI,Streptococcus suis strain 4961,T. Sekizaki,GATC,,
,MboI,Streptococcus suis strain 8074,T. Sekizaki,GATC,,
,MboI,Streptococcus suis strain 8074,T. Sekizaki,GATC,,
,CdiI,Streptococcus suis NCTC10446,P. Informatics,CATCG,"2(6),-3(6)",
,MboI,Streptococcus suis NIAH11318,T. Sekizaki,GATC,,
,MboI,Streptococcus suis NIAH11318,T. Sekizaki,GATC,,
,MboI,Streptococcus suis DAT1,T. Sekizaki,GATC,,
,MboI,Streptococcus suis DAT1,T. Sekizaki,GATC,,
,StuI,Streptomyces sviceus,ATCC 29083,AGGCCT,,
,SacII,Streptomyces takatoensis,ATCC 27649,CCGCGG,,
,XhoI,Streptomyces tanashiensis,ATCC 33159,CTCGAG,,
,StuI,Streptomyces tendae,ATCC 19812,AGG^CCT,,
,KpnI,Salmonella thompson YY356,Y. Yoshida,G^GTACC,,
,EcoRII,Streptococcus thermophilus ST117,G.A. Somkuti,CC^WGG,,
,,Streptococcus thermophilus,M.T. Poch,CCCG(4/8),,
,HpaII,Streptococcus thermophilus strain 134,D.K.Y. Solaiman,C^CGG,,
,EcoRII,Streptococcus thermophilus CNRZ302,G. Guedon,CC^WGG,,
,HpaII,Streptococcus thermophilus CNRZ302,G. Guedon,CC^GG,,
,MboI,Streptococcus thermophilus CNRZ368,B. Decaris,^GATC,4(5),
,EcoRII,Streptococcus thermophilus CNRZ 455,G. Linden,CCWGG,,
,,Streptococcus thermophilus CNRZ1151,D. van Sinderen,?,,
,,Sphaerobacter thermophilus DSM 20745,DSM 20745,GGACGAC,6(6),
,SthSt3II,Streptococcus thermophilus ST64987,B. McDonnell,GAAGT,3(6),
,KpnI,Salmonella thompson YY17,Y. Yoshida,GGTACC,,
,KpnI,Salmonella thompson YY106,Y. Yoshida,GGTACC,,
,KpnI,Salmonella thompson YY150,Y. Yoshida,GGTACC,,
,M.SenLT7I,Streptococcus thermophilus CS8,F. Ren,CAGAG,4(6),
,KpnI,Salmonella thompson YY197,Y. Yoshida,GGTACC,,
,KpnI,Salmonella thompson YY200,Y. Yoshida,GGTACC,,
,KpnI,Salmonella thompson YY209,Y. Yoshida,GGTACC,,
,KpnI,Salmonella thompson YY217,Y. Yoshida,GGTACC,,
,KpnI,Salmonella thompson YY224,Y. Yoshida,GGTACC,,
,KpnI,Salmonella thompson YY225,Y. Yoshida,GGTACC,,
,KpnI,Salmonella thompson YY228,Y. Yoshida,GGTACC,,
,KpnI,Salmonella thompson YY247,Y. Yoshida,GGTACC,,
,KpnI,Salmonella thompson YY347,Y. Yoshida,GGTACC,,
,KpnI,Salmonella thompson YY148,Y. Yoshida,GGTACC,,
,,Streptococcus thermophilus ST3,Y.-D. Nam,GAAGT,3(6),
,,Salmonella typhimurium,Y. Yoshida,?,,
,XhoI,Streptomyces thermodiastaticus,V. Nagaraja,C^TCGAG,,
,FokI,Streptococcus sanguis 54,K. Kita,GGATG(10/14),"3(6),-2(6)",
,,Streptomyces tubercidicus,H. Takahashi,AGG^CCT,,JNQX
,,Salmonella typhi 27,E.S. Anderson,C^CWWGG,?(4),CJN
,MboI,Salmonella typhimurium,M.C. Cerquetti,GATC,2(6),
,ScrFI,Salmonella typhi D4,E.S. Anderson,^CCNGG,?(5),N
,MboI,Salmonella typhimurium 14028,M.J. Mahan,GATC,?(6),
,EcoRII,Salmonella typhimurium,NCTC 13348,CCWGG,1(99),
,MboI,Salmonella enterica serovar Typhimurium LT2,N.E. Murray,GATC,?(6),
,EcoRII,Salmonella enterica serovar Typhimurium LT2,N.E. Murray,CCWGG,2(5),
,,Salmonella enterica serovar blegdam,L.R. Bullas,GGTANNNNNNTCG,?(6),
,S.StySEAI,Salmonella eastbourne,L.R. Bullas,ACANNNNNNTYCA,"3(6),-4(6)",
,S.StySENI,Salmonella enteritidis,L.R. Bullas,GGYANNNNNNTCG,"4(6),-3(6)",
,S.StySGI,Salmonella gelsenkirchen,L.R. Bullas,TAANNNNNNRTCG,"3(6),-3(6)",
,S.StySJI,Salmonella hybrid,N.E. Murray,GAGNNNNNNGTRC,,
,,Salmonella kaduna CDC-388,L.R. Bullas,CGATNNNNNNNGTTA,?(6),
,S.StySPI,Salmonella enterica subsp. enterica serovar Potsdam,L.R. Bullas,AACNNNNNNGTRC,"2(6),-3(6)",
,S.StySQI,Salmonella hybrid,L.R. Bullas,AACNNNNNNRTAYG,?(6),
,,Salmonella thompson UA-T11,L.R. Bullas,?,,
,,Salmonella typhimurium UK-1,C. Miller,?,,
,HaeIII,Sulfolobus acidocaldarius DSM 639,DSM 639,GG^CC,3(4),
,TseI,Sulfolobus islandicus REN2HI,W. Zillig,G^CWGC,,
,HaeIII,Sulfolobus acidocaldarius,W. Zillig,GGCC,,
,SplI,Synechococcus uniformis,M.M. Wijdenbosch,C^GTACG,,
,BamHI,Sporosarcina ureae 2,S.K. Degtyarev,G^GATCC,,
,,Sporosarcina ureae P32a,A.S. Oliver,ACRGAG,5(6),
,XhoI,Streptomyces verticillius 194,U. Mayr,CTCGAG,,
,NhoI,Streptococcus vestibularis F0396,A.S. Durkin,GCWGC,,
,AsuII,Streptomyces violochromogenes,M. Bae,TT^CGAA,,
,SgrAI,Streptomyces violaceoruber RFL10,Fermentas G353,CRCCGGYG,,
,,Staphylococcus warneri,B. Frey,ATTT^AAAT,?(6),JNS
,MboI,Shewanella woodyi ATCC 51908,ATCC 51908,GATC,2(6),
,,Staphylococcus xylosus TMW 2.1780,C.J. Schiffer,GGGTNA,6(6),
,AvaII,Synechocystis species,PCC 6308,GGWCC,,
,XmnI,Synechocystis species,PCC 6308,GAANNNNTTC,,
,,Streptomyces zinciresistens K42,Y. Lin,?,,
,Tsp4CI,Thermus aquaticus Vn 4-311,V. Butkus,ACN^GT,,B
,,Triticum aestivum,B.F. Vanyushin,?,?(5),
,BclI,Triticum aestivum,B.F. Vanyushin,TGATCA,3(6),
,,Triticum aestivum Chinese Spring,O.D. Anderson,?,?(5),
,,Thermocrispum agreste,DSM 44070,AC^GT,,
,MaeII,Thermus aquaticus cs1-331,V. Butkus,ACGT^,,B
,,Thermus aquaticus YTI,J.I. Harris,T^CGA,4(6),BCIJNQRVX
,,Thermus aquaticus YTI,J.I. Harris,GACCGA(11/9),6(6),QX
,,Thermus aquaticus YTI,J.I. Harris,CACCCA(11/9),6(6),
,TaqI,Thermus aquaticus YSS20,R.A.D. Williams,TCGA,,
,TseI,Thermus aquaticus YS52,R.A.D. Williams,G^CWGC,,
,EcoRII,Thermus aquaticus,S.A. Grachev,CC^WGG,,
,TspEI,Thermus aquaticus Vn 4-211,V. Butkus,^AATT,,BV
,,Thermus aquaticus CBA1-331,V. Butkus,W^GTACW,,B
,,Thermus aquaticus Ma2 3-1,A. Janulaitis,GCSG^C,,B
,XmaIII,Thermus aquaticus Ma2 3-1,A. Janulaitis,CGGCCG,,
,,Thermobispora bispora,DSM 43833,?,,
,TaqI,Thermus brockianus JK51,R.A.D. Williams,TCGA,,
,MboII,Thermococcus celer,W. Zillig,GAAGA,,
,DpnI,Treponema denticola ATCC 35405,ATCC 35405,GATC,,
,Ksp632I,Treponema denticola ATCC 35405,ATCC 35405,CTCTTC,"1(4),-5(6)",
,AsuI,Treponema denticola ATCC 35405,ATCC 35405,GGNCC,5(4),
,Tth111I,Tolypothrix elabens,M.M. Wijdenbosch,GACN^NNGTC,,
,,Thermosynechococcus elongatus BP-1,T. Kaneko,?,?(6),
,,Thiobacillus ferrooxidans AP19-3,K. Inagaki,?,,
,,Thermus filiformis,NEB 570,G^AWTC,2(6),N
,TaqI,Thermus filiformis Ork2A3,R.A.D. Williams,TCGA,,
,TaqI,Thermus filiformis Tok 6A1,F. Barany,TCGA,,
,TaqI,Thermus flavus AT62,T. Oshima,TCGA,,
,SacII,Thermopolyspora glauca,ATCC 15345,CCGCGG,,
,FnuDII,Thermoplasma acidophilum DSM 1728,ATCC 25905,CG^CG,1(4),
,Cdu23823II,Thermococcus kodakaraensis KOD1,ATCC BAA-918T,GTGAAG(20/18),5(6),
,,Thermococcus kodakaraensis KOD1,ATCC BAA-918T,TTCAAG(10/8),5(6),
,XhoI,Thermococcus litoralis,DSM 5473,C^TCGAG,5(6),
,FnuDII,Thermotoga maritima,K.O. Stetter,CGCG,?(4),
,,Tatlockia micdadei,A. Brown,?,,
,CauII,Tuberoidobacter mutans RFL1,A. Janulaitis,CCSGG,,
,TseI,Thermoproteus neutrophilus V24Sta,T. Lowe,GCWGC,?(5),
,FnuDII,Thermotoga neapolitana,DSM 4359,CG^CG,?(4),
,,Thiobacillus novellus,IFO 12443,?,,
,MboI,Treponema pallidum Nichols,L.V. Stamm,GATC,2(6),
,,Trueperella pyogenes TP2,W. Dong,ACCAAG,5(6),
,MboI,Treponema species kT,P. Pristas,GATC,2(6),
,Tth111I,Treponema species kT,P. Pristas,GACNNNGTC,,
,NdeI,Treponema species kT,P. Pristas,CATATG,,
,MboI,Treponema species S,P. Pristas,GATC,2(6),
,DrdI,Treponema species S,P. Pristas,GACNNNNNNGTC,,
,MboI,Treponema species T,P. Pristas,GATC,2(6),
,AflII,Treponema species T,P. Pristas,CTTAAG,,
,AvaII,Thermus ruber strain 21,BKM B-1258,GGWCC,,
,MboI,Thermus ruber strain 21,BKM B-1258,GATC,,
,MseI,Thermus ruber RFL1,A. Janulaitis,T^TAA,,B
,MseI,Thermus ruber 9,S.K. Degtyarev,T^TAA,,IV
,AvaII,Thermus ruber,ITI 28,GGWCC,,
,XhoII,Thermus ruber 201,S.K. Degtyarev,R^GATCY,,
,MaeII,Thermus species 491A,R.A.D. Williams,ACGT^,,
,TspRI,Thermus scotoductus RFL5,Fermentas G321,CASTGNN^,,B
,,Thermus scotoductus,P. Sharma,?,,
,TaqI,Thermus scotoductus Vi4a,R.A.D. Williams,TCGA,,
,,Thermus species 93170,D. Clark,G^CWGC,2(5),N
,SduI,Thermus species 93159,D. Clark,GDGCHC,,
,TseI,Thermus species Azores9539P,D. Clark,GCWGC,,
,TspEI,Thermus species Azores9563A,D. Clark,AATT,,
,Cfr10I,Thermus species Azores 9561E,D. Clark,RCCGGY,,
,Tsp45I,Thermus species F35,S.K. Degtyarev,^GTSAC,,I
,,Thermus scotoductus,Fermentas G272,TARCCA(11/9),?(6),
,Tth111I,Thermus species Chen,Z. Chen,GACNNNGTC,,
,BsrI,Thermus species strain 1,V.E. Repin,ACTGG(1/-1),,
,TaqI,Thermus strain 32,R.A.D. Williams,T^CGA,,
,TaqI,Thermus strain 32,R.A.D. Williams,T^CGA,,
,,Thermus species strain YS45,R.J. Sharp,^GTSAC,4(6),N
,MaeII,Thermus species,R.A.D. Williams,ACGT^,,
,HaeIII,Thermus species,ITI 132,GGCC,,
,MboI,Thermus species,ITI 133,GATC,,
,BglI,Thermus species,ITI 219,GCCNNNNNGGC,,
,HaeIII,Thermus species,ITI 266,GGCC,,
,EcoRV,Thermus species,ITI 273,GATATC,,
,HaeIII,Thermus species,ITI 273,GGCC,,
,HaeIII,Thermus species,ITI 281,GGCC,,
,AvaII,Thermus species,ITI 301,GGWCC,,
,TaqI,Thermus species,ITI 358,TCGA,,
,XmaIII,Thermus species,ITI 340,CGGCCG,,
,TaqI,Thermus species,ITI 53,TCGA,,
,BspMII,Thermus species,ITI 203,TCCGGA,,
,TspEI,Thermus species,PRI 346,^AATT,2(6),
,TaqI,Thermus species,ITI 70,TCGA,,
,BspMII,Thermus species,ITI 355,TCCGGA,,
,HaeIII,Thermus species,ITI 51,GGCC,,
,EcoRII,Thermophilic species,Z. Chen,CCWGG,,
,,Thioalkalivibrio sp. ARh3,G. Muyzer,GRACGAC,6(6),
,DsaI,Thermophilic species,X.S. Pan,C^CRYGG,,
,,Thermus species 4C,R.A.D. Williams,ACN^GT,,
,,Thermus species DT,P.M. Skowron,ATGAA(11/9),,QX
,,Thermus species strain 1E,R.A.D. Williams,^AATT,,
,BglI,Thermus species 8E,R.A.D. Williams,GCCNNNN^NGGC,,
,,Thermus species GW,EURx 202,ACGGA(11/9),?(6),QX
,PstI,Thermus species GW,EURx 202,CTGCAG,,
,MaeII,Thermus species IDS,R.A.D. Williams,ACGT,,
,SmaI,Thermophilic strain M,P. Sharma,C^CCGGG,?(5),N
,TaqI,Thermus species ATCC 31674,ATCC 31674,TCGA,,
,,Thermus species strain R,N.D.H. Raven,CASTGNN^,1(5),N
,MaeII,Thermus species WAM8A,R.A.D. Williams,ACGT,,
,HaeIII,Thermus species strain 2AZN,N.D.H. Raven,GGCC,,
,,Thermus scotoductus RFL3,Fermentas G301,GAGNNNCTC,,
,,Thermus scotoductus RFL1,A. Janulaitis,(8/13)CACNNNNNNTCC(12/7),"2(6),-3(6)",
,,Thermus scotoductus RFL2,A. Janulaitis,GCGAC,,
,Tth111I,Thermus thermophilus strain 110,T. Oshima,GACNNNGTC,,
,HaeIII,Tolypothrix tenuis,ATCC 27914,GGCC,,
,TaqI,Thermus thermophilus GK24,R.A.D. Williams,TCGA,,
,,Thermus thermophilus strain 111,T. Oshima,GACN^NNGTC,2(6),INQVX
,,Thermus thermophilus strain 111,T. Oshima,CAARCA(11/9),?(6),
,,Tetrahymena thermophila B-1868-VII,S. Hattman,?,?(6),
,TaqI,Thermus thermophilus HB8,T. Oshima,T^CGA,4(6),
,Tth111II,Thermus thermophilus HB27,T. Hoshino,CAARCA(11/9),?(6),
,TaqI,Thermus thermophilus RQ1,R.A.D. Williams,TCGA,,
,MaeII,Thermus thermophilus Ce4-1,A. Janulaitis,ACGT,,
,BsePI,Thermus thermophilus Ce4-1,A. Janulaitis,GCGCGC,,
,HaeIII,Tolypothrix tenuis,W. Siegelman,GGCC,,
,SacII,Thiobacillus thiooxidans ON106,K. Inagaki,CCGCGG,,
,Tth111I,Thermus thermophilus strain 23,T. Oshima,GACNNNGTC,,
,,Thiobacillus versutus,IFO 14567,?,,
,HaeIII,Thermoactinomyces vulgaris strain 2H,H. Mankai,GG^CC,3(5),
,MboI,Unidentified bacterium RFL4,A. Janulaitis,GATC,,
,MluI,Unidentified bacterium RFL6,A. Janulaitis,ACGCGT,,
,HaeIII,Unidentified bacterium RFL9,A. Janulaitis,GGCC,,
,EcoRII,Unidentified bacterium RFL11,A. Janulaitis,CCWGG,,
,EcoRII,Unidentified bacterium RFL13,A. Janulaitis,CCWGG,,
,ScrFI,Unidentified bacterium RFL17,A. Janulaitis,CCNGG,,
,BamHI,Unidentified bacterium RFL19,A. Janulaitis,GGATCC,,
,EcoRII,Unidentified bacterium RFL20,A. Janulaitis,CCWGG,,
,ClaI,Unidentified bacterium RFL22,A. Janulaitis,ATCGAT,,
,ClaI,Unidentified bacterium RFL24,A. Janulaitis,ATCGAT,,
,ClaI,Unidentified bacterium RFL30,A. Janulaitis,ATCGAT,,
,BamHI,Unidentified bacterium RFL31,A. Janulaitis,GGATCC,,
,ClaI,Unidentified bacterium RFL34,A. Janulaitis,ATCGAT,,
,CfrI,Unidentified bacterium RFL36,A. Janulaitis,YGGCCR,,
,BamHI,Unidentified bacterium RFL38,A. Janulaitis,GGATCC,,
,HgiJII,Unidentified bacterium RFL39,A. Janulaitis,GRGCYC,,
,StuI,Unidentified bacterium RFL40,A. Janulaitis,AGGCCT,,
,CauII,Unidentified bacterium RFL41,A. Janulaitis,CCSGG,,
,CauII,Unidentified bacterium RFL42,A. Janulaitis,CCSGG,,
,ClaI,Unidentified bacterium RFL43,A. Janulaitis,ATCGAT,,
,PstI,Unidentified bacterium RFL46,A. Janulaitis,CTGCAG,,
,AvaII,Unidentified bacterium RFL48,A. Janulaitis,GGWCC,,
,BamHI,Unidentified bacterium RFL51,A. Janulaitis,GGATCC,,
,HaeIII,Unidentified bacterium RFL54,A. Janulaitis,GGCC,,
,HgiJII,Unidentified bacterium RFL57,A. Janulaitis,GRGCYC,,
,EcoRI,Unidentified bacterium RFL58,A. Janulaitis,GAATTC,,
,MboI,Unidentified bacterium RFL59,A. Janulaitis,GATC,,
,HaeIII,Unidentified bacterium RFL61,A. Janulaitis,GGCC,,
,AvaII,Unidentified bacterium RFL62,A. Janulaitis,GGWCC,,
,Eco31I,Unidentified bacterium RFL65,A. Janulaitis,GGTCTC,,
,SacII,Unidentified bacterium RFL66,A. Janulaitis,CCGCGG,,
,BsePI,Unidentified bacterium RFL69,A. Janulaitis,GCGCGC,,
,PstI,Unidentified bacterium RFL71,A. Janulaitis,CTGCAG,,
,PstI,Unidentified bacterium RFL72,A. Janulaitis,CTGCAG,,
,KpnI,Unidentified bacterium RFL76,A. Janulaitis,GGTACC,,
,SacII,Unidentified bacterium RFL77,A. Janulaitis,CCGCGG,,
,EcoRII,Unidentified bacterium RFL81,A. Janulaitis,CCWGG,,
,EcoRII,Unidentified bacterium RFL82,A. Janulaitis,CCWGG,,
,HindIII,Unidentified bacterium RFL83,A. Janulaitis,AAGCTT,,
,Eco31I,Unidentified bacterium RFL84,A. Janulaitis,GGTCTC,,
,KpnI,Unidentified bacterium RFL85,A. Janulaitis,GGTACC,,
,KpnI,Unidentified bacterium RFL86,A. Janulaitis,GGTACC,,
,KpnI,Unidentified bacterium RFL87,A. Janulaitis,GGTACC,,
,BamHI,Unidentified bacterium RFL88,A. Janulaitis,GGATCC,,
,SalI,Unidentified bacterium RFL89,A. Janulaitis,GTCGAC,,
,SacII,Unidentified bacterium RFL90,A. Janulaitis,CCGCGG,,
,SacII,Unidentified bacterium RFL1093,A. Janulaitis,CCGCGG,,
,ScaI,Unidentified bacterium RFL1094,A. Janulaitis,AGTACT,,
,SacII,Unidentified bacterium RFL1095,A. Janulaitis,CCGCGG,,
,ClaI,Unidentified bacterium RFL1096,A. Janulaitis,ATCGAT,,
,HaeIII,Unidentified bacterium RFL1097,A. Janulaitis,GGCC,,
,BamHI,Unidentified bacterium RFL1098,A. Janulaitis,GGATCC,,
,AsuI,Unidentified bacterium RFL1099,A. Janulaitis,GGNCC,,
,ClaI,Unidentified bacterium RFL1100,A. Janulaitis,ATCGAT,,
,MboI,Unidentified bacterium RFL1101,A. Janulaitis,GATC,,
,SacII,Unidentified bacterium RFL1111,A. Janulaitis,CCGCGG,,
,PstI,Unidentified bacterium RFL1112,A. Janulaitis,CTGCAG,,
,SacII,Unidentified bacterium RFL1113,A. Janulaitis,CCGCGG,,
,EcoRII,Unidentified bacterium RFL1114,A. Janulaitis,CCWGG,,
,PstI,Unidentified bacterium RFL1115,A. Janulaitis,CTGCAG,,
,PstI,Unidentified bacterium RFL1116,A. Janulaitis,CTGCAG,,
,NruI,Unidentified bacterium RFL1117,A. Janulaitis,TCGCGA,,
,EcoRII,Unidentified bacterium RFL1118,A. Janulaitis,CCWGG,,
,PstI,Unidentified bacterium RFL1119,A. Janulaitis,CTGCAG,,
,EcoRII,Unidentified bacterium RFL1120,A. Janulaitis,CCWGG,,
,EcoRII,Unidentified bacterium RFL1121,A. Janulaitis,CCWGG,,
,NaeI,Unidentified bacterium RFL1122,A. Janulaitis,GCCGGC,,
,PstI,Unidentified bacterium RFL1123,A. Janulaitis,CTGCAG,,
,HgiJII,Unidentified bacterium RFL1124,A. Janulaitis,GRGCYC,,
,EcoRII,Unidentified bacterium RFL1125,A. Janulaitis,CCWGG,,
,SacII,Unidentified bacterium RFL1126,A. Janulaitis,CCGCGG,,
,HgiCI,Unidentified bacterium RFL1127,A. Janulaitis,GGYRCC,,
,HpaII,Unidentified bacterium RFL1128,A. Janulaitis,CCGG,,
,PvuI,Unidentified bacterium RFL1129,A. Janulaitis,CGATCG,,
,XhoI,Unidentified bacterium RFL1130,A. Janulaitis,CTCGAG,,
,AvaII,Unidentified bacterium RFL1131,A. Janulaitis,GGWCC,,
,ClaI,Unidentified bacterium RFL1133,A. Janulaitis,ATCGAT,,
,AsuI,Unidentified bacterium RFL1134,A. Janulaitis,GGNCC,,
,BspMII,Unidentified bacterium RFL1136,A. Janulaitis,TCCGGA,,
,ClaI,Unidentified bacterium RFL1137,A. Janulaitis,ATCGAT,,
,ClaI,Unidentified bacterium RFL1138,A. Janulaitis,ATCGAT,,
,PvuI,Unidentified bacterium RFL1139,A. Janulaitis,CGATCG,,
,HaeIII,Unidentified bacterium RFL1140,A. Janulaitis,GGCC,,
,HpaII,Unidentified bacterium RFL1141,A. Janulaitis,CCGG,,
,HgiJII,Unidentified bacterium RFL1142,A. Janulaitis,GRGCYC,,
,ClaI,Unidentified bacterium RFL1144,A. Janulaitis,ATCGAT,,
,ClaI,Unidentified bacterium RFL1145,A. Janulaitis,ATCGAT,,
,HaeIII,Unidentified bacterium RFL1146,A. Janulaitis,GGCC,,
,HaeIII,Unidentified bacterium RFL1147,A. Janulaitis,GGCC,,
,XhoI,Unidentified bacterium RFL1148,A. Janulaitis,CTCGAG,,
,PstI,Unidentified bacterium RFL1149,A. Janulaitis,CTGCAG,,
,HaeIII,Unidentified bacterium RFL1150,A. Janulaitis,GGCC,,
,HaeIII,Unidentified bacterium RFL1152,A. Janulaitis,GGCC,,
,HaeIII,Unidentified bacterium RFL1153,A. Janulaitis,GGCC,,
,XhoI,Unidentified bacterium RFL1154,A. Janulaitis,CTCGAG,,
,HaeIII,Unidentified bacterium RFL1155,A. Janulaitis,GGCC,,
,ApaI,Unidentified bacterium RFL1156,A. Janulaitis,GGGCCC,,
,ApaI,Unidentified bacterium RFL1157,A. Janulaitis,GGGCCC,,
,ScaI,Unidentified bacterium RFL1158,A. Janulaitis,AGTACT,,
,HgiJII,Unidentified bacterium RFL1159,A. Janulaitis,GRGCYC,,
,AsuI,Unidentified bacterium RFL1160,A. Janulaitis,GGNCC,,
,ClaI,Unidentified bacterium RFL1161,A. Janulaitis,ATCGAT,,
,SphI,Unidentified bacterium RFL1162,A. Janulaitis,GCATGC,,
,BamHI,Unidentified bacterium RFL1163,A. Janulaitis,GGATCC,,
,AsuI,Unidentified bacterium RFL1164,A. Janulaitis,GGNCC,,
,HindIII,Unidentified bacterium RFL1164,A. Janulaitis,AAGCTT,,
,ApaI,Unidentified bacterium RFL1165,A. Janulaitis,GGGCCC,,
,XhoI,Unidentified bacterium RFL1166,A. Janulaitis,CTCGAG,,
,BamHI,Unidentified bacterium RFL1167,A. Janulaitis,GGATCC,,
,ClaI,Unidentified bacterium RFL1168,A. Janulaitis,ATCGAT,,
,HaeIII,Unidentified bacterium RFL1169,A. Janulaitis,GGCC,,
,StuI,Unidentified bacterium RFL1170,A. Janulaitis,AGGCCT,,
,EcoRII,Unidentified bacterium RFL1171,A. Janulaitis,CCWGG,,
,BamHI,Unidentified bacterium RFL1172,A. Janulaitis,GGATCC,,
,BamHI,Unidentified bacterium RFL1173,A. Janulaitis,GGATCC,,
,HaeIII,Unidentified bacterium RFL1174,A. Janulaitis,GGCC,,
,HaeIII,Unidentified bacterium RFL1175,A. Janulaitis,GGCC,,
,HaeIII,Unidentified bacterium RFL1176,A. Janulaitis,GGCC,,
,MboI,Unidentified bacterium RFL1177,A. Janulaitis,GATC,,
,HaeIII,Unidentified bacterium RFL1178,A. Janulaitis,GGCC,,
,HaeIII,Unidentified bacterium RFL1179,A. Janulaitis,GGCC,,
,StuI,Unidentified bacterium RFL1180,A. Janulaitis,AGGCCT,,
,EcoRII,Unidentified bacterium RFL1181,A. Janulaitis,CCWGG,,
,MboI,Unidentified bacterium RFL1182,A. Janulaitis,GATC,,
,MboI,Unidentified bacterium RFL1183,A. Janulaitis,GATC,,
,PstI,Unidentified bacterium RFL1184,A. Janulaitis,CTGCAG,,
,SauI,Unidentified bacterium RFL1184,A. Janulaitis,CCTNAGG,,
,EcoRII,Unidentified bacterium RFL1185,A. Janulaitis,CCWGG,,
,PstI,Unidentified bacterium RFL1186,A. Janulaitis,CTGCAG,,
,SacII,Unidentified bacterium RFL1187,A. Janulaitis,CCGCGG,,
,CfrI,Unidentified bacterium RFL1188,A. Janulaitis,YGGCCR,,
,EcoRII,Unidentified bacterium RFL1189,A. Janulaitis,CCWGG,,
,Eam1105I,Unidentified bacterium RFL1190,A. Janulaitis,GACNNNNNGTC,,
,Eam1105I,Unidentified bacterium RFL1191,A. Janulaitis,GACNNNNNGTC,,
,Ksp632I,Unidentified bacterium RFL1192,A. Janulaitis,CTCTTC,,
,EcoRII,Unidentified bacterium RFL1193,A. Janulaitis,CCWGG,,
,ClaI,Unidentified bacterium RFL1195,A. Janulaitis,ATCGAT,,
,ClaI,Unidentified bacterium RFL1196,A. Janulaitis,ATCGAT,,
,ClaI,Unidentified bacterium RFL1197,A. Janulaitis,ATCGAT,,
,ClaI,Unidentified bacterium RFL1198,A. Janulaitis,ATCGAT,,
,ClaI,Unidentified bacterium RFL1199,A. Janulaitis,ATCGAT,,
,ClaI,Unidentified bacterium RFL1200,A. Janulaitis,ATCGAT,,
,KpnI,Unidentified bacterium RFL1201,A. Janulaitis,GGTACC,,
,ApaI,Unidentified bacterium RFL1202,A. Janulaitis,GGGCCC,,
,ApaLI,Unidentified bacterium RFL1203,A. Janulaitis,GTGCAC,,
,MboI,Unidentified bacterium RFL1204,A. Janulaitis,GATC,,
,BamHI,Unidentified bacterium RFL1205,A. Janulaitis,GGATCC,,
,AvaI,Unidentified bacterium RFL1205,A. Janulaitis,CYCGRG,,
,HgiJII,Unidentified bacterium RFL1206,A. Janulaitis,GRGCYC,,
,HaeIII,Unidentified bacterium RFL1207,A. Janulaitis,GGCC,,
,HaeIII,Unidentified bacterium RFL1208,A. Janulaitis,GGCC,,
,HaeIII,Unidentified bacterium RFL1209,A. Janulaitis,GGCC,,
,HaeIII,Unidentified bacterium RFL1210,A. Janulaitis,GGCC,,
,PstI,Unidentified bacterium RFL1211,A. Janulaitis,CTGCAG,,
,PstI,Unidentified bacterium RFL1212,A. Janulaitis,CTGCAG,,
,PstI,Unidentified bacterium RFL1213,A. Janulaitis,CTGCAG,,
,HaeIII,Unidentified bacterium RFL1214,A. Janulaitis,GGCC,,
,PstI,Unidentified bacterium RFL1215,A. Janulaitis,CTGCAG,,
,PstI,Unidentified bacterium RFL1216,A. Janulaitis,CTGCAG,,
,StuI,Unidentified bacterium RFL1217,A. Janulaitis,AGGCCT,,
,EcoRII,Unidentified bacterium RFL1218,A. Janulaitis,CCWGG,,
,HindIII,Unidentified bacterium RFL1219,A. Janulaitis,AAGCTT,,
,SmaI,Unidentified bacterium RFL1220,A. Janulaitis,CCCGGG,,
,EspI,Unidentified bacterium RFL1221,A. Janulaitis,GCTNAGC,,
,EspI,Unidentified bacterium RFL1222,A. Janulaitis,GCTNAGC,,
,HaeIII,Unidentified bacterium RFL1223,A. Janulaitis,GGCC,,
,BamHI,Unidentified bacterium RFL1224,A. Janulaitis,GGATCC,,
,PstI,Unidentified bacterium RFL1225,A. Janulaitis,CTGCAG,,
,SphI,Unidentified bacterium RFL1226,A. Janulaitis,GCATGC,,
,PvuII,Unidentified bacterium RFL1227,A. Janulaitis,CAGCTG,,
,HaeIII,Unidentified bacterium RFL1228,A. Janulaitis,GGCC,,
,SacII,Unidentified bacterium RFL1229,A. Janulaitis,CCGCGG,,
,HaeIII,Unidentified bacterium RFL1230,A. Janulaitis,GGCC,,
,HaeIII,Unidentified bacterium RFL1231,A. Janulaitis,GGCC,,
,PstI,Unidentified bacterium RFL1232,A. Janulaitis,CTGCAG,,
,ClaI,Unidentified bacterium RFL1233,A. Janulaitis,ATCGAT,,
,SacII,Unidentified bacterium RFL1234,A. Janulaitis,CCGCGG,,
,HaeIII,Unidentified bacterium RFL1235,A. Janulaitis,GGCC,,
,XhoI,Unidentified bacterium RFL1237,A. Janulaitis,CTCGAG,,
,ClaI,Unidentified bacterium RFL1238,A. Janulaitis,ATCGAT,,
,StuI,Unidentified bacterium RFL1239,A. Janulaitis,AGGCCT,,
,SnaBI,Unidentified bacterium RFL1240,A. Janulaitis,TACGTA,,
,ApaI,Unidentified bacterium RFL1241,A. Janulaitis,GGGCCC,,
,BamHI,Unidentified bacterium RFL1242,A. Janulaitis,GGATCC,,
,EcoRII,Unidentified bacterium RFL1243,A. Janulaitis,CCWGG,,
,SacII,Unidentified bacterium RFL1244,A. Janulaitis,CCGCGG,,
,PvuII,Unidentified bacterium RFL1245,A. Janulaitis,CAGCTG,,
,ClaI,Unidentified bacterium RFL1246,A. Janulaitis,ATCGAT,,
,XhoI,Unidentified bacterium RFL1248,A. Janulaitis,CTCGAG,,
,AvaII,Unidentified bacterium RFL1249,A. Janulaitis,GGWCC,,
,BamHI,Unidentified bacterium RFL1250,A. Janulaitis,GGATCC,,
,PstI,Unidentified bacterium RFL1256,A. Janulaitis,CTGCAG,,
,ClaI,Unidentified bacterium RFL1257,A. Janulaitis,ATCGAT,,
,BamHI,Unidentified bacterium RFL1258,A. Janulaitis,GGATCC,,
,MboI,Unidentified bacterium RFL1259,A. Janulaitis,GATC,,
,PstI,Unidentified bacterium RFL1262,A. Janulaitis,CTGCAG,,
,HgiJII,Unidentified bacterium RFL1263,A. Janulaitis,GRGCYC,,
,HgiJII,Unidentified bacterium RFL1264,A. Janulaitis,GRGCYC,,
,AflII,Unidentified bacterium RFL1266,A. Janulaitis,CTTAAG,,
,HpaII,Unidentified bacterium RFL1267,A. Janulaitis,CCGG,,
,XhoI,Unidentified bacterium RFL1271,A. Janulaitis,CTCGAG,,
,AvaII,Unidentified bacterium RFL1272,A. Janulaitis,GGWCC,,
,ClaI,Unidentified bacterium RFL1275,A. Janulaitis,ATCGAT,,
,Ksp632I,Unidentified bacterium RFL1276,A. Janulaitis,CTCTTC,,
,AvaII,Unidentified bacterium RFL1278,A. Janulaitis,GGWCC,,
,BspMII,Unidentified bacterium RFL1279,A. Janulaitis,TCCGGA,,
,CauII,Unidentified bacterium RFL1280,A. Janulaitis,CCSGG,,
,BclI,Unidentified bacterium RFL1282,A. Janulaitis,TGATCA,,
,BclI,Unidentified bacterium RFL1283,A. Janulaitis,TGATCA,,
,EspI,Unidentified bacterium RFL1284,A. Janulaitis,GCTNAGC,,
,ClaI,Unidentified bacterium RFL1286,A. Janulaitis,ATCGAT,,
,PstI,Unidentified bacterium RFL1287,A. Janulaitis,CTGCAG,,
,HaeIII,Unidentified bacterium RFL1288,A. Janulaitis,GGCC,,
,EcoNI,Unidentified bacterium RFL1289,A. Janulaitis,CCTNNNNNAGG,,
,EcoNI,Unidentified bacterium RFL1290,A. Janulaitis,CCTNNNNNAGG,,
,BstEII,Unidentified bacterium RFL1291,A. Janulaitis,GGTNACC,,
,HaeIII,Unidentified bacterium RFL1292,A. Janulaitis,GGCC,,
,HaeIII,Unidentified bacterium RFL1293,A. Janulaitis,GGCC,,
,SauI,Unidentified bacterium RFL1294,A. Janulaitis,CCTNAGG,,
,PstI,Unidentified bacterium RFL1294,A. Janulaitis,CTGCAG,,
,ClaI,Unidentified bacterium RFL1295,A. Janulaitis,ATCGAT,,
,PstI,Unidentified bacterium RFL1296,A. Janulaitis,CTGCAG,,
,BamHI,Unidentified bacterium RFL1297,A. Janulaitis,GGATCC,,
,XhoI,Unidentified bacterium RFL1298,A. Janulaitis,CTCGAG,,
,AflII,Unidentified bacterium RFL1299,A. Janulaitis,CTTAAG,,
,BamHI,Unidentified bacterium RFL1302,A. Janulaitis,GGATCC,,
,McrI,Unidentified bacterium RFL1303,A. Janulaitis,CGRYCG,,
,AvaII,Unidentified bacterium RFL1304,A. Janulaitis,GGWCC,,
,NlaIV,Unidentified bacterium RFL1305,A. Janulaitis,GGNNCC,,
,SacII,Unidentified bacterium RFL1306,A. Janulaitis,CCGCGG,,
,HgiJII,Unidentified bacterium RFL1307,A. Janulaitis,GRGCYC,,
,EcoNI,Unidentified bacterium RFL1308,A. Janulaitis,CCTNNNNNAGG,,
,EcoNI,Unidentified bacterium RFL1309,A. Janulaitis,CCTNNNNNAGG,,
,EcoNI,Unidentified bacterium RFL1310,A. Janulaitis,CCTNNNNNAGG,,
,StyI,Unidentified bacterium RFL1311,A. Janulaitis,CCWWGG,,
,AflII,Unidentified bacterium RFL1312,A. Janulaitis,CTTAAG,,
,AflII,Unidentified bacterium RFL1313,A. Janulaitis,CTTAAG,,
,AvaII,Unidentified bacterium RFL1314,A. Janulaitis,GGWCC,,
,ClaI,Unidentified bacterium RFL1315,A. Janulaitis,ATCGAT,,
,Eco31I,Unidentified bacterium RFL1316,A. Janulaitis,GGTCTC,,
,MboI,Unidentified bacterium RFL1317,A. Janulaitis,GATC,,
,CauII,Unidentified bacterium RFL1318,A. Janulaitis,CCSGG,,
,HaeIII,Unidentified bacterium RFL1319,A. Janulaitis,GGCC,,
,EspI,Unidentified bacterium RFL1320,A. Janulaitis,GCTNAGC,,
,FnuDII,Unidentified bacterium RFL1321,A. Janulaitis,CGCG,,
,HaeIII,Unidentified bacterium RFL1322,A. Janulaitis,GGCC,,
,MboI,Unidentified bacterium RFL1323,A. Janulaitis,GATC,,
,BamHI,Unidentified bacterium RFL1324,A. Janulaitis,GGATCC,,
,BamHI,Unidentified bacterium RFL1325,A. Janulaitis,GGATCC,,
,DraII,Unidentified bacterium RFL1326,A. Janulaitis,RGGNCCY,,
,CfrI,Unidentified bacterium RFL1327,A. Janulaitis,YGGCCR,,
,PstI,Unidentified bacterium RFL1328,A. Janulaitis,CTGCAG,,
,HgiJII,Unidentified bacterium RFL1329,A. Janulaitis,GRGCYC,,
,HgiJII,Unidentified bacterium RFL1330,A. Janulaitis,GRGCYC,,
,AflII,Unidentified bacterium RFL1331,A. Janulaitis,CTTAAG,,
,SauI,Unidentified bacterium RFL1332,A. Janulaitis,CCTNAGG,,
,SauI,Unidentified bacterium RFL1333,A. Janulaitis,CCTNAGG,,
,BamHI,Unidentified bacterium RFL1334,A. Janulaitis,GGATCC,,
,XhoI,Unidentified bacterium RFL1335,A. Janulaitis,CTCGAG,,
,HaeIII,Unidentified bacterium RFL1336,A. Janulaitis,GGCC,,
,PstI,Unidentified bacterium RFL1337,A. Janulaitis,CTGCAG,,
,HpaII,Unidentified bacterium RFL1338,A. Janulaitis,CCGG,,
,BamHI,Unidentified bacterium RFL1339,A. Janulaitis,GGATCC,,
,ClaI,Unidentified bacterium RFL1342,A. Janulaitis,ATCGAT,,
,Eco31I,Unidentified bacterium RFL1343,A. Janulaitis,GGTCTC,,
,BamHI,Unidentified bacterium RFL1346,A. Janulaitis,GGATCC,,
,CauII,Unidentified bacterium RFL1347,A. Janulaitis,CCSGG,,
,AvaIII,Unidentified bacterium RFL1353,A. Janulaitis,ATGCAT,,
,HpaII,Unidentified bacterium RFL1355,A. Janulaitis,CCGG,,
,HgiJII,Unidentified bacterium RFL1357,A. Janulaitis,GRGCYC,,
,SduI,Unidentified bacterium RFL1362,A. Janulaitis,GDGCHC,,
,HgiJII,Unidentified bacterium RFL1363,A. Janulaitis,GRGCYC,,
,SacII,Unidentified bacterium RFL1364,A. Janulaitis,CCGCGG,,
,MboI,Unidentified bacterium RFL1366,A. Janulaitis,GATC,,
,ClaI,Unidentified bacterium RFL1366,A. Janulaitis,ATCGAT,,
,AvaIII,Unidentified bacterium RFL1367,A. Janulaitis,ATGCAT,,
,ApaI,Unidentified bacterium RFL1368,A. Janulaitis,GGGCCC,,
,SacII,Unidentified bacterium RFL1369,A. Janulaitis,CCGCGG,,
,CauII,Unidentified bacterium RFL1370,A. Janulaitis,CCSGG,,
,StuI,Unidentified bacterium RFL1371,A. Janulaitis,AGGCCT,,
,CauII,Unidentified bacterium RFL1372,A. Janulaitis,CCSGG,,
,AvaII,Unidentified bacterium RFL1373,A. Janulaitis,GGWCC,,
,AflII,Unidentified bacterium RFL1374,A. Janulaitis,CTTAAG,,
,BspMII,Unidentified bacterium RFL1375,A. Janulaitis,TCCGGA,,
,CauII,Unidentified bacterium RFL1376,A. Janulaitis,CCSGG,,
,HaeIII,Unidentified bacterium RFL1377,A. Janulaitis,GGCC,,
,CauII,Unidentified bacterium RFL1378,A. Janulaitis,CCSGG,,
,ClaI,Unidentified bacterium RFL1379,A. Janulaitis,ATCGAT,,
,ClaI,Unidentified bacterium RFL1380,A. Janulaitis,ATCGAT,,
,AcyI,Unidentified bacterium RFL1381,A. Janulaitis,GRCGYC,,
,BsmI,Unidentified bacterium RFL1382,A. Janulaitis,GAATGC,,
,BamHI,Unidentified bacterium RFL1383,A. Janulaitis,GGATCC,,
,AvaIII,Unidentified bacterium RFL1384,A. Janulaitis,ATGCAT,,
,AsuII,Unidentified bacterium RFL1385,A. Janulaitis,TTCGAA,,
,NruI,Unidentified bacterium RFL1386,A. Janulaitis,TCGCGA,,
,ApaLI,Unidentified bacterium RFL1387,A. Janulaitis,GTGCAC,,
,HaeIII,Unidentified bacterium RFL1388,A. Janulaitis,GGCC,,
,CauII,Unidentified bacterium RFL1389,A. Janulaitis,CCSGG,,
,ScrFI,Unidentified bacterium RFL1391,A. Janulaitis,CCNGG,,
,HaeIII,Unidentified bacterium RFL1392,A. Janulaitis,GGCC,,
,SmaI,Unidentified bacterium RFL1393,A. Janulaitis,CCCGGG,,
,ClaI,Unidentified bacterium RFL1394,A. Janulaitis,ATCGAT,,
,HaeIII,Unidentified bacterium RFL1395,A. Janulaitis,GGCC,,
,XhoI,Unidentified bacterium RFL1397,A. Janulaitis,CTCGAG,,
,BamHI,Unidentified bacterium RFL1398,A. Janulaitis,GGATCC,,
,PstI,Unidentified bacterium RFL1399,A. Janulaitis,CTGCAG,,
,EcoRV,Unidentified bacterium RFL1400,A. Janulaitis,GATATC,,
,CauII,Unidentified bacterium RFL1401,A. Janulaitis,CCSGG,,
,BamHI,Unidentified bacterium RFL1402,A. Janulaitis,GGATCC,,
,StuI,Unidentified bacterium RFL1403,A. Janulaitis,AGGCCT,,
,FnuDII,Unidentified bacterium RFL1404,A. Janulaitis,CGCG,,
,FnuDII,Unidentified bacterium RFL1405,A. Janulaitis,CGCG,,
,HaeIII,Unidentified bacterium RFL1408,A. Janulaitis,GGCC,,
,HpaI,Unidentified bacterium RFL1408,A. Janulaitis,GTTAAC,,
,HgiJII,Unidentified bacterium RFL1409,A. Janulaitis,GRGCYC,,
,EcoRII,Unidentified bacterium RFL1410,A. Janulaitis,CCWGG,,
,PstI,Unidentified bacterium RFL1411,A. Janulaitis,CTGCAG,,
,ClaI,Unidentified bacterium RFL1412,A. Janulaitis,ATCGAT,,
,AvaII,Unidentified bacterium RFL1413,A. Janulaitis,GGWCC,,
,BamHI,Unidentified bacterium RFL1414,A. Janulaitis,GGATCC,,
,BsmI,Unidentified bacterium RFL1415,A. Janulaitis,GAATGC,,
,ClaI,Unidentified bacterium RFL1416,A. Janulaitis,ATCGAT,,
,PstI,Unidentified bacterium RFL1417,A. Janulaitis,CTGCAG,,
,HaeIII,Unidentified bacterium RFL1418,A. Janulaitis,GGCC,,
,StuI,Unidentified bacterium RFL1419,A. Janulaitis,AGGCCT,,
,AflII,Unidentified bacterium RFL1420,A. Janulaitis,CTTAAG,,
,HgiJII,Unidentified bacterium RFL1421,A. Janulaitis,GRGCYC,,
,HaeIII,Unidentified bacterium RFL1422,A. Janulaitis,GGCC,,
,CauII,Unidentified bacterium RFL1423,A. Janulaitis,CCSGG,,
,CauII,Unidentified bacterium RFL1424,A. Janulaitis,CCSGG,,
,BspMII,Unidentified bacterium RFL1425,A. Janulaitis,TCCGGA,,
,AflII,Unidentified bacterium RFL1426,A. Janulaitis,CTTAAG,,
,ClaI,Unidentified bacterium RFL1427,A. Janulaitis,ATCGAT,,
,EcoRII,Unidentified bacterium RFL1428,A. Janulaitis,CCWGG,,
,HaeIII,Unidentified bacterium RFL1429,A. Janulaitis,GGCC,,
,ClaI,Unidentified bacterium RFL1430,A. Janulaitis,ATCGAT,,
,BclI,Unidentified bacterium RFL1431,A. Janulaitis,TGATCA,,
,XhoII,Unidentified bacterium RFL1432,A. Janulaitis,RGATCY,,
,AluI,Unidentified bacterium RFL1433,A. Janulaitis,AGCT,,
,HindIII,Unidentified bacterium RFL1435,A. Janulaitis,AAGCTT,,
,AvaI,Unidentified bacterium RFL1436,A. Janulaitis,CYCGRG,,
,GsuI,Unidentified bacterium RFL1437,A. Janulaitis,CTGGAG,,
,AvaII,Unidentified bacterium RFL1438,A. Janulaitis,GGWCC,,
,HpaII,Unidentified bacterium RFL1439,A. Janulaitis,CCGG,,
,AvaI,Unidentified bacterium RFL1440,A. Janulaitis,CYCGRG,,
,AluI,Unidentified bacterium RFL1441,A. Janulaitis,AGCT,,
,SecI,Unidentified bacterium RFL1442,A. Janulaitis,CCNNGG,,
,AflII,Unidentified bacterium RFL1443,A. Janulaitis,CTTAAG,,
,GsuI,Unidentified bacterium RFL1444,A. Janulaitis,CTGGAG,,
,NlaIV,Unidentified bacterium RFL1445,A. Janulaitis,GGNNCC,,
,FnuDII,Unidentified bacterium RFL1446,A. Janulaitis,CGCG,,
,BclI,Unidentified bacterium RFL1447,A. Janulaitis,TGATCA,,
,XhoI,Unidentified bacterium RFL1448,A. Janulaitis,CTCGAG,,
,HaeIII,Unidentified bacterium RFL1449,A. Janulaitis,GGCC,,
,HaeIII,Unidentified bacterium RFL1450,A. Janulaitis,GGCC,,
,ClaI,Unidentified bacterium RFL1451,A. Janulaitis,ATCGAT,,
,AsuII,Unidentified bacterium RFL1452,A. Janulaitis,TTCGAA,,
,ClaI,Unidentified bacterium RFL1453,A. Janulaitis,ATCGAT,,
,BamHI,Unidentified bacterium A,N.N. Sokolov,G^GATCC,,
,PvuII,Unidentified bacterium 153A,N.N. Sokolov,CAG^CTG,,
,,Unidentified bacterium F9,Fermentas G305,TACNNNNNRTGT,,
,,Unidentified bacterium F11,Fermentas G327,TCGTA,,
,,Unidentified bacterium F12,Fermentas G333,CTACNNNGTC,,
,,Unidentified bacterium F13,Fermentas G334,GAGNNNNNNCTGG,,
,,Unidentified bacterium F14,Fermentas G336,CCANNNNNTCG,,
,SacII,Unidentified bacterium HKA,P.C. Shaw,CCGCGG,,
,PstI,Unidentified bacterium HKB,P.C. Shaw,CTGCAG,,
,EcoRII,Uncultured bacterium LA,M. Laime,CC^WGG,,
,PvuII,Unidentified bacterium M39,N.N. Sokolov,CAG^CTG,,
,MboI,"Unidentified bacterium OQ3-07, Nicaragua",J. Huete-Perez,GATC,,
,HaeIII,"Unidentified bacterium OQ3-03, Nicaragua",J. Huete-Perez,GGCC,,
,BamHI,"Unidentified bacterium DCF-05, Nicaragua",J. Huete-Perez,GGATCC,,
,EcoRV,"Unidentified bacterium T1-03, Nicaragua",J. Huete-Perez,GATATC,,
,MaeI,"Unidentified bacterium CN8-01, Nicaragua",J. Huete-Perez,CTAG,,
,BsaBI,"Unidentified bacterium CN12-05, Nicaragua",J. Huete-Perez,GATNNNNATC,,
,AvaI,"Unidentified bacterium CN12-05, Nicaragua",J. Huete-Perez,CYCGRG,,
,Ksp632I,"Unidentified bacterium TOT-01, Nicaragua",J. Huete-Perez,CTCTTC,,
,HaeIII,"Unidentified bacterium TOT-02, Nicaragua",J. Huete-Perez,GGCC,,
,AclI,"Unidentified bacterium M4-HSJ, Nicaragua",J. Huete-Perez,AACGTT,,
,BetI,"Unidentified bacterium M4-1ATM, Nicaragua",J. Huete-Perez,WCCGGW,,
,CauII,"Unidentified bacterium M16-02HSJ, Nicaragua",J. Huete-Perez,CCSGG,,
,EcoRII,"Unidentified bacterium M16-02HSJ, Nicaragua",J. Huete-Perez,CCWGG,,
,BsiI,"Unidentified bacterium 1ATMS-4, Nicaragua",J. Huete-Perez,CACGAG,,
,HpaII,"Unidentified bacterium 1ATMS-3, Nicaragua",J. Huete-Perez,CCGG,,
,BamHI,"Unidentified bacterium YucI, Nicaragua",J. Huete-Perez,GGATCC,,
,AvaII,"Unidentified bacterium JH-WS2-2, Nicaragua",J. Huete-Perez,GGWCC,,
,EcoRII,"Unidentified bacterium HSJ-15-1-G, Nicaragua",J. Huete-Perez,CCWGG,,
,HindIII,"Unidentified bacterium HSJ-16-1-G, San Jacinto, Nicaragua",J. Huete-Perez,AAGCTT,,
,ClaI,"Unidentified bacterium CN-9-1.1, Cerro Negro, Nicaragua",J. Huete-Perez,ATCGAT,,
,XbaI,"Unidentified bacterium M16-CN-O2, Cerro Negro, Nicaragua",J. Huete-Perez,TCTAGA,,
,BsaBI,"Unidentified bacterium M001-10-C, Cerro Negro, Nicaragua",J. Huete-Perez,GATNNNNATC,,
,EcoRV,"Unidentified bacterium M2.2, Teotecacinte, Nicaragua",J. Huete-Perez,GATATC,,
,ClaI,"Unidentified bacterium M3.2, Jalapa, Nicaragua",J. Huete-Perez,ATCGAT,,
,,Unidentified bacteria BPr-325,V. Butkus,CGAACG,,
,SacI,Unknown contaminant,M. Shikara,(7/5)GAGCTC(5/7),,
,AvaI,Unidentified bacterium 5T,V.E. Repin,CYCGRG,,
,BclI,Unidentified bacterium 7T,V.E. Repin,TGATCA,,
,AsuI,Unidentified bacterium strain #8,P.P. Stepien,^GGNCC,,
,NlaIII,Ureaplasma parvum serovar 3 OMC-P162,H. Wu,CA^TG,1(5),
,HaeIII,Unidentified bacterium,FZ 549,GGCC,,
,AvaII,Unidentified bacterium,FZ 554,GGWCC,,
,HaeIII,Unidentified bacterium,FZ 555,GGCC,,
,HaeIII,Unidentified bacterium,FZ 557,GGCC,,
,Fnu4HI,Ureaplasma urealyticum 960,ATCC 27618,GC^NGC,,
,MboI,Vibrio alginolyticus FDAARGOS_114,M. Hoffmann,GATC,2(6),
,MboI,Vibrio alginolyticus NCTC12160,S. Doyle,GATC,2(6),
,MboI,Vibrio alginolyticus ATCC 33868,ATCC 33868,GATC,2(6),
,MboI,Vibrio alginolyticus J207,M. Hoffmann,GATC,2(6),
,,Vibrio alginolyticus V86,M. Balado,?,?(6),
,BglI,Vibrio anguillarum,P. Wood,GCCNNNNNGGC,,
,PflMI,Vibrio anguillarum RFL91,A. Janulaitis,CCANNNN^NTGG,,BV
,EcoRI,Vibrio anguillarum RFL91,A. Janulaitis,GAATTC,,
,HaeIII,Vibrio anguillarum RFL91,A. Janulaitis,GGCC,,
,,Vibrio anguillarum RFL91,A. Janulaitis,?,,
,Van9116I,Vibrio anguillarum 425,X. Wang,CCKAAG,5(6),
,,Vibrio anguillarum 87-9-116,K.O. Holm,CCKAAG,5(6),
,MboI,Vibrio anguillarum CNEVA NB11008,K.O. Holm,GATC,2(6),
,MboI,Vibrio anguillarum NCTC12159,S. Doyle,GATC,2(6),
,MboI,Vibrio anguillarum ATCC-68554,K.O. Holm,GATC,2(6),
,,Vibrio anguillarum FF-93,M. Polz,?,,
,,Vibrio anguillarum FF-93,M. Polz,?,,
,,Vibrio anguillarum FF-93,M. Polz,?,,
,MboI,Vibrio anguillarum S3 4/9,K.O. Holm,GATC,2(6),
,BisI,Viridibacillus arenosi FSL R5-213,A.I. Moreno Switt,GCNGC,,
,M.Pmi159I,Veillonella atypica NCTC11830,S. Doyle,CAGAAC,5(6),
,MboI,Vibrio cholerae 2740-80,V.S. Cooper,GATC,2(6),
,,Vibrio cholerae E4,K. Huguet,RTAAAYG,5(6),
,MboI,Vibrio cholerae E7946,A. Camilli,GATC,2(6),
,EcoRI,Vibrio cholerae CY100,C. Yamada,GAATTC,,
,EcoRI,Vibrio cholerae NCTC4711,T. Shimada,GAATTC,,
,,Vibrio cholerae 7007-62,K. Mise,?,,
,,Vibrio cholerae 14438-62,K. Mise,?,,
,SnaI,Vibrio cholerae 14821-62,T. Shimada,GTATAC,,
,StuI,Vibrio cholerae 112-73,T. Shimada,AGGCCT,,
,ScaI,Vibrio cholerae 1154-74,T. Shimada,AGTACT,,
,,Vibrio cholerae 207-73,K. Mise,?,,
,,Vibrio cholerae 195-75,K. Mise,?,,
,AsuI,Vibrio cholerae 993-75,T. Shimada,GGNCC,,
,SphI,Vibrio cholerae 293-78,T. Shimada,GCATGC,,
,NruI,Vibrio cholerae 1111-77,T. Shimada,TCGCGA,,
,AsuI,Vibrio cholerae 1903-83,T. Shimada,GGNCC,,
,PstI,Vibrio cholerae 973-81,T. Shimada,CTGCAG,,
,AsuI,Vibrio cholerae 1457-78,T. Shimada,GGNCC,,
,MboI,Vibrio cholerae,M.J. Mahan,GATC,2(6),
,MboI,Vibrio cincinnatiensis NCTC12012,S. Doyle,GATC,2(6),
,MboI,Vibrio coralliilyticus SNUTY-1,J.H. Kim,GATC,2(6),
,MboI,Vibrio coralliilyticus 58,J.H. Kim,GATC,2(6),
,MboI,Vibrio coralliilyticus RE98,G.P. Richards,GATC,2(6),
,,Vibrio diabolicus FDAARGOS_96,M. Hoffmann,GNCYTAG,6(6),
,MboI,Vibrio diabolicus FDAARGOS_96,M. Hoffmann,GATC,2(6),
,MboI,Vibrio diabolicus LMG 3418,M. Hoffmann,GATC,2(6),
,AflII,Vibrio fischerii 1246,V.E. Repin,CTTAAG,,
,MboI,Vibrio fluvialis AK 1296-A2-1,M. Hoffmann,GATC,2(6),
,MboI,Vibrio fluvialis ATCC 33809,H. Sichtig,GATC,2(6),
,MboI,Vibrio furnissii NCTC13120,S. Doyle,GATC,2(6),
,S.MfuSI,Vibrio gazogenes ATCC 43942,ATCC 43942,CCANNNNNCTC,"3(6),-2(6)",
,MboI,Vibrio gazogenes ATCC 43942,ATCC 43942,GATC,2(6),
,HaeIII,Vibrio harveyi,ATCC 14126,GGCC,,
,MboI,Vibrio harveyi 44,V.E. Repin,GATC,,
,AflII,Vibrio harveyi 464,S.K. Degtyarev,C^TTAAG,,V
,HaeIII,Vibrio harveyi 1168,V.E. Repin,GGCC,,
,AhyRBAHI,Vibrio harveyi,ATCC 43516,GCYYGAC,6(6),
,,Vibrio harveyi ATCC 33843,Z. Wang,?,4(5),
,MboI,Vibrio harveyi NCTC11318,S. Doyle,GATC,2(6),
,MboI,Vibrio metschnikovii NCTC8443,S. Doyle,GATC,2(6),
,MboI,Vibrio metschnikovii NCTC8563,S. Doyle,GATC,2(6),
,MboI,Vibrio mediterranei 117-T6,Q. Liu,GATC,2(6),
,MboI,Vibrio natriegens CCUG 16373,M.T. Weinstock,GATC,2(6),
,MboI,Vibrio natriegens CCUG 16374,M.T. Weinstock,GATC,2(6),
,MboI,Vibrio navarrensis,ATCC 51183,GATC,2(6),
,ApaLI,Vibrio nereis 18,S.K. Degtyarev,G^TGCAC,,IV
,DraII,Vibrio nereis,P. Wood,RGGNCCY,,
,HaeIII,Vibrio nigripulchritudo,P. Wood,GGCC,,
,MboI,Vibrio parahaemolyticus BTXS2,C. Gao,GATC,2(6),
,MboI,Vibrio parahaemolyticus FDAARGOS_52,N. Gonzalez-Escalona,GATC,2(6),
,MboI,Vibrio parahaemolyticus FDAARGOS_53,N. Gonzalez-Escalona,GATC,2(6),
,MboI,Vibrio parahaemolyticus FDAARGOS_191,M. Hoffmann,GATC,2(6),
,MboI,Vibrio parahaemolyticus O1:K33 CDC_K4557,J. Jones,GATC,2(6),
,MboI,Vibrio parahaemolyticus NCTC10903,S. Doyle,GATC,2(6),
,MboI,Vibrio parahaemolyticus,ATCC 17802,GATC,2(6),
,AvaII,Vibrio parahaemolyticus 1307,T. Shimada,GGWCC,,
,AsuI,Vibrio parahaemolyticus Takikawa 13,T. Shimada,GGNCC,,
,AsuI,Vibrio parahaemolyticus 3010-61,T. Shimada,GGNCC,,
,SapI,Vibrio parahaemolyticus 4387-61,T. Shimada,GCTCTTC(1/4),,
,Eco31I,Vibrio parahaemolyticus T4144-1,T. Shimada,GGTCTC,,
,AvaII,Vibrio parahaemolyticus AQ3206,T. Shimada,GGWCC,,
,PmaCI,Vibrio parahaemolyticus Nakatsugawa,K. Mise,CACGTG,,
,PstI,Vibrio parahaemolyticus TVP1622,K. Mise,CTGCAG,,
,AvaII,Vibrio parahaemolyticus TVP1740,K. Mise,GGWCC,,
,,Vibrio parahaemolyticus TVP1764,K. Mise,?,,
,AsuI,Vibrio parahaemolyticus Gunji,K. Mise,GGNCC,,
,AvaII,Vibrio parahaemolyticus 1743,S. Matsushita,^GGWCC,,
,,Vibrio parahaemolyticus TVP1717,K. Mise,?,,
,AvaII,Vibrio parahaemolyticus 4762,K. Mise,GGWCC,,
,AsuI,Vibrio parahaemolyticus Hasegawa,K. Mise,GGNCC,,
,PstI,Vibrio parahaemolyticus TVP1706,K. Mise,CTGCAG,,
,,Vibrio parahaemolyticus TVP1614,K. Mise,?,,
,,Vibrio parahaemolyticus TVP1656,K. Mise,?,,
,,Vibrio parahaemolyticus TVP1744,K. Mise,?,,
,Eco31I,Vibrio parahaemolyticus 4038,K. Mise,GGTCTC,,
,PmaCI,Vibrio parahaemolyticus 4750,K. Mise,CACGTG,,
,PstI,Vibrio parahaemolyticus TVP1673,K. Mise,CTGCAG,,
,AvaII,Vibrio parahaemolyticus 1743-1,S. Matsushita,G^GWCC,,
,,Vibrio parahaemolyticus TVP1751,K. Mise,?,,
,AsuI,Vibrio parahaemolyticus Matsuoka,K. Mise,GGNCC,,
,AvaII,Vibrio parahaemolyticus TVP1728,K. Mise,GGWCC,,
,AvaII,Vibrio parahaemolyticus TVP1681,K. Mise,GGWCC,,
,AsuI,Vibrio parahaemolyticus TVP1659,K. Mise,GGNCC,,
,AsuI,Vibrio parahaemolyticus TVP1760,K. Mise,GGNCC,,
,,Vibrio parahaemolyticus TVP1615,K. Mise,?,,
,,Vibrio parahaemolyticus TVP1735,K. Mise,?,,
,Ksp632I,Vibrio parahaemolyticus TVP1715,K. Mise,CTCTTC,,
,Ksp632I,Vibrio parahaemolyticus TVP1731,K. Mise,CTCTTC,,
,PstI,Vibrio parahaemolyticus TVP1691,K. Mise,CTGCAG,,
,Eco31I,Vibrio parahaemolyticus TVP1756,K. Mise,GGTCTC,,
,AsuI,Vibrio parahaemolyticus TVP1742,K. Mise,GGNCC,,
,Ksp632I,Vibrio parahaemolyticus O5,S. Matsushita,CTCTTC,,
,MboI,Vibrio parahaemolyticus SC4,S.D. Hwang,GATC,2(6),
,MboI,Vibrio parahaemolyticus 10329S,N. Gonzalez-Escalona,GATC,2(6),
,MboI,Vibrio parahaemolyticus SK,S.D. Hwang,GATC,2(6),
,,Vibrio parahaemolyticus SK,S.D. Hwang,CGTCAG,5(6),
,MboI,Vibrio parahaemolyticus SM4,S.D. Hwang,GATC,2(6),
,MboI,Vibrio parahaemolyticus WC15,S.D. Hwang,GATC,2(6),
,MboI,Vibrio parahaemolyticus WS,S.D. Hwang,GATC,2(6),
,MboI,Vibrio parahaemolyticus WY3,S.D. Hwang,GATC,2(6),
,VpaSKIII,Vibrio parahaemolyticus WY3,S.D. Hwang,CGTCAG,5(6),
,MboI,Vibrio parahaemolyticus NCTC10884,S. Doyle,GATC,2(6),
,,Vibrio sinaloensis AD048,T.G.S. Adrian,?,,
,,Vibrio species 343,S.K. Degtyarev,AT^TAAT,5(6),BIV
,,Vibrio splendidus V69,M. Balado,?,?(6),
,HgiCI,Vibrio species 2246,V.E. Repin,GGYRCC,,
,MboI,Vibrio splendidus BST398,Y.U. Kim,GATC,2(6),
,MboI,Vibrio species ZWAL4003,J. Wu,GATC,2(6),
,MboI,Vibrio species HBUAS61001,Z. Zhang,GATC,2(6),
,,Vibrio tubiashii,ATCC 19109,CACRAYC,5(6),
,MboI,Vibrio tubiashii,ATCC 19109,GATC,2(6),
,,Vibrio vulnificus FORC_009,J.-H. Lee,?,,
,MboI,Vibrio vulnificus CMCP6,J.W. Conrad,GATC,2(6),
,MboI,Vibrio vulnificus CMCP6,J.H. Rhee,GATC,?(6),
,MboI,Vibrio vulnificus NCTC11066,S. Doyle,GATC,2(6),
,MboI,Vibrio vulnificus NCTC11067,S. Doyle,GATC,2(6),
,MboI,Vibrio vulnificus NCTC13647,S. Doyle,GATC,2(6),
,MboI,Vibrio vulnificus ATL 6-1306,K.E. Phillips,GATC,2(6),
,RdeGBI,Vibrio vulnificus Env1,P. Noorian,CCGCAG,5(6),
,MboI,Vibrio vulnificus Env1,P. Noorian,GATC,2(6),
,,Weeksella virosa,DSM 16922,CACRAG(21/19),?(6),
,WviI,Weeksella virosa NCTC11634,P. Informatics,CACRAG,5(6),
,EcoNI,Xanthobacter agilis Vs 18-132,A. Janulaitis,CCTNN^NNNAGG,,BV
,SalI,Xanthomonas amaranthicola,ATCC 11645,GTCGAC,,
,ApoI,Xanthomonas ampelina Slo51-021,V. Butkus,R^AATTY,,BV
,,Xanthomonas badrii,ATCC 11672,T^CTAGA,6(6),BCIJMNQRSVX
,SnaI,Xanthomonas campestris,NEB 420,GTA^TAC,,
,,Xanthomonas campestris pv. vesicatoria 85-10,H.J. Seong,TACGAG,5(6),
,NspI,Xanthomonas campestris Ast 40-024,V. Butkus,RCATG^Y,,BV
,SalI,Xanthomonas citrii,IFO 3835,G^TCGAC,,
,,Xanthomonas campestris,NEB 497,CCANNNNN^NNNNTGG,3(6),N
,PstI,Xanthomonas campestris 723,S.K. Degtyarev,CTGCA^G,,
,SmaI,Xanthomonas cyanopsidis 13D5,C.I. Kado,C^CCGGG,2(4),
,PvuI,Xanthomonas glycinae 3216,U. Mayr,CGATCG,,
,PvuI,Xanthomonas glycinae 3217,U. Mayr,CGATCG,,
,PvuI,Xanthomonas glycinae 3218,U. Mayr,CGATCG,,
,PvuI,Xanthomonas glycinae 3219,U. Mayr,CGATCG,,
,PvuI,Xanthomonas glycinae 3220,U. Mayr,CGATCG,,
,,Xanthomonas holcicola,ATCC 13461,C^TCGAG,5(6),BJNQRVX
,,Xanthomonas holcicola,ATCC 13461,R^GATCY,5(4),V
,,Xenopus laevis,S. Tajima,?,?(5),
,SmaI,Xanthomonas malvacearum,ATCC 9924,C^CCGGG,2(4),INV
,,Xanthomonas malvacearum,ATCC 9924,C^GGCCG,?(5),
,SmaI,Xanthomonas malvacearum strain C,M.M. Wijdenbosch,C^CCGGG,,V
,AvrII,Xanthomonas maltophilia Jo 85-025,V. Butkus,C^CTAGG,,BV
,,Xiphophorus maculatus x X. helleri,J. Altschmied,?,?(5),
,AccI,Xanthomonas maltophilia Jo21-021,V. Butkus,GT^MKAC,,BV
,PvuI,Xanthomonas maltophilia,NEB 517,CGATCG,,
,PvuI,Xanthomonas maltophilia,NEB 529,CGATCG,,
,,Xanthomonas manihotis 7AS1,ATCC 49764,GAANN^NNTTC,2(6),NV
,PvuI,Xanthomonas nigromaculans,ATCC 23390,CGATCG,,
,PstI,Xanthomonas oryzae,M. Ehrlich,CTGCAG,,
,PvuI,Xanthomonas oryzae,M. Ehrlich,CGAT^CG,?(5),
,PvuI,Xanthomonas oryzae pv. oryzae KACC10331,B.M. Lee,CGATCG,?(5),
,PstI,Xanthomonas oryzae pv. oryzae KACC10331,B.M. Lee,CTGCAG,,
,XhoI,Xanthomonas papavericola,ATCC 14180,C^TCGAG,,
,PstI,Xanthomonas phaseoli,Z.F. Bunina,CTGCAG,,
,MaeI,Xanthomonas species YK1,Y.M. Kim,C^TAG,,
,CcrNAIII,Xanthobacter species 91,L. Chistoserdova,CGACCAG,6(6),
,PstI,Xanthomonas campestris pv. vesicatoria,Y.-J. Yu,CTGCAG,,
,MboI,Yersinia aldovae 670-83,ATCC 35237,GATC,2(6),
,PstI,Yersinia enterocolitica 08 A2635,H. Watanabe,CTGCA^G,,
,PstI,Yersinia enterocolitica O8 WA,T. Maruyama,CTGCAG,,
,PstI,Yersinia enterocolitica 08 Bi1212,T. Maruyama,CTGCAG,,
,PstI,Yersinia enterocolitica 08 Bi3995,T. Maruyama,CTGCAG,,
,PstI,Yersinia enterocolitica 08 Bi9534,T. Maruyama,CTGCAG,,
,MboI,Yersinia enterocolitica 2516-87,K.W. Davenport,GATC,2(6),
,MboI,Yersinia enterocolitica subsp. enterocolitica NCTC13629,P. Informatics,GATC,2(6),
,MboI,Yersinia enterocolitica subsp. palearctica NCTC13769,P. Informatics,GATC,2(6),
,PstI,Yersinia enterocolitica 08 85-775,T. Maruyama,CTGCAG,,
,MboI,Yersinia intermedia NCTC11469,P. Informatics,GATC,2(6),
,PvuRts1I,Yersinia kristensenii,ATCC 33638,C(10/9),,
,MboI,Yersinia pestis CO92,J. Parkhill,GATC,2(6),
,MboI,Yersinia pestis PBM19,C.D. Gleasner,GATC,2(6),
,MboI,Yersinia pestis Nicholisk 41,K.A. Bishop-Lilly,GATC,2(6),
,MboI,Yersinia pestis NCTC144,S. Doyle,GATC,2(6),
,MboI,Yersinia pestis NCTC5923,S. Doyle,GATC,2(6),
,MboI,Yersinia pestis Dodson,S.L. Johnson,GATC,2(6),
,MboI,Yersinia pestis El Dorado,H.E. Daligault,GATC,2(6),
,MboI,Yersinia pestis Java9,K.A. Bishop-Lilly,GATC,2(6),
,MboI,Yersinia pestis Nairobi,H.E. Daligault,GATC,2(6),
,MboI,Yersinia pestis Pestoides G,S.L. Johnson,GATC,2(6),
,MboI,Yersinia pestis Shasta,K.A. Bishop-Lilly,GATC,2(6),
,,Yersinia pseudotuberculosis PA3606,K.A. Bishop-Lilly,CGGAAG,5(6),
,MboI,Yersinia pseudotuberculosis IP32953,F.W. Larimer,GATC,?(6),
,MboI,Yersinia pseudotuberculosis FDAARGOS_342,R. Duncan,GATC,2(6),
,MboI,Yersinia pseudotuberculosis FDAARGOS_416,T. Minogue,GATC,2(6),
,MboI,Yersinia pseudotuberculosis NCTC1101,S. Doyle,GATC,2(6),
,MboI,Yersinia pseudotuberculosis PA3606,K.A. Bishop-Lilly,GATC,2(6),
,MboI,Yersinia pseudotuberculosis NCTC8580,S. Doyle,GATC,2(6),
,MboI,Yersinia pseudotuberculosis EP2/+,K.A. Bishop-Lilly,GATC,2(6),
,MboI,Yersinia rohdei YRA,S.L. Johnson,GATC,2(6),
,Yru12986I,Yersinia ruckeri NCTC10476,S. Doyle,AGGAAG,5(6),
,,Yersinia ruckeri NCTC12986,S. Doyle,AGGAAG,5(6),
,EcoRII,Zymomonas anaerobia,O.J. Yoo,CC^WGG,,
,ClaI,Zymomonas holcicola,M.M. Wijdenbosch,AT^CGAT,,
,,Zea mays,R.L. Phillips,?,?(5),
,,Zea mays,R.L. Phillips,?,?(5),
,,Zea mays,R.L. Phillips,?,?(5),
,,Zea mays,R.L. Phillips,?,?(5),
,HinfI,Zymomonas mobilis subsp. mobilis ZM4,ATCC 31821,GANTC,2(6),
,HinfI,Zymomonas mobilis subsp. pomaceae ATCC 29192,ATCC 29192,GANTC,2(6),
,AatII,Zoogloea ramigera 11,NEB 1785,GAC^GTC,,INV
,ScaI,Zoogloea ramigera SCA,S.K. Degtyarev,AGT^ACT,,IV
,AvaIII,Zoogloea species 2,S.K. Degtyarev,ATGCA^T,,IV
